<?xml version="1.0"?>
<COLLADA xmlns="http://www.collada.org/2005/11/COLLADASchema" version="1.4.1">
  <asset>
    <contributor>
      <author>Assimp</author>
      <authoring_tool>Assimp Exporter</authoring_tool>
    </contributor>
    <created>2019-06-23T19:47:49</created>
    <modified>2019-06-23T19:47:49</modified>
    <unit name="meter" meter="0.01" />
    <up_axis>Y_UP</up_axis>
  </asset>
  <library_effects>
    <effect id="Skin_Hand_001-fx" name="Skin_Hand_001">
      <profile_COMMON>
        <technique sid="standard">
          <phong>
            <diffuse>
              <color sid="diffuse">0.5   0.5   0.5   1</color>
            </diffuse>
          </phong>
        </technique>
      </profile_COMMON>
    </effect>
  </library_effects>
  <library_materials>
    <material id="Skin_Hand_001" name="Skin_Hand_001">
      <instance_effect url="#Skin_Hand_001-fx"/>
    </material>
  </library_materials>
  <library_geometries>
    <geometry id="meshId0" name="meshId0_name" >
      <mesh>
        <source id="meshId0-positions" name="meshId0-positions">
          <float_array id="meshId0-positions-array" count="13848"> 0.0476256 0.984998 0.126529 0.0367016 0.988863 0.130757 0.0493727 0.995209 0.141558 0.0591731 0.987139 0.131936 0.0651486 0.974523 0.119751 0.0464996 0.974283 0.117097 0.0274359 0.975081 0.118059 0.0295143 0.991819 0.176248 0.015607 0.990505 0.167346 0.0162758 0.981893 0.177024 0.0332218 0.985282 0.183451 0.0388189 0.996992 0.173526 0.0253041 0.996607 0.159942 0.0485285 0.989503 0.18302 0.0811533 0.968655 0.181237 0.0792984 0.978402 0.173976 0.0669122 0.981326 0.184158 0.0724595 0.966745 0.190229 0.0811533 0.968655 0.181237 0.0724595 0.966745 0.190229 0.0787477 0.949457 0.189917 0.0876988 0.957483 0.176404 0.0876988 0.957483 0.176404 0.0887508 0.968637 0.163164 0.0144642 0.942596 0.190523 0.00717719 0.953277 0.184504 -0.00190256 0.938822 0.171748 0.0103938 0.927795 0.184752 0.0270224 0.942196 0.198034 0.0235671 0.958943 0.194135 0.0275708 0.921155 0.193783 -0.258624 0.892062 0.101336 -0.248335 0.898122 0.102028 -0.240879 0.887708 0.0892684 -0.257797 0.883101 0.0916878 -0.273749 0.877873 0.0974846 -0.268027 0.890384 0.108639 -0.257586 0.900972 0.114912 -0.229652 0.907413 0.139573 -0.220819 0.906918 0.131356 -0.231242 0.909865 0.124387 -0.239599 0.90785 0.137007 -0.244661 0.901705 0.148565 -0.229446 0.901399 0.146818 -0.215075 0.901682 0.141455 0.248127 0.887339 0.155782 0.244933 0.879784 0.144181 0.232744 0.877224 0.146821 0.241452 0.886986 0.161478 0.252987 0.894072 0.171962 0.259154 0.889504 0.160374 0.260692 0.878831 0.146623 0.237079 0.878406 0.197309 0.23961 0.886008 0.190835 0.230378 0.878152 0.179888 0.2298 0.869256 0.192263 0.243881 0.876512 0.206632 0.251791 0.889076 0.202741 0.235766 0.862241 0.205265 0.309016 0.878595 0.201791 0.302848 0.885866 0.19801 0.293697 0.882915 0.210292 0.305973 0.874021 0.210382 0.317586 0.862145 0.204327 0.317042 0.870714 0.192512 0.31013 0.879555 0.182653 -0.270432 0.874364 0.150603 -0.274159 0.883186 0.144648 -0.285728 0.870783 0.136454 -0.275312 0.862997 0.146514 -0.258985 0.875822 0.156273 -0.260455 0.88985 0.152481 -0.270432 0.874364 0.150603 -0.275312 0.862997 0.146514 -0.259812 0.859413 0.157345 -0.258985 0.875822 0.156273 -0.207144 0.866613 0.150469 -0.21639 0.864897 0.155842 -0.213001 0.847488 0.150924 -0.20149 0.855127 0.144452 -0.203448 0.875685 0.146397 -0.215988 0.879624 0.15477 -0.192291 0.864227 0.136062 0.294613 0.838661 0.224192 0.283839 0.842184 0.226239 0.280344 0.823819 0.219188 0.29601 0.824197 0.216614 0.303114 0.845553 0.221717 0.291435 0.856217 0.226531 0.30942 0.828624 0.21079 0.519226 0.661067 0.21112 0.519877 0.663557 0.202909 0.507487 0.665738 0.201623 0.510158 0.659844 0.211727 0.515875 0.652086 0.221528 0.525679 0.654232 0.21721 0.53073 0.656611 0.209005 0.484277 0.652625 0.175495 0.492543 0.656177 0.174947 0.487591 0.647844 0.160163 0.478439 0.644614 0.167003 0.484277 0.652625 0.175495 0.478439 0.644614 0.167003 0.475963 0.639651 0.179358 0.48383 0.652472 0.185802 0.494333 0.663126 0.189707 0.492543 0.656177 0.174947 0.543225 0.630942 0.184379 0.536886 0.638195 0.177579 0.540047 0.644104 0.190049 0.546453 0.630205 0.194979 0.544733 0.619569 0.178558 0.536569 0.626108 0.165861 0.550602 0.613323 0.192574 0.499692 0.631768 0.222428 0.494664 0.637724 0.216706 0.486558 0.623814 0.215121 0.496694 0.619743 0.222523 0.509218 0.634819 0.224378 0.50485 0.648817 0.219377 0.510005 0.618547 0.227132 -0.0835734 0.450058 -0.112691 -0.0954304 0.473126 -0.0977268 -0.0932032 0.467767 -0.0699279 -0.0836254 0.448443 -0.073751 -0.100732 0.453358 -0.139066 -0.107345 0.47681 -0.123216 -0.0693986 0.437898 -0.0740448 -0.0659135 0.441905 -0.108303 -0.0766407 0.429966 -0.152078 -0.0940293 0.432401 -0.167361 -0.0595255 0.427603 -0.146423 -0.0150067 0.436266 -0.158722 -0.0086453 0.469781 -0.136876 0.0130636 0.469549 -0.153074 0.00969808 0.443091 -0.168644 0.0120836 0.419465 -0.178226 -0.010986 0.407511 -0.171656 -0.030207 0.449273 -0.127152 -0.0253638 0.47602 -0.117072 -0.0359413 0.420186 -0.161568 -0.0435183 0.433732 -0.139205 -0.0326472 0.393566 -0.172535 0.121397 0.410706 -0.132127 0.117573 0.4384 -0.122626 0.129451 0.438608 -0.0954752 0.133418 0.418933 -0.0969905 0.0977494 0.419551 -0.160892 0.0969319 0.443833 -0.145522 0.144214 0.40504 -0.0927061 0.139993 0.392434 -0.124784 0.117803 0.388557 -0.163499 0.0968358 0.398445 -0.183648 0.137317 0.376731 -0.156146 0.188836 0.402383 -0.105416 0.201089 0.433215 -0.0979118 0.218128 0.432972 -0.10675 0.21208 0.405996 -0.115204 0.207279 0.377545 -0.143037 0.183623 0.373195 -0.146703 0.159873 0.372014 -0.152948 0.161439 0.388117 -0.116299 0.161585 0.403235 -0.0879129 0.180632 0.413227 -0.0832138 0.190152 0.433026 -0.0803268 -0.0825484 0.39868 -0.197614 -0.0886298 0.413503 -0.189155 -0.073645 0.412058 -0.174449 -0.0703618 0.393026 -0.190747 -0.092006 0.392754 -0.208654 -0.103068 0.410647 -0.205525 -0.0761682 0.380512 -0.205122 -0.051049 0.406088 -0.0507105 -0.0775239 0.416137 -0.0545277 -0.0916972 0.393493 -0.0379955 -0.0702514 0.379809 -0.0297128 -0.051049 0.406088 -0.0507105 -0.024967 0.427945 -0.0522781 -0.034279 0.446506 -0.0716422 -0.0523427 0.435089 -0.0728014 -0.0775239 0.416137 -0.0545277 -0.0476698 0.369124 -0.0191328 -0.029424 0.387469 -0.0322211 -0.00864223 0.412011 -0.0372591 -0.024967 0.427945 -0.0522781 0.0467668 0.395626 -0.0156348 0.0138161 0.402337 -0.0246426 -0.00434246 0.378649 -0.0170513 0.0202967 0.369755 -0.00176804 0.081936 0.409231 -0.0190302 0.0808487 0.435338 -0.0104337 0.0518582 0.42997 -0.00950402 0.0246651 0.431551 -0.0155216 0.0661909 0.373776 -0.00349203 0.0925239 0.387036 -0.0186016 0.0415681 0.359317 0.0109609 -0.529098 0.393035 0.0913883 -0.520845 0.389326 0.0805862 -0.531615 0.381971 0.0759108 -0.537965 0.388363 0.091258 -0.536986 0.394101 0.106336 -0.525004 0.398464 0.100843 -0.510817 0.396034 0.0907419 -0.472923 0.388981 0.122311 -0.477369 0.390786 0.109685 -0.492056 0.397712 0.119956 -0.482048 0.390262 0.132508 -0.466254 0.37792 0.141835 -0.458346 0.379955 0.124311 -0.458519 0.379902 0.104203 0.150381 0.37922 -0.0248164 0.127744 0.383165 -0.028889 0.109939 0.369271 -0.00964389 0.128081 0.35879 -0.00106114 0.172859 0.398637 -0.0241165 0.169426 0.410815 -0.0401539 0.154177 0.401299 -0.0434976 0.139322 0.404692 -0.0452262 0.146955 0.351169 0.00563522 0.166324 0.364559 -0.0085535 0.183033 0.387347 -0.0113495 0.12132 0.357948 -0.196193 0.106526 0.357021 -0.208957 0.100005 0.376806 -0.20031 0.118858 0.371075 -0.183567 0.135953 0.36115 -0.172252 0.133738 0.347575 -0.1908 0.119386 0.337386 -0.208321 -0.141857 0.36134 -0.010991 -0.156617 0.395305 -0.0209771 -0.186838 0.394004 -0.0267541 -0.183354 0.363565 -0.0208254 -0.186546 0.335421 -0.0125376 -0.150599 0.33033 0.00111764 -0.11344 0.378535 -0.02305 -0.131999 0.402866 -0.0272096 -0.120539 0.318801 0.00970394 -0.106448 0.340636 0.000696629 -0.0885404 0.360839 -0.0137124 -0.553558 0.350573 0.0825728 -0.548104 0.339288 0.0779296 -0.551804 0.335847 0.0931943 -0.556392 0.352549 0.0936031 -0.549877 0.360161 0.0782134 -0.54122 0.348295 0.0669921 -0.555153 0.36849 0.0926608 -0.54314 0.342409 0.141965 -0.540426 0.351193 0.147525 -0.549746 0.356635 0.135281 -0.549327 0.341591 0.132711 -0.541956 0.324705 0.134755 -0.536047 0.331062 0.147846 -0.52891 0.338842 0.158811 0.0879687 0.318983 -0.226219 0.0771535 0.351805 -0.220482 0.0403904 0.314198 -0.232209 0.0414888 0.345592 -0.224155 0.0744291 0.280678 -0.235641 0.0327282 0.279776 -0.235058 0.143586 0.3229 -0.199975 0.126931 0.302529 -0.216022 0.113645 0.273726 -0.226661 0.33309 0.33683 -0.0451393 0.322259 0.345407 -0.0679499 0.315503 0.376177 -0.0609319 0.318531 0.370371 -0.0392439 0.311656 0.368597 -0.0208529 0.320252 0.343032 -0.0185584 0.335441 0.329486 -0.00324276 0.356593 0.32772 -0.0391109 0.347771 0.310333 -0.0602486 0.330227 0.316954 -0.0780339 0.373305 0.312877 -0.0528486 0.335441 0.329486 -0.00324276 0.320252 0.343032 -0.0185584 0.301539 0.340684 -0.00187857 0.302292 0.319315 0.0120702 0.300891 0.294612 0.0373254 0.335204 0.311298 0.0252077 0.362358 0.339099 0.00302135 0.378396 0.334664 -0.0290994 0.358016 0.331523 0.0279628 0.362358 0.339099 0.00302135 -0.2008 0.316146 -0.200175 -0.166662 0.342865 -0.219462 -0.13871 0.324009 -0.23356 -0.166863 0.295327 -0.220584 -0.181306 0.264586 -0.20581 -0.211854 0.275418 -0.184118 -0.205461 0.356004 -0.188874 -0.178144 0.372433 -0.204444 -0.240219 0.313958 -0.168613 -0.232976 0.346237 -0.164514 -0.246409 0.280968 -0.160775 0.394482 0.288311 -0.0578016 0.413788 0.312253 -0.0461005 0.438804 0.298172 -0.0389987 0.42902 0.272528 -0.0505157 0.393865 0.324212 -0.044877 0.357888 0.285961 -0.0687799 0.394105 0.258346 -0.0679608 0.360959 0.261819 -0.0780178 0.422214 0.2458 -0.0584204 0.266114 0.298975 0.0386797 0.255385 0.280088 0.0471742 0.282097 0.271057 0.0497167 0.27282 0.317924 0.0216357 0.322704 0.277809 0.0498658 0.343784 0.296053 0.046241 0.305062 0.257421 0.0538477 -0.329619 0.136166 0.062407 -0.349875 0.152581 0.0673581 -0.347154 0.152355 0.0935908 -0.332349 0.133484 0.0935897 -0.329619 0.136166 0.062407 -0.354259 0.125595 0.0234165 -0.36908 0.145465 0.0374671 -0.349875 0.152581 0.0673581 -0.319128 0.125698 0.0308001 -0.343178 0.104512 -0.00334009 -0.317595 0.113627 0.0980072 -0.310108 0.121928 0.0742258 -0.310108 0.121928 0.0742258 -0.299876 0.125949 0.0530453 -0.201634 0.0848883 -0.184748 -0.189244 0.122828 -0.193129 -0.145276 0.125802 -0.206989 -0.147374 0.0929042 -0.206564 -0.142011 0.0591746 -0.201689 -0.183624 0.0485969 -0.176036 -0.218194 0.0287831 -0.154262 -0.236793 0.0539569 -0.159588 -0.256291 0.0713359 -0.147433 -0.235033 0.0998287 -0.163787 -0.221415 0.131912 -0.168199 -0.312322 0.125146 0.00569142 -0.326173 0.106344 -0.0235739 -0.318827 0.0773969 -0.0513239 -0.335491 0.0676099 -0.0326365 -0.363251 0.0890484 -0.00130641 -0.376251 0.112796 0.0123249 -0.357552 0.0545474 -0.025791 -0.0323854 -0.413983 0.158092 -0.0590915 -0.382895 0.149206 -0.0839102 -0.392887 0.13354 -0.0647054 -0.418902 0.139906 -0.0551178 -0.447457 0.134598 -0.0292739 -0.44744 0.15242 0.00115153 -0.377834 0.164592 -0.0232726 -0.357237 0.163802 0.01196 -0.426076 0.171025 0.0300556 -0.395397 0.169611 0.00499276 -0.4544 0.16264 0.244607 -0.921354 0.0845345 0.251818 -0.903472 0.0855621 0.241177 -0.90477 0.11271 0.234611 -0.927262 0.102285 0.244197 -0.928983 0.0666282 0.256879 -0.907286 0.0569427 0.227918 -0.94165 0.0833897 -0.0974654 -0.927433 0.174438 -0.102832 -0.9096 0.182201 -0.123462 -0.909865 0.160962 -0.108407 -0.932945 0.157419 -0.0863194 -0.94982 0.156288 -0.0798312 -0.936377 0.179542 -0.0784598 -0.915507 0.198119 0.0274888 -0.950757 -0.163433 0.0267688 -0.938929 -0.175786 0.0532449 -0.940442 -0.174575 0.0450658 -0.955256 -0.157439 0.0128919 -0.955369 -0.154783 0.000786417 -0.941048 -0.170987 0.0312073 -0.964882 -0.140251 -0.0191934 -0.993349 -0.0217361 -0.0372902 -0.988842 -0.0259312 -0.0280463 -0.987853 -0.0452586 -0.0074057 -0.993771 -0.0322385 0.00787716 -0.997246 -0.0143517 -0.0145826 -0.995206 -0.006364 -0.0393744 -0.990519 -0.00405963 -0.00868315 -0.996596 0.0150408 -0.0368792 -0.992141 0.0186726 -0.0657887 -0.984445 0.0187353 -0.0672628 -0.982824 -0.0069605 -0.0632879 -0.981563 -0.0321122 -0.0947325 -0.972719 -0.0116455 -0.0887857 -0.971194 -0.040247 -0.0757659 -0.970539 -0.066617 -0.052059 -0.980723 -0.0554522 -0.0592334 -0.969273 -0.0895484 -0.0366041 -0.979888 -0.0758012 -0.0137025 -0.987114 -0.0622751 -0.0198221 -0.977793 -0.0934993 0.00278593 -0.985547 -0.0779259 0.0247745 -0.991665 -0.0608331 0.00866111 -0.993445 -0.0466594 0.0446649 -0.996311 -0.0414672 0.0265303 -0.997506 -0.026828 0.0616726 -0.998 -0.0200077 0.0404594 -0.999108 -0.00503431 0.0173618 -0.998744 0.00712579 0.0513116 -1 0.0185694 0.0247503 -0.999426 0.0302902 -0.00330234 -0.996778 0.0381013 0.0318494 -0.99829 0.0551514 0.00315554 -0.99581 0.0633832 -0.02619 -0.990907 0.0685985 -0.0322388 -0.992316 0.0429534 -0.0557832 -0.983501 0.0716154 -0.0615734 -0.984674 0.0449164 -0.0856804 -0.973987 0.0729231 -0.0913943 -0.974876 0.0450502 -0.0949896 -0.974452 0.0170121 -0.120447 -0.961348 0.0440518 -0.122979 -0.960653 0.0130917 -0.121126 -0.959472 -0.0185733 -0.148831 -0.943957 0.00836003 -0.144929 -0.942904 -0.0263739 -0.135233 -0.942731 -0.0603261 -0.112783 -0.95862 -0.0498862 -0.119016 -0.940548 -0.090879 -0.0983164 -0.957381 -0.0789298 -0.100177 -0.937864 -0.117499 -0.0810597 -0.95578 -0.104037 -0.0788392 -0.934132 -0.140612 -0.0624439 -0.953461 -0.125774 -0.0418583 -0.966856 -0.109173 -0.0425529 -0.949408 -0.144139 -0.0241303 -0.963611 -0.12653 -0.00270387 -0.974967 -0.109755 0.0199388 -0.982564 -0.0937384 -0.00613305 -0.960296 -0.141814 0.0145404 -0.970609 -0.125051 0.0375076 -0.977764 -0.110481 0.0546934 -0.970542 -0.12846 0.0778388 -0.975105 -0.114121 0.0598942 -0.982968 -0.0947455 0.0420441 -0.988047 -0.077053 0.0813912 -0.986528 -0.0770493 0.0626734 -0.992099 -0.058411 0.101489 -0.988856 -0.0569822 0.081704 -0.99447 -0.037759 0.119215 -0.989729 -0.0341808 0.0977726 -0.995581 -0.0143232 0.0753054 -0.998763 0.00363848 0.111085 -0.995046 0.0110381 0.086336 -0.998369 0.0293037 0.0596395 -0.999036 0.0438715 0.0956119 -0.996015 0.0560022 0.0679522 -0.996804 0.0707383 0.0394118 -0.995803 0.0818166 0.0765141 -0.991454 0.0984918 0.047504 -0.990069 0.110009 0.0179272 -0.986856 0.117926 0.0103003 -0.992776 0.0900394 -0.0116941 -0.982317 0.1233 -0.0191569 -0.987648 0.0953976 -0.0410291 -0.976203 0.12658 -0.0487507 -0.980894 0.0986596 -0.0694444 -0.966616 0.128169 -0.0781323 -0.971561 0.100669 -0.0970015 -0.955607 0.129839 -0.106922 -0.959024 0.102525 -0.114988 -0.961024 0.0738062 -0.134053 -0.942723 0.104848 -0.142148 -0.944172 0.0744398 -0.147381 -0.944384 0.0421631 -0.162232 -0.919751 0.0738667 -0.167994 -0.921072 0.0395172 -0.168196 -0.920869 0.00336703 -0.178212 -0.892473 0.036203 -0.177614 -0.892504 -0.000773245 -0.170736 -0.891574 -0.0376635 -0.162189 -0.919671 -0.0331814 -0.15814 -0.890085 -0.0726118 -0.150835 -0.918592 -0.0681781 -0.139881 -0.887719 -0.103834 -0.134335 -0.916646 -0.099896 -0.117606 -0.884568 -0.130834 -0.11366 -0.91352 -0.127584 -0.0927793 -0.88085 -0.154191 -0.0898223 -0.909378 -0.150958 -0.0647598 -0.877022 -0.172741 -0.0629382 -0.904494 -0.169455 -0.0554119 -0.929342 -0.159398 -0.0344157 -0.900859 -0.184547 -0.0302606 -0.925132 -0.17516 -0.021581 -0.94505 -0.15931 -0.00281968 -0.921766 -0.18563 -0.00370874 -0.897758 -0.193803 0.0284251 -0.896694 -0.19828 0.0271041 -0.919831 -0.190288 0.061504 -0.89746 -0.198217 0.0581221 -0.921434 -0.189559 0.0942601 -0.899767 -0.192283 0.0895346 -0.924969 -0.183892 0.0811901 -0.945037 -0.167505 0.0696498 -0.959951 -0.148065 0.119528 -0.928222 -0.171558 0.108515 -0.948863 -0.15492 0.0945488 -0.963847 -0.134828 0.13522 -0.952525 -0.138638 0.118704 -0.967031 -0.118148 0.100411 -0.978394 -0.0972126 0.14122 -0.969118 -0.0981009 0.121564 -0.981191 -0.0773545 0.161618 -0.969785 -0.0750825 0.140788 -0.981949 -0.0548317 0.179339 -0.969627 -0.0498972 0.156976 -0.9812 -0.0297298 0.134126 -0.988997 -0.009055 0.17037 -0.979587 -0.0029096 0.146502 -0.987457 0.0178222 0.121753 -0.992581 0.0380227 0.156484 -0.98354 0.0457824 0.131136 -0.988287 0.0659918 0.10455 -0.99097 0.0839416 0.140725 -0.98158 0.0946309 0.11389 -0.983155 0.112467 0.0852486 -0.983411 0.127448 0.123845 -0.972879 0.141151 0.0940488 -0.972674 0.156213 0.0628948 -0.970764 0.168482 0.0554148 -0.981995 0.139001 0.0316742 -0.966455 0.176934 0.0252285 -0.978429 0.147198 0.00128508 -0.961408 0.182083 -0.0045787 -0.973833 0.152427 -0.0279053 -0.955383 0.18468 -0.0334412 -0.967662 0.15511 -0.0544559 -0.947405 0.18388 -0.0606502 -0.959802 0.15574 -0.0252749 -0.934859 0.210924 -0.0533308 -0.924958 0.206558 -0.0239438 -0.906541 0.228223 -0.0530366 -0.896184 0.219576 -0.0802397 -0.887514 0.205709 -0.0510499 -0.864724 0.222057 -0.0791215 -0.857794 0.205616 -0.105654 -0.854109 0.185132 -0.105934 -0.882647 0.186515 -0.105654 -0.854109 0.185132 -0.129379 -0.853573 0.160817 -0.12885 -0.882545 0.162599 -0.1489 -0.855693 0.132881 -0.147978 -0.885247 0.13543 -0.140502 -0.914188 0.135463 -0.12219 -0.938467 0.132575 -0.162762 -0.888537 0.105161 -0.153353 -0.917626 0.105951 -0.172943 -0.89108 0.0717488 -0.163899 -0.858647 0.101874 -0.174214 -0.861117 0.0682423 -0.178979 -0.862474 0.0325957 -0.171435 -0.831747 0.0639845 -0.175737 -0.833029 0.0289124 -0.173987 -0.833178 -0.00668959 -0.177826 -0.862653 -0.00394402 -0.16636 -0.832434 -0.0414607 -0.170479 -0.861842 -0.0400333 -0.153317 -0.830872 -0.0741072 -0.157535 -0.860279 -0.0739957 -0.135192 -0.828798 -0.103544 -0.138976 -0.858071 -0.104303 -0.112936 -0.826335 -0.129106 -0.116542 -0.855261 -0.13069 -0.0878992 -0.823639 -0.150984 -0.0913617 -0.852092 -0.153403 -0.0601037 -0.821078 -0.168496 -0.0632374 -0.849029 -0.171512 -0.0302602 -0.818896 -0.181286 -0.032819 -0.846483 -0.184537 -0.0345181 -0.873844 -0.186288 -0.00115126 -0.844622 -0.193227 -0.00275719 -0.871627 -0.19514 0.0313069 -0.843621 -0.197031 0.0299893 -0.870663 -0.199139 0.0639084 -0.843359 -0.196146 0.0630864 -0.870809 -0.1987 0.0959689 -0.843707 -0.190463 0.0957829 -0.871982 -0.192669 0.126736 -0.844272 -0.180237 0.127383 -0.873523 -0.182361 0.125834 -0.902201 -0.181182 0.156813 -0.874796 -0.167146 0.155608 -0.90459 -0.165651 0.147805 -0.930971 -0.155213 0.182935 -0.906069 -0.145682 0.173999 -0.932606 -0.134844 0.159165 -0.953408 -0.117704 0.197452 -0.933175 -0.111166 0.181284 -0.954493 -0.0946631 0.217908 -0.932836 -0.0848367 0.200678 -0.954626 -0.068956 0.233593 -0.930186 -0.0561864 0.215832 -0.952379 -0.0410101 0.193717 -0.967854 -0.0227848 0.227447 -0.948924 -0.0125866 0.2049 -0.96512 0.00496706 0.180933 -0.976088 0.0248418 0.213836 -0.961129 0.0324415 0.189792 -0.970824 0.0526138 0.1658 -0.977768 0.0740803 0.197875 -0.96289 0.079691 0.175441 -0.96852 0.10179 0.150995 -0.971896 0.122946 0.186435 -0.95525 0.12819 0.161806 -0.957487 0.149842 0.133963 -0.958457 0.168567 0.171723 -0.937762 0.173473 0.142398 -0.937824 0.192426 0.109541 -0.936038 0.205537 0.102862 -0.958417 0.183731 0.0759414 -0.933392 0.219567 0.0697731 -0.955214 0.196529 0.0412538 -0.926413 0.228896 0.0371097 -0.950348 0.205806 0.00790591 -0.916592 0.230635 0.00502198 -0.942392 0.209608 0.0443369 -0.895374 0.241068 0.0106455 -0.884327 0.239041 -0.0211635 -0.873877 0.233326 0.0144367 -0.850763 0.236277 -0.0164348 -0.841334 0.228288 -0.0461075 -0.833764 0.215807 -0.009746 -0.811271 0.216899 -0.0395849 -0.804706 0.205112 -0.0680892 -0.800413 0.188664 -0.0746369 -0.828423 0.199331 -0.0950399 -0.797872 0.169208 -0.101848 -0.825257 0.179506 -0.101848 -0.825257 0.179506 -0.0950399 -0.797872 0.169208 -0.119626 -0.797222 0.146519 -0.126375 -0.824729 0.155766 -0.141467 -0.798081 0.121106 -0.146761 -0.826465 0.128243 -0.157339 -0.800361 0.0917634 -0.161757 -0.829259 0.0973747 -0.166911 -0.80279 0.0592343 -0.166911 -0.80279 0.0592343 -0.157339 -0.800361 0.0917634 -0.151732 -0.771896 0.085139 -0.161703 -0.774213 0.0539195 -0.164831 -0.775428 0.0210989 -0.170407 -0.804127 0.0251412 -0.170407 -0.804127 0.0251412 -0.161927 -0.775433 -0.0118253 -0.168172 -0.804165 -0.00919358 -0.168172 -0.804165 -0.00919358 -0.153889 -0.774649 -0.0438232 -0.160518 -0.803414 -0.0425841 -0.160518 -0.803414 -0.0425841 -0.140733 -0.773279 -0.0736228 -0.147294 -0.801912 -0.0738354 -0.147294 -0.801912 -0.0738354 -0.123239 -0.771459 -0.100589 -0.129621 -0.799966 -0.102167 -0.129621 -0.799966 -0.102167 -0.102188 -0.769367 -0.124346 -0.10772 -0.797788 -0.126759 -0.10772 -0.797788 -0.126759 -0.0781128 -0.767217 -0.144401 -0.0831718 -0.795417 -0.147664 -0.0831718 -0.795417 -0.147664 -0.051755 -0.76506 -0.160474 -0.0560696 -0.793148 -0.164581 -0.0560696 -0.793148 -0.164581 -0.0237933 -0.763041 -0.17244 -0.0269518 -0.791172 -0.176776 -0.0269518 -0.791172 -0.176776 0.00526503 -0.761287 -0.180126 0.0030749 -0.789453 -0.184859 0.0030749 -0.789453 -0.184859 0.00087111 -0.817237 -0.189489 0.0336976 -0.78816 -0.187895 0.0325679 -0.816094 -0.19312 0.0642881 -0.787115 -0.186961 0.0642654 -0.815448 -0.191953 0.0940692 -0.786252 -0.181266 0.0952865 -0.815113 -0.186374 0.122516 -0.785433 -0.171575 0.12495 -0.814901 -0.17638 0.148896 -0.784656 -0.157544 0.152629 -0.814577 -0.162033 0.155476 -0.844637 -0.165582 0.177791 -0.813969 -0.14403 0.181426 -0.844627 -0.146659 0.183405 -0.875434 -0.147459 0.204378 -0.843864 -0.124337 0.20692 -0.875075 -0.124306 0.207128 -0.906295 -0.122078 0.227283 -0.873538 -0.0987 0.227584 -0.904847 -0.0954037 0.242748 -0.870685 -0.070246 0.243294 -0.901921 -0.066213 0.253635 -0.866895 -0.040312 0.254802 -0.897637 -0.0360929 0.245389 -0.926123 -0.0266702 0.260634 -0.892132 -0.00545238 0.25286 -0.920643 0.00259534 0.235891 -0.944294 0.0154992 0.25674 -0.91402 0.0304525 0.241039 -0.937914 0.0414809 0.221178 -0.95285 0.0595406 0.208452 -0.950285 0.105012 0.21766 -0.932334 0.126021 0.196913 -0.93586 0.150528 0.224984 -0.90805 0.14027 0.204143 -0.910657 0.166476 0.178297 -0.911669 0.19015 0.204347 -0.880798 0.170785 0.178912 -0.88079 0.194697 0.148912 -0.879278 0.214199 0.147954 -0.910825 0.209785 0.113648 -0.876254 0.22228 0.11351 -0.907967 0.220621 0.0795547 -0.8712 0.232664 0.0791431 -0.903842 0.232323 0.0467635 -0.861356 0.240687 0.0822123 -0.839821 0.225974 0.051239 -0.828531 0.233082 0.0204368 -0.819098 0.226757 0.0576546 -0.797293 0.224266 0.0272115 -0.789149 0.216334 -0.00292696 -0.782786 0.204743 0.0322105 -0.7596 0.20706 0.0025263 -0.754605 0.193907 -0.0277169 -0.748921 0.18273 -0.0332372 -0.776673 0.193574 -0.0563136 -0.745016 0.167799 -0.0618172 -0.77275 0.177905 -0.0826097 -0.742961 0.149031 -0.0882864 -0.770624 0.158601 -0.0882864 -0.770624 0.158601 -0.0826097 -0.742961 0.149031 -0.106613 -0.742157 0.127604 -0.112601 -0.769894 0.136653 -0.119626 -0.797222 0.146519 -0.0950399 -0.797872 0.169208 -0.128676 -0.742108 0.104434 -0.134715 -0.770085 0.112774 -0.141467 -0.798081 0.121106 -0.14712 -0.743456 0.0783784 -0.124307 -0.71393 0.0973627 -0.142356 -0.714992 0.0721439 -0.152433 -0.716715 0.0431255 -0.156796 -0.745563 0.0485473 -0.154375 -0.717633 0.0127198 -0.159233 -0.746653 0.0167255 -0.150842 -0.717799 -0.0176441 -0.156019 -0.746731 -0.014678 -0.14193 -0.716967 -0.0467786 -0.147634 -0.745875 -0.0453334 -0.128893 -0.715731 -0.0741991 -0.134266 -0.744555 -0.0736039 -0.112634 -0.714099 -0.0996752 -0.117438 -0.742854 -0.0995876 -0.0925523 -0.712175 -0.121796 -0.0970756 -0.740876 -0.122672 -0.0694903 -0.710026 -0.140181 -0.0734772 -0.738768 -0.141711 -0.0443325 -0.7078 -0.154735 -0.0478085 -0.736624 -0.156993 -0.0180252 -0.705501 -0.165839 -0.0207202 -0.734499 -0.168629 0.009216 -0.70322 -0.172708 0.00736524 -0.732481 -0.175924 0.0368007 -0.701068 -0.175304 0.0357522 -0.730612 -0.17858 0.0348955 -0.759639 -0.182979 0.0336976 -0.78816 -0.187895 0.0641876 -0.728872 -0.177645 0.0642383 -0.758232 -0.182025 0.0642881 -0.787115 -0.186961 0.0916782 -0.727261 -0.172428 0.0927353 -0.756952 -0.176562 0.0940692 -0.786252 -0.181266 0.118097 -0.725782 -0.163437 0.120211 -0.755805 -0.167146 0.122516 -0.785433 -0.171575 0.142824 -0.724333 -0.150719 0.145669 -0.754621 -0.15381 0.148896 -0.784656 -0.157544 0.165955 -0.722806 -0.135323 0.169171 -0.753341 -0.13736 0.173131 -0.783655 -0.140345 0.173131 -0.783655 -0.140345 0.190329 -0.751859 -0.118091 0.194694 -0.78235 -0.120082 0.194694 -0.78235 -0.120082 0.200052 -0.812872 -0.122736 0.212861 -0.780706 -0.0968107 0.218573 -0.811236 -0.0983272 0.223876 -0.842163 -0.0993748 0.233546 -0.808932 -0.0718376 0.239276 -0.839562 -0.0718922 0.244762 -0.806177 -0.0435715 0.250049 -0.836311 -0.0425484 0.25148 -0.803213 -0.0138613 0.256414 -0.832599 -0.0121142 0.260081 -0.862228 -0.00962766 0.258592 -0.828862 0.0190523 0.261821 -0.857451 0.0215562 0.262434 -0.886092 0.0247929 0.25916 -0.853472 0.0529821 0.260335 -0.880825 0.0548813 0.252185 -0.851088 0.0844348 0.253461 -0.877887 0.0852971 0.240299 -0.8505 0.114994 0.241831 -0.878064 0.115586 0.224271 -0.850697 0.143952 0.225648 -0.879686 0.144222 0.20278 -0.850574 0.169832 0.221827 -0.82147 0.14054 0.201247 -0.820455 0.166039 0.201247 -0.820455 0.166039 0.177067 -0.818655 0.18864 0.177984 -0.849602 0.193269 0.149519 -0.815817 0.206329 0.149026 -0.847614 0.212116 0.118278 -0.813377 0.214098 0.115455 -0.845103 0.219279 0.0872945 -0.807857 0.218646 0.120562 -0.781202 0.205697 0.0913692 -0.775332 0.210532 0.062234 -0.766085 0.215263 0.0939214 -0.743488 0.20149 0.0648393 -0.735343 0.205006 0.0350206 -0.730042 0.197726 0.066694 -0.705316 0.19571 0.0371461 -0.700137 0.189006 0.00887101 -0.696332 0.176487 0.00620781 -0.725813 0.184662 -0.020065 -0.692093 0.164564 -0.0233684 -0.720823 0.172956 -0.0481751 -0.68862 0.150406 -0.0517814 -0.717059 0.158523 -0.0743401 -0.686456 0.132975 -0.0780592 -0.714959 0.140434 -0.0780592 -0.714959 0.140434 -0.0743401 -0.686456 0.132975 -0.0988217 -0.685583 0.113037 -0.102241 -0.714009 0.119853 -0.120943 -0.685405 0.0913279 -0.0955461 -0.656747 0.107316 -0.118204 -0.65676 0.0851635 -0.136044 -0.657626 0.0611774 -0.138528 -0.68646 0.0665407 -0.146774 -0.658666 0.0342976 -0.14921 -0.687976 0.0386539 -0.14801 -0.659273 0.00545338 -0.150465 -0.688669 0.00888907 -0.143675 -0.659231 -0.0231668 -0.146642 -0.688719 -0.0205078 -0.134233 -0.658969 -0.0509354 -0.137397 -0.688125 -0.0486994 -0.120697 -0.658203 -0.0772328 -0.12432 -0.686957 -0.0754004 -0.104926 -0.656044 -0.100543 -0.107858 -0.685261 -0.0996957 -0.0870417 -0.652784 -0.120814 -0.0885566 -0.682875 -0.120632 -0.0637098 -0.650305 -0.139717 -0.0659289 -0.680784 -0.138448 -0.0377141 -0.647396 -0.155724 -0.0410218 -0.678569 -0.153002 -0.0123631 -0.643605 -0.168532 -0.0154164 -0.67585 -0.164267 0.0138716 -0.640202 -0.177216 0.0112873 -0.672982 -0.171055 0.0402082 -0.637563 -0.181907 0.0383445 -0.669863 -0.174393 0.067205 -0.636338 -0.182294 0.0656473 -0.666976 -0.174886 0.0641592 -0.698995 -0.17439 0.0925198 -0.664141 -0.1725 0.0909741 -0.696976 -0.169615 0.117239 -0.661711 -0.166902 0.1167 -0.69493 -0.161171 0.14236 -0.661008 -0.156514 0.14142 -0.692905 -0.149829 0.16608 -0.660785 -0.142657 0.165002 -0.69082 -0.136369 0.185834 -0.660506 -0.125397 0.186435 -0.688906 -0.120208 0.186763 -0.721074 -0.116932 0.205105 -0.687573 -0.101507 0.20484 -0.719005 -0.0959993 0.207984 -0.750211 -0.0957 0.212861 -0.780706 -0.0968107 0.219725 -0.716894 -0.073323 0.222641 -0.748271 -0.0711452 0.227905 -0.778624 -0.0714768 0.227905 -0.778624 -0.0714768 0.233976 -0.746247 -0.0448141 0.239228 -0.776281 -0.0442128 0.239228 -0.776281 -0.0442128 0.241624 -0.744166 -0.0168532 0.246421 -0.773727 -0.0153553 0.246421 -0.773727 -0.0153553 0.24467 -0.741883 0.0121614 0.249063 -0.771228 0.0144617 0.249063 -0.771228 0.0144617 0.253867 -0.800182 0.0167536 0.247615 -0.768782 0.0447832 0.251899 -0.79747 0.0477138 0.256146 -0.825687 0.0505849 0.245336 -0.795272 0.0783909 0.249245 -0.823441 0.0819146 0.234155 -0.793556 0.107874 0.237705 -0.822205 0.112178 0.218819 -0.792094 0.135468 0.231143 -0.764426 0.103292 0.216062 -0.762362 0.12971 0.197901 -0.759979 0.153846 0.199511 -0.790409 0.160367 0.199511 -0.790409 0.160367 0.197901 -0.759979 0.153846 0.176764 -0.757054 0.175028 0.176641 -0.787932 0.181864 0.151616 -0.753367 0.190863 0.150024 -0.784468 0.198123 0.122826 -0.74938 0.197474 0.153206 -0.721996 0.18516 0.124794 -0.717856 0.190948 0.096008 -0.71221 0.194091 0.126536 -0.686394 0.186528 0.0977357 -0.681263 0.187401 0.0685835 -0.675037 0.187988 0.0999337 -0.648593 0.184808 0.071082 -0.642019 0.187137 0.0426021 -0.637267 0.183142 0.0394632 -0.669954 0.182076 0.0150079 -0.634275 0.170799 0.0117145 -0.666227 0.169508 -0.0133361 -0.631527 0.158295 -0.0167025 -0.662469 0.157591 -0.0416536 -0.629073 0.146287 -0.0444618 -0.65867 0.145068 -0.066009 -0.627646 0.130099 -0.0695234 -0.656433 0.129433 -0.0695234 -0.656433 0.129433 -0.066009 -0.627646 0.130099 -0.0936797 -0.627193 0.104504 -0.0704399 -0.600178 0.129033 -0.0986148 -0.597152 0.107457 -0.12281 -0.595936 0.085601 -0.11747 -0.626644 0.0815022 -0.14081 -0.59685 0.0608807 -0.136615 -0.626814 0.0584039 -0.150552 -0.598206 0.0327942 -0.147251 -0.627805 0.0321823 -0.15132 -0.599832 0.00103809 -0.148989 -0.628903 0.00349059 -0.145536 -0.600709 -0.0297961 -0.144101 -0.629474 -0.0250658 -0.134589 -0.600304 -0.0594381 -0.133353 -0.629657 -0.0531906 -0.120957 -0.598698 -0.0879757 -0.118793 -0.629185 -0.0803542 -0.106048 -0.59714 -0.115364 -0.103314 -0.627302 -0.105515 -0.0871662 -0.596403 -0.140163 -0.0842427 -0.623887 -0.130156 -0.0664517 -0.594083 -0.156175 -0.0617634 -0.620201 -0.150378 -0.0420887 -0.590902 -0.167826 -0.0382134 -0.617182 -0.165296 -0.0146975 -0.586737 -0.177458 -0.0136932 -0.614848 -0.176871 0.0131423 -0.581697 -0.1822 0.0121657 -0.613049 -0.182901 0.0403047 -0.577148 -0.183135 0.0378015 -0.61109 -0.183987 0.0667558 -0.573404 -0.182389 0.0636413 -0.608765 -0.181034 0.0927197 -0.570536 -0.178811 0.0898333 -0.60651 -0.174666 0.0934197 -0.635661 -0.17904 0.113358 -0.604295 -0.165819 0.115613 -0.634854 -0.17211 0.136456 -0.601762 -0.153264 0.138887 -0.634203 -0.158951 0.158677 -0.599547 -0.137935 0.161782 -0.633105 -0.141376 0.178184 -0.597956 -0.120485 0.18055 -0.631359 -0.12167 0.195501 -0.596638 -0.100742 0.197118 -0.629289 -0.100142 0.202437 -0.660143 -0.104595 0.211572 -0.627102 -0.0766895 0.215921 -0.659032 -0.0802432 0.219526 -0.68695 -0.0798101 0.2265 -0.656529 -0.051303 0.22891 -0.685873 -0.0524425 0.230489 -0.715469 -0.0476317 0.236154 -0.6834 -0.0207275 0.238014 -0.714079 -0.0190859 0.240225 -0.681244 0.00804395 0.241566 -0.712181 0.00957133 0.239975 -0.679454 0.0355989 0.241046 -0.710011 0.0382469 0.24383 -0.739587 0.0415332 0.247615 -0.768782 0.0447832 0.236351 -0.707665 0.0667176 0.238396 -0.737268 0.0706233 0.241461 -0.766543 0.0745791 0.241461 -0.766543 0.0745791 0.228961 -0.734875 0.0986914 0.231143 -0.764426 0.103292 0.227313 -0.705045 0.0941672 0.214059 -0.702083 0.11983 0.214715 -0.732232 0.124588 0.216062 -0.762362 0.12971 0.197586 -0.698618 0.143566 0.197511 -0.729219 0.148437 0.177957 -0.694638 0.164532 0.177621 -0.725755 0.169736 0.154131 -0.690641 0.179782 0.17887 -0.663638 0.159503 0.155626 -0.658965 0.175425 0.128628 -0.654331 0.183225 0.161355 -0.626593 0.175682 0.134789 -0.622067 0.184082 0.104861 -0.617984 0.186756 0.139091 -0.595115 0.181801 0.107791 -0.590838 0.18122 0.075826 -0.587446 0.180341 0.0743882 -0.614424 0.190256 0.0443805 -0.5831 0.173899 0.044671 -0.611248 0.186164 0.0133704 -0.579152 0.161017 0.0152875 -0.608626 0.172636 -0.0188017 -0.575403 0.151057 -0.0144031 -0.60544 0.159873 -0.0498963 -0.572961 0.138891 -0.0438579 -0.602754 0.146286 -0.0784506 -0.571866 0.123578 -0.0704399 -0.600178 0.129033 -0.0521282 -0.544155 0.134355 -0.0785579 -0.544734 0.116316 -0.0784506 -0.571866 0.123578 -0.0785579 -0.544734 0.116316 -0.106172 -0.544381 0.0933098 -0.105801 -0.571155 0.105004 -0.126338 -0.543669 0.0701216 -0.127171 -0.571226 0.0832448 -0.142568 -0.543407 0.0433719 -0.142654 -0.571279 0.0563106 -0.152595 -0.54353 0.0136569 -0.151876 -0.571185 0.0257009 -0.154228 -0.544628 -0.0172593 -0.15289 -0.57185 -0.00755544 -0.148728 -0.545736 -0.047037 -0.147445 -0.572524 -0.0391511 -0.137707 -0.545717 -0.076244 -0.137396 -0.572112 -0.0692222 -0.122208 -0.544331 -0.105621 -0.125099 -0.570661 -0.0982355 -0.107868 -0.54173 -0.127828 -0.110179 -0.570006 -0.122212 -0.0885454 -0.537594 -0.147609 -0.0903299 -0.56928 -0.141076 -0.0657493 -0.531282 -0.165913 -0.0663199 -0.565136 -0.155809 -0.0401338 -0.526001 -0.178554 -0.0387379 -0.55998 -0.168998 -0.0136946 -0.520992 -0.187264 -0.0101652 -0.555169 -0.180927 0.0122581 -0.516067 -0.191476 0.0167153 -0.550963 -0.18736 0.0383633 -0.512007 -0.192766 0.0427337 -0.54735 -0.189387 0.0645814 -0.508839 -0.191959 0.0688322 -0.544498 -0.189009 0.0907977 -0.506577 -0.188568 0.0945758 -0.542223 -0.18589 0.116534 -0.505006 -0.181535 0.119609 -0.540511 -0.179308 0.117469 -0.568607 -0.172057 0.143487 -0.539214 -0.169441 0.140833 -0.567101 -0.161527 0.165582 -0.538191 -0.155853 0.162712 -0.56601 -0.147935 0.185842 -0.537491 -0.139205 0.182279 -0.565104 -0.13074 0.204085 -0.536983 -0.119911 0.199961 -0.56442 -0.11113 0.21982 -0.536395 -0.097984 0.215128 -0.563695 -0.0890838 0.210863 -0.595469 -0.0791596 0.227465 -0.562798 -0.0648727 0.223911 -0.59425 -0.0557654 0.224089 -0.625275 -0.0513564 0.233985 -0.592957 -0.0305061 0.234511 -0.624149 -0.0238089 0.236169 -0.653461 -0.0195776 0.241593 -0.622857 0.0043891 0.241806 -0.650957 0.00898561 0.243828 -0.620857 0.0335002 0.242606 -0.648401 0.0365219 0.242339 -0.618434 0.0624362 0.239656 -0.64571 0.0639653 0.235749 -0.677295 0.0632967 0.231839 -0.642749 0.090665 0.227225 -0.674723 0.0902075 0.219458 -0.639396 0.115858 0.214568 -0.671628 0.11558 0.203708 -0.635562 0.139287 0.198439 -0.667966 0.138981 0.184282 -0.631213 0.159755 0.209728 -0.608424 0.140203 0.19079 -0.604346 0.160753 0.167195 -0.599918 0.175439 0.191693 -0.576036 0.152623 0.167894 -0.57058 0.167999 0.139282 -0.564535 0.175595 0.17058 -0.539334 0.164913 0.139242 -0.532963 0.1753 0.106146 -0.52776 0.176087 0.107786 -0.558575 0.174585 0.0724018 -0.523646 0.175007 0.0745959 -0.552958 0.173129 0.0396452 -0.520687 0.169162 0.0406892 -0.548152 0.168451 0.00949757 -0.518523 0.156011 0.0084643 -0.545332 0.157372 -0.0202407 -0.516412 0.143787 -0.0234172 -0.544049 0.147947 -0.0479032 -0.514973 0.1285 -0.0203079 -0.482903 0.1419 -0.0490314 -0.482357 0.126631 -0.0760209 -0.483657 0.108854 -0.0742269 -0.514541 0.109755 -0.0742269 -0.514541 0.109755 -0.0760209 -0.483657 0.108854 -0.1016 -0.485627 0.0882372 -0.10216 -0.515241 0.0876636 -0.1232 -0.487111 0.0639549 -0.124366 -0.515573 0.0640989 -0.140438 -0.488758 0.0350794 -0.141674 -0.515865 0.0364498 -0.151932 -0.490527 0.00384146 -0.152516 -0.516576 0.00657686 -0.157105 -0.492125 -0.0276257 -0.155505 -0.517793 -0.0236359 -0.155836 -0.492498 -0.0582139 -0.151298 -0.518359 -0.0529396 -0.150289 -0.491306 -0.0887415 -0.141768 -0.517569 -0.0822115 -0.141031 -0.488613 -0.118582 -0.128548 -0.515482 -0.112138 -0.126381 -0.484879 -0.144513 -0.115659 -0.51191 -0.137179 -0.105504 -0.480335 -0.165705 -0.0969027 -0.506867 -0.160821 -0.0794506 -0.47422 -0.179439 -0.0724168 -0.501937 -0.17721 -0.05024 -0.466565 -0.187348 -0.0437516 -0.496405 -0.187683 -0.0222622 -0.460109 -0.193157 -0.015758 -0.490179 -0.195026 0.0049285 -0.454958 -0.197794 0.0110043 -0.484612 -0.199865 0.03236 -0.45093 -0.200859 0.0379171 -0.480094 -0.202526 0.0599576 -0.447722 -0.201188 0.0649887 -0.476537 -0.202778 0.0874321 -0.445477 -0.198539 0.0918324 -0.473706 -0.200065 0.114622 -0.443674 -0.192262 0.118039 -0.471835 -0.192769 0.14109 -0.442228 -0.183 0.143381 -0.470676 -0.182201 0.141265 -0.504325 -0.171481 0.167301 -0.470711 -0.168325 0.164385 -0.504201 -0.157878 0.190036 -0.471538 -0.152017 0.186041 -0.504601 -0.141839 0.211292 -0.472748 -0.132767 0.206141 -0.505191 -0.1234 0.230168 -0.47367 -0.110072 0.223598 -0.505328 -0.10171 0.246108 -0.474047 -0.0841896 0.23782 -0.504943 -0.0769224 0.232162 -0.535406 -0.0732643 0.24763 -0.504076 -0.0498784 0.24106 -0.534102 -0.0465897 0.237136 -0.561702 -0.0391107 0.2475 -0.532632 -0.0190387 0.244526 -0.560162 -0.0124337 0.241066 -0.591541 -0.00385062 0.249433 -0.558451 0.0137664 0.244063 -0.590055 0.0239321 0.246903 -0.557431 0.0439132 0.242123 -0.588754 0.0527332 0.239751 -0.555824 0.0742938 0.236034 -0.586825 0.0808038 0.236059 -0.615516 0.0903443 0.225309 -0.584155 0.107183 0.22484 -0.612166 0.116387 0.210541 -0.580631 0.131508 0.229313 -0.553327 0.100955 0.21449 -0.549946 0.125509 0.19558 -0.545304 0.147367 0.221091 -0.520732 0.123026 0.201033 -0.516276 0.144275 0.175069 -0.510779 0.162646 0.208066 -0.486804 0.143683 0.182411 -0.482216 0.161444 0.150527 -0.477267 0.173452 0.142629 -0.50581 0.174701 0.116635 -0.471804 0.175331 0.110014 -0.50159 0.175744 0.0806538 -0.465619 0.174465 0.0777101 -0.496904 0.172653 0.0439045 -0.460564 0.170103 0.0449551 -0.491744 0.165369 0.0118195 -0.486658 0.153238 0.0837391 -0.4378 0.183862 0.0490796 -0.433556 0.178623 0.0937993 -0.412348 0.184251 0.0619791 -0.405004 0.177215 0.10607 -0.379975 0.181622 0.0758912 -0.370316 0.17883 0.0482775 -0.35883 0.177551 0.0887985 -0.338829 0.192651 0.0629133 -0.327963 0.19224 0.0381266 -0.316485 0.195549 0.0224159 -0.344641 0.181094 0.0142916 -0.303288 0.198564 -0.00298309 -0.328373 0.188193 -0.00892093 -0.287726 0.200904 -0.0282093 -0.312427 0.196388 -0.0451246 -0.334947 0.172672 -0.052805 -0.296413 0.202373 -0.069069 -0.314715 0.184538 -0.0905813 -0.333311 0.157469 -0.0753251 -0.358095 0.15076 -0.112155 -0.34603 0.135934 -0.101492 -0.370961 0.132051 -0.128384 -0.353105 0.110474 -0.117735 -0.37622 0.108279 -0.102106 -0.398792 0.11152 -0.0882945 -0.423965 0.117351 -0.102106 -0.398792 0.11152 -0.117735 -0.37622 0.108279 -0.13143 -0.378712 0.0805722 -0.1196 -0.403152 0.0860876 -0.111323 -0.428469 0.0932591 -0.0882945 -0.423965 0.117351 -0.105549 -0.455534 0.0903117 -0.0808801 -0.452125 0.112928 -0.136626 -0.405908 0.0573025 -0.130238 -0.431966 0.0649214 -0.125933 -0.458575 0.0645125 -0.145328 -0.434913 0.0321209 -0.141243 -0.461493 0.0343279 -0.158912 -0.437159 -0.000931553 -0.152602 -0.463957 0.00269676 -0.167387 -0.439085 -0.0322835 -0.15919 -0.465959 -0.029054 -0.165149 -0.439997 -0.0596972 -0.158712 -0.467063 -0.0594664 -0.156963 -0.438759 -0.0880708 -0.153322 -0.46658 -0.0897778 -0.1456 -0.434056 -0.116245 -0.143191 -0.463573 -0.11886 -0.129386 -0.425745 -0.141169 -0.126687 -0.457186 -0.14338 -0.108395 -0.416085 -0.161666 -0.105625 -0.449183 -0.163491 -0.0839096 -0.4069 -0.175525 -0.0812464 -0.440349 -0.178377 -0.0568808 -0.400142 -0.183541 -0.0544344 -0.432475 -0.18668 -0.0295685 -0.394906 -0.190119 -0.0272671 -0.426188 -0.191654 -0.00248412 -0.390411 -0.19733 -0.000110658 -0.420931 -0.196871 0.0243799 -0.386747 -0.203821 0.027299 -0.416472 -0.201357 0.0517778 -0.384048 -0.207126 0.0549848 -0.413281 -0.202723 0.0794386 -0.382352 -0.206055 0.0827027 -0.411348 -0.200268 0.10683 -0.381267 -0.200179 0.110109 -0.410289 -0.193897 0.133582 -0.380722 -0.190245 0.136985 -0.409923 -0.184382 0.15977 -0.380719 -0.177362 0.163533 -0.410178 -0.173542 0.166665 -0.441383 -0.171499 0.189347 -0.410903 -0.160719 0.191217 -0.441589 -0.157463 0.213585 -0.412197 -0.144435 0.214111 -0.442578 -0.139679 0.235042 -0.413771 -0.12355 0.234343 -0.44379 -0.117539 0.252733 -0.41532 -0.0984517 0.251179 -0.444859 -0.0915559 0.265578 -0.416479 -0.069547 0.263607 -0.445555 -0.0623907 0.257617 -0.473847 -0.0556675 0.270493 -0.445547 -0.0304199 0.263195 -0.473064 -0.0248834 0.25282 -0.502789 -0.0211589 0.265063 -0.471107 0.0070761 0.254124 -0.50085 0.0078679 0.251894 -0.531129 0.0074687 0.253455 -0.49824 0.0375778 0.251497 -0.528764 0.0379038 0.250945 -0.495654 0.0679701 0.245676 -0.526132 0.0704798 0.243003 -0.493415 0.0964834 0.235909 -0.523764 0.0980978 0.228379 -0.490733 0.122095 0.253038 -0.462372 0.0995649 0.239452 -0.458287 0.128572 0.218562 -0.454761 0.149887 0.24359 -0.433735 0.133094 0.22334 -0.429885 0.154112 0.193449 -0.425716 0.169698 0.189332 -0.451334 0.165837 0.157077 -0.422811 0.183841 0.152434 -0.447102 0.17917 0.123876 -0.419146 0.188841 0.117343 -0.442446 0.185812 0.167084 -0.394352 0.17828 0.136448 -0.388616 0.182971 0.174974 -0.364422 0.182125 0.145276 -0.357818 0.191842 0.115857 -0.349223 0.194326 0.158611 -0.331708 0.196503 0.13033 -0.322742 0.200194 0.106314 -0.310426 0.196197 0.150217 -0.290702 0.205741 0.12531 -0.27766 0.201437 0.100443 -0.265288 0.19484 0.0822889 -0.297867 0.192294 0.0748953 -0.253164 0.19121 0.0580939 -0.284903 0.193187 0.04932 -0.240471 0.190443 0.0338033 -0.270817 0.19474 0.0239156 -0.226757 0.191653 0.00934361 -0.255825 0.197927 -0.000905437 -0.211923 0.196246 -0.0152307 -0.240458 0.203788 -0.0322386 -0.270972 0.205455 -0.0400968 -0.224388 0.209914 -0.0562725 -0.253128 0.212045 -0.0764695 -0.279103 0.207796 -0.0821989 -0.235182 0.217656 -0.101372 -0.260474 0.212244 -0.119694 -0.279133 0.198875 -0.0944782 -0.297005 0.193761 -0.136405 -0.293442 0.174843 -0.111879 -0.312009 0.167196 -0.153423 -0.304519 0.147917 -0.130702 -0.323292 0.141855 -0.168208 -0.312056 0.120737 -0.145084 -0.329963 0.115873 -0.145084 -0.329963 0.115873 -0.168208 -0.312056 0.120737 -0.18361 -0.318244 0.09141 -0.162191 -0.33606 0.0888732 -0.145182 -0.356569 0.0850126 -0.128384 -0.353105 0.110474 -0.176035 -0.337214 0.0568463 -0.157033 -0.357148 0.0511018 -0.146057 -0.380754 0.0494447 -0.177968 -0.362563 0.0135568 -0.167843 -0.384211 0.0152878 -0.153861 -0.408034 0.0253768 -0.185379 -0.389289 -0.0155095 -0.172257 -0.411344 -0.00901761 -0.186733 -0.390298 -0.0371639 -0.180085 -0.414503 -0.036816 -0.179733 -0.385307 -0.0623766 -0.173729 -0.413495 -0.0604597 -0.1718 -0.380152 -0.0905443 -0.163433 -0.409567 -0.0880258 -0.159375 -0.37417 -0.114393 -0.151133 -0.403473 -0.114805 -0.141641 -0.366054 -0.133674 -0.134337 -0.394958 -0.138705 -0.118958 -0.357377 -0.14735 -0.112611 -0.386072 -0.157331 -0.0921484 -0.348966 -0.155259 -0.0869829 -0.378586 -0.169036 -0.0645249 -0.341174 -0.160454 -0.0598169 -0.372685 -0.175406 -0.0386692 -0.333979 -0.166858 -0.0330338 -0.367323 -0.180581 -0.0138722 -0.327736 -0.17538 -0.00671312 -0.362233 -0.186366 0.0109956 -0.322974 -0.184245 0.0195406 -0.35748 -0.192276 0.037109 -0.31972 -0.190696 0.0463645 -0.353794 -0.196672 0.0648839 -0.317503 -0.192678 0.0739276 -0.351599 -0.196984 0.0931824 -0.316416 -0.188998 0.101419 -0.350663 -0.192589 0.120822 -0.316169 -0.181345 0.128203 -0.350478 -0.184313 0.147511 -0.316659 -0.170689 0.154266 -0.350604 -0.173256 0.173481 -0.317745 -0.157857 0.179934 -0.350719 -0.160117 0.185696 -0.381211 -0.163557 0.205032 -0.351512 -0.144781 0.210625 -0.382231 -0.14742 0.228521 -0.35289 -0.126339 0.233193 -0.383687 -0.127427 0.24864 -0.35481 -0.103822 0.251979 -0.385396 -0.103354 0.264031 -0.35665 -0.0771139 0.265703 -0.386773 -0.0751062 0.273991 -0.357851 -0.0464197 0.274202 -0.387411 -0.0433627 0.273209 -0.416963 -0.0375622 0.27699 -0.387378 -0.0106065 0.275568 -0.416607 -0.00444622 0.273028 -0.444617 0.00309513 0.273806 -0.4157 0.0281199 0.271938 -0.442874 0.0364482 0.263709 -0.467993 0.0386703 0.267561 -0.440811 0.0670884 0.260385 -0.465159 0.0688653 0.257922 -0.43782 0.0995524 0.267644 -0.413703 0.0588364 0.256968 -0.410746 0.0908016 0.242256 -0.407567 0.123973 0.259015 -0.382272 0.086971 0.244819 -0.378945 0.120555 0.226643 -0.374831 0.145537 0.223201 -0.403759 0.147018 0.202737 -0.369938 0.165869 0.197431 -0.398857 0.165195 0.235058 -0.348504 0.146116 0.212893 -0.343329 0.167183 0.186903 -0.337724 0.18442 0.226044 -0.316628 0.167884 0.202148 -0.30942 0.186654 0.176216 -0.301346 0.200452 0.217761 -0.280489 0.186426 0.193158 -0.270214 0.201662 0.16723 -0.258583 0.209081 0.209199 -0.23974 0.196127 0.18331 -0.227296 0.203627 0.156437 -0.215674 0.202114 0.14104 -0.246626 0.205791 0.130057 -0.20562 0.19298 0.115514 -0.235306 0.196737 0.104151 -0.195063 0.183722 0.0897997 -0.224301 0.188051 0.0778371 -0.183001 0.17899 0.0637963 -0.212354 0.18329 0.0516724 -0.169367 0.180114 0.0380069 -0.198718 0.183164 0.0263298 -0.155205 0.184931 0.0130901 -0.18332 0.188349 0.00180134 -0.140863 0.190955 -0.011252 -0.167108 0.196444 -0.0253204 -0.195997 0.203011 -0.0356431 -0.150893 0.204876 -0.0498406 -0.179212 0.210695 -0.0651712 -0.207525 0.216543 -0.0751048 -0.162257 0.217378 -0.0909893 -0.190285 0.221759 -0.108628 -0.217459 0.221953 -0.117375 -0.173097 0.225458 -0.135419 -0.199892 0.224529 -0.154288 -0.224047 0.217623 -0.127548 -0.242058 0.215669 -0.172299 -0.24365 0.203599 -0.14569 -0.261386 0.202042 -0.188868 -0.258906 0.181895 -0.162284 -0.275902 0.179132 -0.204585 -0.270985 0.155425 -0.178372 -0.287362 0.152415 -0.219097 -0.280122 0.126453 -0.193099 -0.29578 0.124217 -0.193099 -0.29578 0.124217 -0.219097 -0.280122 0.126453 -0.232531 -0.286676 0.0944068 -0.207513 -0.30215 0.093544 -0.247406 -0.29001 0.0595342 -0.22364 -0.305566 0.0606506 -0.199665 -0.321002 0.0593364 -0.231735 -0.303872 0.0228653 -0.210555 -0.321994 0.0211042 -0.191333 -0.340886 0.0174883 -0.209216 -0.31746 -0.00266095 -0.195035 -0.340776 -0.00633415 -0.188731 -0.366638 -0.0128036 -0.188796 -0.335201 -0.0289377 -0.186221 -0.364296 -0.0342904 -0.185762 -0.329631 -0.0558906 -0.18358 -0.359205 -0.0615216 -0.179857 -0.322805 -0.0815746 -0.178236 -0.354116 -0.0884903 -0.166878 -0.31349 -0.103359 -0.166054 -0.346466 -0.109568 -0.149696 -0.304134 -0.121755 -0.147426 -0.336965 -0.125921 -0.128972 -0.29563 -0.136101 -0.124089 -0.326932 -0.137889 -0.104857 -0.288047 -0.14597 -0.097725 -0.317225 -0.146683 -0.0791714 -0.280947 -0.154241 -0.0720133 -0.309626 -0.155328 -0.0519093 -0.273315 -0.162291 -0.0476081 -0.304062 -0.164716 -0.024402 -0.265657 -0.171994 -0.0228023 -0.299578 -0.174417 0.00213646 -0.25978 -0.18182 0.00331519 -0.295233 -0.183234 0.0289164 -0.255962 -0.187487 0.0304952 -0.291449 -0.189178 0.0580647 -0.253226 -0.190549 0.0589517 -0.288349 -0.191631 0.0865414 -0.252402 -0.19216 0.0876703 -0.286068 -0.19017 0.113339 -0.253286 -0.188295 0.115382 -0.285176 -0.18469 0.139004 -0.254909 -0.179169 0.142014 -0.285405 -0.175386 0.164241 -0.257103 -0.166635 0.167946 -0.286798 -0.163105 0.188246 -0.260022 -0.151886 0.19201 -0.289114 -0.148072 0.198089 -0.319407 -0.14292 0.215298 -0.291691 -0.128999 0.22162 -0.321539 -0.125047 0.236724 -0.294535 -0.106691 0.242639 -0.32398 -0.103389 0.254633 -0.297512 -0.0816051 0.259456 -0.326492 -0.0779182 0.268278 -0.300271 -0.0540057 0.271163 -0.328654 -0.0490804 0.276874 -0.302469 -0.0245235 0.276822 -0.330285 -0.0184523 0.277734 -0.358636 -0.0144909 0.277155 -0.331272 0.0140904 0.276094 -0.358805 0.0177619 0.275018 -0.386709 0.0215533 0.271765 -0.357771 0.0503906 0.269215 -0.384968 0.0533202 0.264145 -0.355577 0.0857374 0.275541 -0.331003 0.0482612 0.272102 -0.329614 0.0850824 0.262209 -0.32745 0.118501 0.251953 -0.352725 0.119931 0.246464 -0.322908 0.145402 0.274304 -0.302842 0.114402 0.259047 -0.297355 0.141961 0.240012 -0.289643 0.166157 0.272138 -0.271821 0.135354 0.254048 -0.262611 0.160526 0.23301 -0.251752 0.181177 0.267648 -0.235848 0.151701 0.247601 -0.223822 0.171985 0.224164 -0.210813 0.186356 0.260788 -0.196472 0.161285 0.23763 -0.183417 0.176203 0.211301 -0.171121 0.185148 0.198091 -0.197795 0.194211 0.183909 -0.160828 0.187994 0.170884 -0.185516 0.195584 0.156473 -0.153183 0.182896 0.143725 -0.175663 0.190916 0.129776 -0.145073 0.172808 0.117231 -0.166767 0.183615 0.103603 -0.135578 0.163618 0.0905527 -0.15696 0.178674 0.0779295 -0.123735 0.157253 0.0643635 -0.146111 0.175537 0.0526234 -0.110216 0.153628 0.0389826 -0.133592 0.174502 0.027897 -0.0951499 0.154058 0.0147257 -0.118848 0.175663 0.00357288 -0.0792684 0.157097 -0.00922566 -0.102919 0.177703 -0.0224391 -0.126004 0.19614 -0.0336266 -0.0869527 0.179741 -0.0470004 -0.11069 0.199477 -0.0606264 -0.135083 0.211222 -0.0724072 -0.095511 0.200364 -0.0864179 -0.119587 0.214387 -0.101174 -0.145632 0.221793 -0.112741 -0.104516 0.214434 -0.127771 -0.129492 0.223643 -0.144142 -0.156199 0.227551 -0.154329 -0.113554 0.223588 -0.17096 -0.139462 0.228471 -0.189186 -0.165472 0.22779 -0.162333 -0.182604 0.226213 -0.208263 -0.189226 0.220979 -0.18125 -0.206484 0.219095 -0.226607 -0.20934 0.207492 -0.199335 -0.226357 0.205217 -0.243217 -0.225428 0.186447 -0.215935 -0.242183 0.184062 -0.258585 -0.238493 0.159342 -0.23149 -0.254892 0.157511 -0.272426 -0.248377 0.128526 -0.24571 -0.264651 0.127652 -0.24571 -0.264651 0.127652 -0.272426 -0.248377 0.128526 -0.28306 -0.25385 0.0933963 -0.257754 -0.271209 0.0938445 -0.29231 -0.253964 0.0554173 -0.269303 -0.272796 0.0566787 -0.295549 -0.24838 0.020357 -0.2739 -0.26818 0.0203192 -0.252749 -0.286077 0.0211588 -0.268047 -0.257903 -0.00923207 -0.247341 -0.277159 -0.0079211 -0.22746 -0.296089 -0.00392987 -0.238638 -0.265904 -0.0374198 -0.219386 -0.285939 -0.032636 -0.201618 -0.309154 -0.0275386 -0.213652 -0.276744 -0.0639001 -0.19692 -0.3012 -0.0562334 -0.204725 -0.268654 -0.0911939 -0.190282 -0.292736 -0.0841743 -0.188085 -0.259085 -0.111976 -0.17821 -0.284327 -0.107933 -0.16598 -0.247328 -0.128268 -0.16019 -0.276071 -0.12592 -0.141527 -0.235324 -0.141311 -0.1363 -0.266613 -0.137857 -0.115872 -0.225036 -0.15001 -0.109418 -0.2559 -0.146869 -0.0897704 -0.216108 -0.15708 -0.0822008 -0.246076 -0.156296 -0.06306 -0.208074 -0.164326 -0.0557669 -0.238912 -0.166526 -0.0355269 -0.200203 -0.174234 -0.0295338 -0.23369 -0.176073 -0.00714661 -0.194661 -0.186852 -0.00270899 -0.229104 -0.185327 0.0203439 -0.192536 -0.196295 0.0255218 -0.224304 -0.192481 0.0471022 -0.191489 -0.197444 0.0541 -0.221778 -0.196293 0.0751863 -0.189353 -0.192109 0.0816695 -0.221665 -0.194964 0.103499 -0.188042 -0.183563 0.108652 -0.222037 -0.187719 0.130988 -0.188279 -0.172895 0.134943 -0.222845 -0.176357 0.158619 -0.190356 -0.161903 0.160958 -0.224655 -0.163642 0.186602 -0.194268 -0.15157 0.18661 -0.227844 -0.150653 0.213125 -0.199755 -0.139015 0.211622 -0.231587 -0.135206 0.211907 -0.262721 -0.133265 0.234937 -0.235773 -0.116097 0.234198 -0.265711 -0.111495 0.25527 -0.240308 -0.0937738 0.253355 -0.269083 -0.0872883 0.271921 -0.244801 -0.068477 0.268685 -0.272445 -0.0607954 0.284542 -0.248792 -0.0404247 0.279869 -0.275361 -0.0322802 0.293837 -0.252 -0.00954792 0.287518 -0.277514 -0.000992164 0.280946 -0.303909 0.00781551 0.29309 -0.278878 0.0336169 0.283062 -0.304447 0.0435062 0.294471 -0.279785 0.0715609 0.28283 -0.304445 0.0814626 0.28711 -0.278394 0.106058 0.302689 -0.255686 0.0611065 0.297436 -0.253848 0.0960591 0.284597 -0.246406 0.126613 0.304303 -0.227224 0.0868897 0.295225 -0.219949 0.116578 0.280175 -0.208966 0.141217 0.303278 -0.191827 0.105865 0.289786 -0.181091 0.130731 0.27116 -0.169257 0.151058 0.298353 -0.153557 0.121895 0.280463 -0.142683 0.14154 0.258741 -0.131905 0.154558 0.248652 -0.157639 0.165663 0.234304 -0.121453 0.159995 0.223396 -0.147285 0.173376 0.208295 -0.111176 0.157324 0.196714 -0.138642 0.171964 0.181941 -0.101069 0.14976 0.169576 -0.130059 0.162172 0.1561 -0.0926231 0.141047 0.143149 -0.121 0.151575 0.130168 -0.0839971 0.132585 0.117089 -0.111368 0.14274 0.104058 -0.074133 0.126309 0.0910953 -0.0999472 0.137353 0.0780592 -0.0623692 0.12331 0.065503 -0.0868247 0.1356 0.05259 -0.0490289 0.123088 0.0403608 -0.0725749 0.1364 0.0274058 -0.0353068 0.12363 0.0154105 -0.0579309 0.13809 0.00197606 -0.0227279 0.122404 -0.00977723 -0.0440325 0.138372 -0.0213238 -0.06421 0.159093 -0.0353506 -0.0313193 0.136999 -0.0468003 -0.0503639 0.159314 -0.0588759 -0.071888 0.18044 -0.0723451 -0.0374938 0.157703 -0.0847754 -0.0582326 0.178608 -0.09842 -0.0810218 0.198704 -0.110486 -0.0448042 0.175348 -0.124296 -0.0667123 0.195536 -0.138938 -0.0895011 0.212572 -0.149521 -0.0522174 0.19136 -0.164438 -0.0741214 0.209667 -0.180204 -0.0972198 0.222494 -0.188832 -0.0580716 0.205805 -0.204891 -0.0799989 0.220428 -0.222324 -0.103749 0.228037 -0.197226 -0.122206 0.228639 -0.241203 -0.128498 0.229491 -0.21566 -0.147826 0.229373 -0.260832 -0.152234 0.224013 -0.234984 -0.171513 0.223048 -0.27993 -0.173119 0.211452 -0.253673 -0.191814 0.209887 -0.296653 -0.189748 0.191533 -0.270362 -0.208183 0.189253 -0.311058 -0.202787 0.162033 -0.285393 -0.221266 0.161037 -0.323978 -0.211619 0.128634 -0.298911 -0.230747 0.129001 -0.298911 -0.230747 0.129001 -0.323978 -0.211619 0.128634 -0.332399 -0.214691 0.0920398 -0.308443 -0.234962 0.0929792 -0.337862 -0.212334 0.0535743 -0.315534 -0.233846 0.0546344 -0.337929 -0.204242 0.0186658 -0.316961 -0.227058 0.0198182 -0.330273 -0.19083 -0.0127347 -0.309944 -0.214637 -0.0112395 -0.289196 -0.236973 -0.00993895 -0.298644 -0.199418 -0.0405613 -0.278804 -0.222816 -0.0390984 -0.258552 -0.245059 -0.0382993 -0.265887 -0.207607 -0.0650666 -0.247561 -0.232025 -0.0650343 -0.230163 -0.255451 -0.0664653 -0.231158 -0.217246 -0.0861271 -0.216753 -0.244706 -0.0896831 -0.210619 -0.200757 -0.105141 -0.196877 -0.231147 -0.108189 -0.189088 -0.185643 -0.12317 -0.174887 -0.217086 -0.124684 -0.164667 -0.172072 -0.137975 -0.151194 -0.204367 -0.137193 -0.138078 -0.159633 -0.151443 -0.125741 -0.192344 -0.146403 -0.11018 -0.148831 -0.168288 -0.0990808 -0.181473 -0.15618 -0.0821904 -0.142354 -0.185774 -0.0713881 -0.172401 -0.170326 -0.0549535 -0.138494 -0.194484 -0.0433715 -0.166848 -0.185865 -0.0260817 -0.132754 -0.196506 -0.0159414 -0.164278 -0.195097 0.00439654 -0.126308 -0.196525 0.0116819 -0.16116 -0.19616 0.0357959 -0.122494 -0.198628 0.0406082 -0.157255 -0.194665 0.0680054 -0.120643 -0.199989 0.0703751 -0.154534 -0.192128 0.0985731 -0.121118 -0.194391 0.0997456 -0.153674 -0.184726 0.127607 -0.123845 -0.184625 0.128881 -0.154345 -0.176401 0.158022 -0.12821 -0.17371 0.158605 -0.15749 -0.167204 0.185748 -0.134266 -0.160667 0.18749 -0.162913 -0.157343 0.210529 -0.141148 -0.144528 0.213955 -0.169932 -0.144501 0.234657 -0.147948 -0.126026 0.237842 -0.177197 -0.126932 0.23698 -0.205879 -0.121749 0.259227 -0.184054 -0.104985 0.257988 -0.211961 -0.100438 0.278199 -0.190446 -0.0806924 0.275601 -0.217665 -0.0756813 0.292344 -0.195796 -0.0526796 0.288891 -0.222511 -0.0474257 0.30246 -0.200033 -0.0209935 0.298647 -0.226417 -0.0161213 0.309011 -0.202586 0.0132871 0.305154 -0.229159 0.0180607 0.300395 -0.254408 0.024401 0.307669 -0.230073 0.0536227 0.311829 -0.202678 0.0469894 0.310205 -0.19926 0.0777924 0.317332 -0.175411 0.0399407 0.316645 -0.171568 0.0688632 0.310724 -0.163906 0.0965478 0.324428 -0.145287 0.0601173 0.318639 -0.137947 0.087168 0.306687 -0.128316 0.112076 0.327798 -0.113809 0.0771145 0.315755 -0.10524 0.100092 0.298474 -0.0953112 0.117941 0.289267 -0.117883 0.130848 0.277539 -0.0845324 0.130162 0.268018 -0.106917 0.143301 0.254075 -0.0735989 0.136339 0.24406 -0.0957754 0.149369 0.229148 -0.0635589 0.136199 0.218516 -0.0850556 0.149451 0.203769 -0.05513 0.130227 0.192587 -0.0755223 0.144905 0.178556 -0.0477117 0.120494 0.16708 -0.0680191 0.135888 0.153479 -0.0399696 0.110227 0.141408 -0.0606274 0.126184 0.128099 -0.0318969 0.100227 0.115556 -0.0528001 0.117086 0.102504 -0.0235246 0.09069 0.0893814 -0.0434073 0.110486 0.0766685 -0.013461 0.0847942 0.0634927 -0.0318965 0.107576 0.0508531 -0.00248911 0.0809962 0.0380151 -0.019317 0.106533 0.0250823 0.0086734 0.0779925 0.0122674 -0.00785881 0.103936 -0.000831052 0.0186648 0.0730289 -0.0135702 0.0027506 0.100128 -0.023859 -0.0111131 0.119684 -0.0389744 0.0136163 0.0962643 -0.049258 0.00116144 0.117759 -0.0606383 -0.01849 0.1354 -0.0740349 0.0137346 0.116119 -0.0853202 -0.00515212 0.133339 -0.0976843 -0.0245593 0.154744 -0.109856 0.0079045 0.130121 -0.122571 -0.0118959 0.150388 -0.135582 -0.0313542 0.170921 -0.146909 0.000801088 0.14468 -0.159892 -0.0176523 0.165254 -0.173771 -0.037267 0.18619 -0.183498 -0.00344992 0.158592 -0.196936 -0.0216013 0.179972 -0.21188 -0.0411405 0.200626 -0.219077 -0.00481041 0.173624 -0.233488 -0.0231532 0.194041 -0.24945 -0.0423159 0.211011 -0.228039 -0.0616572 0.216843 -0.267173 -0.0625818 0.220819 -0.245761 -0.0837761 0.226056 -0.286829 -0.0845196 0.223083 -0.265066 -0.107288 0.22742 -0.306525 -0.107052 0.217152 -0.284822 -0.13053 0.221819 -0.324882 -0.128681 0.204203 -0.303874 -0.152015 0.20947 -0.340717 -0.146476 0.184852 -0.320578 -0.169359 0.190647 -0.353734 -0.158619 0.156166 -0.334027 -0.18193 0.160571 -0.364757 -0.166387 0.123625 -0.345981 -0.190237 0.126775 -0.345981 -0.190237 0.126775 -0.364757 -0.166387 0.123625 -0.372286 -0.168162 0.0886621 -0.353873 -0.192614 0.0904469 -0.377263 -0.164222 0.0512589 -0.358825 -0.189331 0.0521241 -0.377669 -0.154474 0.0163558 -0.358447 -0.180042 0.0172306 -0.369147 -0.139027 -0.0140956 -0.350302 -0.16564 -0.0139585 -0.353554 -0.120522 -0.0407179 -0.336705 -0.148378 -0.0424475 -0.3179 -0.17459 -0.0418908 -0.318719 -0.129424 -0.0673549 -0.301938 -0.156581 -0.067726 -0.284197 -0.182606 -0.0663635 -0.281194 -0.136563 -0.0895972 -0.264867 -0.163549 -0.0876133 -0.247709 -0.190226 -0.0860384 -0.24215 -0.144014 -0.107287 -0.226211 -0.172202 -0.105462 -0.21769 -0.126342 -0.128015 -0.203782 -0.156129 -0.124521 -0.190979 -0.112094 -0.149384 -0.178319 -0.141368 -0.142821 -0.163821 -0.100619 -0.166426 -0.150748 -0.128507 -0.162268 -0.136768 -0.089297 -0.178416 -0.122793 -0.119853 -0.180363 -0.107763 -0.0785495 -0.18972 -0.0955858 -0.113146 -0.190708 -0.0761172 -0.0705258 -0.201011 -0.066323 -0.105275 -0.196481 -0.0420131 -0.0639336 -0.208606 -0.0349483 -0.0981234 -0.20126 -0.00543521 -0.0591477 -0.215281 -0.00183848 -0.0924249 -0.204251 0.0285543 -0.0589432 -0.219466 0.0329371 -0.0891386 -0.209752 0.0599204 -0.0607687 -0.214402 0.0659157 -0.0898457 -0.211619 0.0900377 -0.0612398 -0.200039 0.0949558 -0.0924619 -0.201937 0.123944 -0.0621971 -0.185312 0.124181 -0.0949113 -0.18611 0.155217 -0.0666573 -0.175348 0.15639 -0.0982078 -0.174131 0.177501 -0.0723604 -0.156464 0.181346 -0.103956 -0.158511 0.202339 -0.0779299 -0.136248 0.204812 -0.109698 -0.138897 0.231581 -0.0852201 -0.121875 0.231304 -0.116205 -0.122031 0.262519 -0.094099 -0.110172 0.259049 -0.123724 -0.105884 0.258346 -0.154687 -0.105313 0.283022 -0.132191 -0.0878723 0.280105 -0.161603 -0.0834317 0.299189 -0.140032 -0.0631085 0.29562 -0.168091 -0.0572953 0.311339 -0.145665 -0.0319246 0.306468 -0.172942 -0.025772 0.320003 -0.14893 0.00150097 0.313726 -0.175591 0.00809369 0.324593 -0.149065 0.0323479 0.327833 -0.122467 -0.00678587 0.333533 -0.123504 0.0242327 0.333742 -0.120312 0.0515797 0.343552 -0.0978563 0.0157343 0.344302 -0.0956521 0.0440609 0.33831 -0.0900213 0.0683526 0.35461 -0.0700257 0.0379643 0.349609 -0.0657051 0.0625063 0.337362 -0.0586809 0.0820014 0.326103 -0.0822819 0.0892358 0.320244 -0.0498225 0.0975506 0.30891 -0.0729013 0.105855 0.299895 -0.0395586 0.108627 0.288334 -0.0623997 0.117465 0.277623 -0.0286604 0.114207 0.265542 -0.0515173 0.123216 0.254206 -0.0181171 0.113301 0.241444 -0.0412652 0.122359 0.22995 -0.00870735 0.106342 0.216757 -0.0323777 0.115247 0.205141 0.000153526 0.0971291 0.191841 -0.0242311 0.105687 0.180068 0.00940174 0.0881638 0.166707 -0.0158299 0.0965183 0.154773 0.01888 0.0805267 0.1414 -0.00721992 0.0876235 0.129463 0.0281418 0.0725306 0.116034 0.00138451 0.0786821 0.10393 0.0375005 0.0651502 0.0904774 0.0105753 0.070934 0.0778715 0.0480705 0.0614904 0.0646254 0.0212283 0.066418 0.0516645 0.0586668 0.0595154 0.0387124 0.0322569 0.0627953 0.0254652 0.0682582 0.056886 0.012702 0.0434029 0.0597739 -0.000377139 0.076853 0.0524697 -0.0133284 0.053466 0.0559561 -0.0264823 0.0292246 0.0681974 -0.0388834 0.0645596 0.0552944 -0.0519954 0.0406369 0.0641901 -0.0638085 0.0251949 0.092687 -0.0766147 0.0549975 0.065334 -0.0881765 0.0374926 0.0893547 -0.0984609 0.0260754 0.113925 -0.113308 0.0505495 0.0875525 -0.122943 0.0372117 0.110306 -0.134159 0.0202575 0.125645 -0.147358 0.0462625 0.105287 -0.158924 0.0309988 0.120753 -0.171213 0.0133457 0.137622 -0.182473 0.0379909 0.114488 -0.194999 0.0261074 0.133624 -0.206612 0.0117563 0.153037 -0.215677 0.0364758 0.125809 -0.227442 0.0272077 0.150046 -0.2398 0.0132221 0.168586 -0.246753 0.0410806 0.138573 -0.258749 0.0308869 0.164235 -0.271982 0.0164212 0.179124 -0.253523 -0.00395501 0.186408 -0.287386 -0.0012306 0.192097 -0.269124 -0.0222178 0.202502 -0.305045 -0.0191693 0.202022 -0.28673 -0.0409425 0.212632 -0.324413 -0.0380735 0.205871 -0.30634 -0.0612077 0.215259 -0.343476 -0.0578987 0.202352 -0.32591 -0.0825831 0.210258 -0.360039 -0.0768318 0.189672 -0.343466 -0.103276 0.197091 -0.37429 -0.0926952 0.170256 -0.358312 -0.120193 0.176597 -0.385871 -0.103567 0.145712 -0.370868 -0.132093 0.150215 -0.394983 -0.109914 0.117893 -0.380884 -0.139362 0.120137 -0.380884 -0.139362 0.120137 -0.394983 -0.109914 0.117893 -0.40154 -0.110589 0.0875461 -0.387729 -0.140285 0.0873559 -0.405087 -0.105801 0.0557373 -0.392294 -0.136156 0.0523896 -0.403099 -0.0945574 0.0245367 -0.391921 -0.125669 0.0188786 -0.393302 -0.0786211 -0.00406817 -0.382874 -0.109525 -0.0103929 -0.377158 -0.0615601 -0.0296774 -0.36639 -0.0911746 -0.0357305 -0.357406 -0.044716 -0.0522276 -0.346357 -0.0728161 -0.0582798 -0.333595 -0.101282 -0.0636359 -0.323956 -0.0545692 -0.078438 -0.310911 -0.0820508 -0.0836363 -0.296587 -0.109723 -0.0883723 -0.286057 -0.06275 -0.101033 -0.271844 -0.0905309 -0.106902 -0.257275 -0.11666 -0.110382 -0.245284 -0.0719444 -0.121966 -0.231064 -0.0999982 -0.12994 -0.217963 -0.0519849 -0.136193 -0.204356 -0.0846329 -0.145134 -0.189744 -0.0341293 -0.15418 -0.177366 -0.0677102 -0.158328 -0.159978 -0.0198625 -0.173612 -0.148905 -0.0536341 -0.174215 -0.127793 -0.0102674 -0.193383 -0.118367 -0.0440482 -0.191286 -0.0900465 -0.00247574 -0.211523 -0.0845465 -0.0367405 -0.205365 -0.0504248 0.00186659 -0.222511 -0.0458111 -0.0299036 -0.21673 -0.0142693 0.0046234 -0.222945 -0.0094277 -0.0276671 -0.223413 0.0196755 0.00664586 -0.224949 0.0223204 -0.0269906 -0.222087 0.0537928 0.00453437 -0.213811 0.055102 -0.0274454 -0.21241 0.0896805 0.00227889 -0.202071 0.0888808 -0.028366 -0.199671 0.127058 -0.00105291 -0.191222 0.125448 -0.0310252 -0.188436 0.154246 -0.00606914 -0.179503 0.154096 -0.0363119 -0.177937 0.178029 -0.0113313 -0.157951 0.176235 -0.0414687 -0.156343 0.204939 -0.0177733 -0.138427 0.202594 -0.0474082 -0.13634 0.238396 -0.0261443 -0.126623 0.234185 -0.0553492 -0.123767 0.269113 -0.0370828 -0.119585 0.266369 -0.0653623 -0.115247 0.290127 -0.0476777 -0.101053 0.288892 -0.0761014 -0.0992151 0.286548 -0.103922 -0.0941278 0.30694 -0.0840883 -0.072978 0.302883 -0.112132 -0.0689404 0.324214 -0.0904804 -0.0458562 0.317287 -0.118241 -0.0391511 0.336742 -0.0955975 -0.0161403 0.330918 -0.0630254 -0.0514162 0.345023 -0.0680794 -0.0239893 0.353042 -0.0709757 0.00747982 0.352075 -0.0408981 -0.0297374 0.361039 -0.0434126 0.000197552 0.363653 -0.0432291 0.0322367 0.368311 -0.0164159 -0.00629707 0.371392 -0.0161572 0.0260975 0.368611 -0.0139371 0.0547793 0.360095 -0.0402811 0.0587621 0.358885 -0.00922953 0.075467 0.348812 -0.0343966 0.0780715 0.342555 -0.00181517 0.0905728 0.33183 -0.0261421 0.0931192 0.32229 0.0075434 0.101496 0.311447 -0.0161199 0.10414 0.300216 0.0177024 0.107264 0.289317 -0.00527654 0.109982 0.277272 0.0277295 0.106862 0.266236 0.00535331 0.109628 0.253589 0.0372903 0.100312 0.242322 0.0152353 0.103474 0.229422 0.0464784 0.0896975 0.217662 0.024588 0.0945326 0.20487 0.0555793 0.0788796 0.19264 0.0341146 0.0860709 0.179899 0.0647264 0.0692606 0.167359 0.0437856 0.078897 0.15479 0.0742189 0.0602742 0.141936 0.0527743 0.0710836 0.129588 0.0836977 0.0511885 0.11634 0.0614335 0.0631847 0.104082 0.0937778 0.0437588 0.0904327 0.0705617 0.0573155 0.0782843 0.1046 0.038128 0.0644418 0.0801777 0.0529004 0.0522054 0.115881 0.0344479 0.0386381 0.0899044 0.0473453 0.0260396 0.127348 0.0316115 0.0131089 0.100382 0.0407798 -0.00067372 0.139714 0.0310214 -0.0125897 0.112246 0.0357378 -0.0255822 0.0862148 0.0471031 -0.0389371 0.126034 0.0349041 -0.0509894 0.0979961 0.0418994 -0.063834 0.0763333 0.0563774 -0.0767788 0.112427 0.0421864 -0.0895726 0.0881639 0.0568696 -0.10218 0.0693003 0.0701909 -0.112439 0.0993034 0.056981 -0.125446 0.079898 0.0740166 -0.136856 0.0622035 0.0876959 -0.146526 0.087007 0.0653587 -0.158253 0.0690294 0.078704 -0.169896 0.0513379 0.0941303 -0.182996 0.0771319 0.0642193 -0.194269 0.0590153 0.0762616 -0.205219 0.0447389 0.0987132 -0.219483 0.0734759 0.0683661 -0.229944 0.0588573 0.0842094 -0.237719 0.0499722 0.109279 -0.252453 0.077305 0.0830998 -0.260107 0.0684786 0.100757 -0.266963 0.0597572 0.124486 -0.277675 0.084463 0.0962829 -0.285164 0.0773634 0.116294 -0.294373 0.0674101 0.142716 -0.277332 0.0484044 0.154455 -0.305278 0.055993 0.166569 -0.289389 0.0365709 0.173638 -0.319882 0.0420051 0.176563 -0.30431 0.0206136 0.183263 -0.337999 0.025948 0.184943 -0.322312 0.00316659 0.192233 -0.356864 0.00988174 0.191195 -0.341294 -0.014488 0.197516 -0.375439 -0.00632915 0.190144 -0.35983 -0.0326044 0.195619 -0.391508 -0.0216231 0.180081 -0.376032 -0.0498847 0.18409 -0.404444 -0.0340893 0.163765 -0.389582 -0.0640098 0.166314 -0.414416 -0.042775 0.142809 -0.400332 -0.0738496 0.143494 -0.42171 -0.0474426 0.118784 -0.40835 -0.0790989 0.117624 -0.40835 -0.0790989 0.117624 -0.42171 -0.0474426 0.118784 -0.426433 -0.04733 0.0928366 -0.414255 -0.0795185 0.0895974 -0.427638 -0.0420751 0.0658455 -0.416906 -0.0744504 0.0605468 -0.422459 -0.031281 0.0380484 -0.413105 -0.062842 0.0314928 -0.410979 -0.0177421 0.00944975 -0.402469 -0.047865 0.00287314 -0.394466 -0.00364848 -0.0156506 -0.386337 -0.0323439 -0.0229798 -0.37434 0.0106108 -0.0340662 -0.366643 -0.0171134 -0.0445634 -0.352138 0.0245448 -0.0479183 -0.344798 -0.00236916 -0.0631985 -0.335383 -0.0281561 -0.0725116 -0.322306 0.0121068 -0.0819968 -0.312143 -0.0113589 -0.0923886 -0.299796 -0.0359347 -0.0969547 -0.288373 0.00691331 -0.113679 -0.274431 -0.0159718 -0.115193 -0.259637 -0.0427611 -0.116658 -0.247776 0.00611466 -0.134213 -0.231909 -0.0216555 -0.132861 -0.202569 -0.00177268 -0.152026 -0.170872 0.0141998 -0.173192 -0.135607 0.024198 -0.196735 -0.0998072 0.0626042 -0.223191 -0.0941798 0.03067 -0.219654 -0.0587682 0.0677039 -0.217749 -0.0568269 0.0335015 -0.220684 -0.0159403 0.0705906 -0.22405 -0.0158029 0.0390409 -0.221753 0.0197734 0.0668376 -0.221205 0.018658 0.037163 -0.224065 0.0588157 0.064368 -0.216379 0.055349 0.0345462 -0.214696 0.0957464 0.0620632 -0.206409 0.0918084 0.0323328 -0.204199 0.133499 0.0586235 -0.195691 0.129558 0.0288602 -0.193158 0.15879 0.0536237 -0.181434 0.155655 0.0239312 -0.180149 0.186447 0.0472829 -0.163947 0.181265 0.0182449 -0.160161 0.215624 0.0399748 -0.147416 0.209375 0.0113939 -0.142027 0.248867 0.0311169 -0.135099 0.243098 0.00255762 -0.13012 0.27358 0.02066 -0.123217 0.270734 -0.00832784 -0.121508 0.297157 0.0097623 -0.104366 0.292768 -0.0188612 -0.102371 0.32314 -0.00175308 -0.0862296 0.316653 -0.0284874 -0.0805938 0.311711 -0.0560988 -0.0765072 0.336771 -0.0360294 -0.0564283 0.343669 -0.00979417 -0.062385 0.358568 -0.0143281 -0.0352181 0.351256 0.0161316 -0.0691337 0.365565 0.0119006 -0.0412037 0.375282 0.00970654 -0.0122467 0.37365 0.0374395 -0.0474084 0.383089 0.035173 -0.0178626 0.386682 0.0353061 0.0146918 0.378737 0.0101593 0.0200585 0.385002 0.0370508 0.0473033 0.376566 0.0120665 0.0507363 0.377914 0.0407871 0.0712801 0.368291 0.0160575 0.0731076 0.36394 0.0473299 0.0867992 0.353031 0.0227751 0.0883349 0.344186 0.056134 0.0964755 0.333092 0.031516 0.0986761 0.322116 0.0657526 0.100409 0.311086 0.0410565 0.10346 0.2992 0.0756796 0.0983123 0.288252 0.0507093 0.101848 0.275799 0.086014 0.0909149 0.264885 0.0604905 0.0940945 0.252404 0.0964839 0.0796551 0.241363 0.0703596 0.0821012 0.229341 0.106835 0.0670258 0.217793 0.0801839 0.0690832 0.205938 0.117156 0.0556257 0.193739 0.0901911 0.057416 0.181542 0.127395 0.0467629 0.169034 0.100411 0.0479371 0.155888 0.137554 0.0420774 0.143564 0.110719 0.0413691 0.129937 0.147705 0.0377548 0.117744 0.121064 0.035825 0.103632 0.157998 0.0341646 0.0915083 0.1316 0.0320623 0.0769521 0.168508 0.0314185 0.0649985 0.142431 0.0296775 0.0498184 0.179574 0.0298386 0.0382146 0.153731 0.028439 0.021791 0.191642 0.0321155 0.0107031 0.16616 0.0301966 -0.00523316 0.203634 0.0372007 -0.0161903 0.178919 0.03548 -0.0274584 0.153101 0.0346042 -0.0411495 0.189966 0.0365314 -0.0521962 0.164521 0.0368859 -0.0640897 0.138993 0.0380036 -0.0772402 0.17562 0.0327226 -0.0875301 0.149322 0.0354761 -0.0992224 0.123907 0.0424407 -0.112957 0.161288 0.0291862 -0.122698 0.13464 0.0336538 -0.133897 0.108905 0.0457718 -0.149592 0.147973 0.0282752 -0.159895 0.121256 0.0334023 -0.171554 0.0963484 0.0491739 -0.186279 0.136386 0.0363606 -0.197129 0.110839 0.0454786 -0.208212 0.0903498 0.0586062 -0.216821 0.125378 0.0468037 -0.228505 0.105673 0.0585625 -0.241217 0.090099 0.0700479 -0.245305 0.120396 0.0474428 -0.257132 0.104258 0.0626637 -0.268328 0.0928335 0.0792091 -0.273928 0.123928 0.0479747 -0.28531 0.110973 0.0651178 -0.294462 0.101284 0.0844635 -0.299876 0.125949 0.0530453 -0.301474 0.0940182 0.106957 -0.325182 0.105102 0.124266 -0.30996 0.0859765 0.131976 -0.335384 0.0958874 0.148172 -0.320502 0.0752949 0.155856 -0.349026 0.0840146 0.165153 -0.334719 0.0626224 0.170075 -0.366218 0.0714821 0.177123 -0.352394 0.0488028 0.180507 -0.3853 0.0597579 0.184547 -0.371474 0.0345655 0.186208 -0.404831 0.0479276 0.184478 -0.390249 0.0206636 0.186087 -0.422712 0.0368856 0.176965 -0.406942 0.00748102 0.177658 -0.436271 0.027246 0.162181 -0.419954 -0.00324853 0.162363 -0.446376 0.0196108 0.143228 -0.429402 -0.0112861 0.14272 -0.452887 0.015174 0.121224 -0.436084 -0.0158302 0.120167 -0.436084 -0.0158302 0.120167 -0.452887 0.015174 0.121224 -0.456327 0.0146771 0.0973343 -0.439912 -0.0155954 0.0955908 -0.45417 0.0197004 0.0723181 -0.439435 -0.010406 0.0698716 -0.445533 0.0286884 0.0477937 -0.432809 -0.000616141 0.0434075 -0.430755 0.0395648 0.0227804 -0.420014 0.0114859 0.0156617 -0.411903 0.0519337 0.00335925 -0.402585 0.0245107 -0.00725689 -0.389041 0.0689228 -0.0032876 -0.38127 0.0391909 -0.0200276 -0.423454 0.0795038 0.0142894 -0.400285 0.0961967 0.00816931 -0.435643 0.107094 0.0197315 -0.413969 0.120777 0.0145761 -0.391007 0.135044 0.0200979 -0.425539 0.148201 0.0184785 -0.403118 0.158813 0.026662 -0.38216 0.166237 0.0443426 -0.411528 0.184 0.0342089 -0.391486 0.189524 0.0497181 -0.374966 0.19337 0.0717551 -0.365128 0.171692 0.0701053 -0.365128 0.171692 0.0701053 -0.374966 0.19337 0.0717551 -0.367965 0.193363 0.0967092 -0.359738 0.171755 0.0951464 -0.367955 0.19032 0.121636 -0.362209 0.166483 0.119175 -0.351858 0.144775 0.118599 -0.339333 0.124439 0.120139 -0.370759 0.159988 0.142281 -0.360994 0.137286 0.142708 -0.349078 0.116297 0.144425 -0.373448 0.12928 0.161391 -0.361943 0.106313 0.162877 -0.388634 0.119844 0.175009 -0.378379 0.0952705 0.175956 -0.407634 0.111746 0.181465 -0.397804 0.085373 0.182493 -0.427764 0.104006 0.181389 -0.417847 0.0756541 0.183186 -0.446946 0.0963933 0.173732 -0.436857 0.0663286 0.175959 -0.463209 0.0893895 0.160053 -0.45212 0.0579197 0.161753 -0.476476 0.0837368 0.142372 -0.463207 0.050737 0.143236 -0.484694 0.0805583 0.120756 -0.47165 0.0457946 0.121814 -0.47165 0.0457946 0.121814 -0.484694 0.0805583 0.120756 -0.486894 0.0803908 0.097113 -0.474032 0.0459395 0.097791 -0.482036 0.0833391 0.0735169 -0.469887 0.0501469 0.0733929 -0.471211 0.0883036 0.0515488 -0.459281 0.0580702 0.0510402 -0.454962 0.0960886 0.0331866 -0.443524 0.0675297 0.0303633 -0.478103 0.121361 0.0518536 -0.464314 0.127603 0.0339727 -0.446714 0.136774 0.0214863 -0.472324 0.160069 0.0377492 -0.454423 0.168486 0.027332 -0.433056 0.176985 0.0255703 -0.458367 0.198108 0.036131 -0.437398 0.205488 0.0342329 -0.415374 0.211686 0.0404221 -0.44089 0.23306 0.0383946 -0.419107 0.239673 0.0438795 -0.39983 0.245544 0.058154 -0.395276 0.217053 0.0540311 -0.384744 0.249238 0.0781386 -0.379433 0.220109 0.0746944 -0.379433 0.220109 0.0746944 -0.384744 0.249238 0.0781386 -0.376041 0.250454 0.102467 -0.370769 0.220201 0.0995015 -0.375339 0.249231 0.127765 -0.369559 0.218191 0.125362 -0.383035 0.245794 0.149877 -0.377082 0.214582 0.148029 -0.375442 0.185805 0.144428 -0.389224 0.209894 0.167031 -0.386904 0.180565 0.163315 -0.381678 0.153806 0.161575 -0.401975 0.174428 0.177255 -0.396873 0.146256 0.174864 -0.420893 0.168045 0.18323 -0.415376 0.13927 0.18089 -0.440953 0.162092 0.181905 -0.435097 0.132703 0.180223 -0.459699 0.157018 0.173802 -0.453665 0.126749 0.171841 -0.476218 0.152845 0.160861 -0.469906 0.121524 0.158606 -0.489571 0.149626 0.143686 -0.483396 0.117289 0.141753 -0.497938 0.14762 0.122443 -0.492241 0.115046 0.120622 -0.492241 0.115046 0.120622 -0.497938 0.14762 0.122443 -0.499053 0.147457 0.0986782 -0.493429 0.115342 0.0966368 -0.493995 0.149364 0.0756784 -0.488228 0.117416 0.0730806 -0.485508 0.153282 0.0545744 -0.500772 0.179614 0.079237 -0.4911 0.184048 0.0598629 -0.47688 0.190663 0.0447762 -0.496463 0.21267 0.0625096 -0.481597 0.218726 0.0481836 -0.462382 0.225912 0.0402374 -0.486252 0.245607 0.0504828 -0.467857 0.252439 0.0416217 -0.447351 0.25983 0.0397309 -0.476326 0.278418 0.0420258 -0.457056 0.286552 0.0391868 -0.438474 0.294718 0.0465536 -0.426619 0.267237 0.0456584 -0.422297 0.30193 0.0601398 -0.40909 0.274051 0.0598142 -0.410375 0.307037 0.079542 -0.395854 0.278475 0.0794694 -0.395854 0.278475 0.0794694 -0.410375 0.307037 0.079542 -0.403641 0.309616 0.10312 -0.389035 0.280455 0.10358 -0.403552 0.309384 0.127944 -0.3883 0.280074 0.128308 -0.410562 0.306205 0.149633 -0.395625 0.276594 0.150041 -0.422016 0.301315 0.166969 -0.40749 0.27148 0.167691 -0.395375 0.24095 0.168156 -0.421879 0.2655 0.181007 -0.41086 0.234982 0.182199 -0.405242 0.204046 0.181074 -0.429672 0.228376 0.188866 -0.424855 0.197745 0.187363 -0.449632 0.222005 0.187365 -0.445444 0.191855 0.186083 -0.468453 0.217003 0.179109 -0.464925 0.187149 0.177956 -0.484689 0.213508 0.165723 -0.481353 0.183683 0.164188 -0.497891 0.210639 0.148259 -0.494651 0.180989 0.14646 -0.506408 0.208704 0.126775 -0.503694 0.178956 0.125165 -0.503694 0.178956 0.125165 -0.506408 0.208704 0.126775 -0.508611 0.207883 0.103585 -0.505408 0.178196 0.10173 -0.505113 0.209077 0.0817896 -0.51102 0.235274 0.104204 -0.508753 0.236634 0.0830214 -0.500689 0.240069 0.064442 -0.514947 0.261185 0.084189 -0.507169 0.265323 0.0656376 -0.493368 0.271033 0.0513142 -0.516159 0.287084 0.067337 -0.504087 0.293659 0.0523755 -0.488727 0.302309 0.0423541 -0.516331 0.314029 0.0558303 -0.502254 0.324164 0.047653 -0.48624 0.334733 0.0453411 -0.470579 0.312301 0.0401535 -0.470074 0.344642 0.0512032 -0.452993 0.321149 0.0474457 -0.455943 0.352252 0.0641312 -0.437919 0.328774 0.0614944 -0.444481 0.358131 0.0817277 -0.425541 0.334801 0.0798394 -0.425541 0.334801 0.0798394 -0.444481 0.358131 0.0817277 -0.437271 0.361957 0.103102 -0.418843 0.337704 0.102974 -0.437604 0.362307 0.126431 -0.419542 0.337396 0.127465 -0.446071 0.358589 0.146587 -0.427328 0.334088 0.148318 -0.458153 0.353374 0.160773 -0.438929 0.329083 0.164483 -0.471899 0.346972 0.171722 -0.453105 0.322604 0.176243 -0.436367 0.295086 0.179079 -0.46869 0.314785 0.182505 -0.452355 0.287801 0.185253 -0.439173 0.258662 0.186813 -0.468889 0.280019 0.184145 -0.456494 0.251851 0.18562 -0.483196 0.272984 0.174996 -0.473185 0.246182 0.177553 -0.495467 0.26747 0.161857 -0.487957 0.241571 0.164442 -0.506346 0.262935 0.145575 -0.500249 0.238127 0.14726 -0.513822 0.260333 0.125913 -0.508202 0.235895 0.126442 -0.508202 0.235895 0.126442 -0.513822 0.260333 0.125913 -0.517131 0.259621 0.104786 -0.523329 0.281566 0.125589 -0.525778 0.28076 0.105571 -0.523891 0.282397 0.0852954 -0.536424 0.299796 0.105788 -0.534145 0.301399 0.0868888 -0.527498 0.306317 0.0697846 -0.543864 0.319434 0.0897386 -0.538902 0.323692 0.0734296 -0.529644 0.332159 0.060696 -0.53169 0.359542 0.0613642 -0.517455 0.342753 0.0532724 -0.518962 0.370424 0.0612671 -0.503114 0.354006 0.0526417 -0.505802 0.379546 0.0676921 -0.488448 0.364005 0.0585261 -0.494136 0.386301 0.0786396 -0.475595 0.371214 0.069863 -0.485263 0.39036 0.0929893 -0.465265 0.37613 0.0859982 -0.465265 0.37613 0.0859982 -0.485263 0.39036 0.0929893 -0.502254 0.398593 0.103655 -0.502254 0.398593 0.103655 -0.517739 0.400264 0.115876 -0.517739 0.400264 0.115876 -0.507845 0.396899 0.130024 -0.495426 0.389457 0.144263 -0.531471 0.395284 0.12315 -0.521895 0.393306 0.138157 -0.508536 0.384124 0.152539 -0.490995 0.368577 0.16447 -0.477665 0.37484 0.155671 -0.535017 0.384347 0.141336 -0.52163 0.375175 0.154816 -0.505173 0.35967 0.16758 -0.48691 0.338904 0.176816 -0.533096 0.362775 0.153501 -0.517851 0.349344 0.166092 -0.501276 0.329007 0.175569 -0.484327 0.305795 0.181796 -0.513165 0.319589 0.167404 -0.497559 0.297155 0.172877 -0.522882 0.310969 0.156069 -0.508066 0.290226 0.159927 -0.530013 0.30469 0.141006 -0.516872 0.284744 0.14403 -0.534568 0.301108 0.124262 -0.523329 0.281566 0.125589 -0.545254 0.320922 0.120935 -0.534568 0.301108 0.124262 -0.545254 0.320922 0.120935 -0.545824 0.318969 0.105699 -0.552633 0.339585 0.120086 -0.553362 0.338594 0.105913 -0.555398 0.356775 0.121388 -0.557685 0.354826 0.107238 -0.552131 0.372601 0.124082 -0.55485 0.371965 0.108085 -0.543588 0.38633 0.12527 -0.548157 0.384403 0.108972 -0.547788 0.379805 0.0912287 -0.542268 0.372309 0.0750769 -0.531471 0.395284 0.12315 -0.543588 0.38633 0.12527 -0.552131 0.372601 0.124082 -0.544894 0.370622 0.139842 -0.555398 0.356775 0.121388 -0.552633 0.339585 0.120086 -0.290612 0.133213 0.0337869 -0.263017 0.13912 0.0330972 -0.281511 0.141999 0.0146343 -0.290612 0.133213 0.0337869 -0.281511 0.141999 0.0146343 -0.303926 0.130876 -0.0150566 -0.273488 0.15463 -0.00193034 -0.294255 0.143029 -0.032862 -0.304722 0.128041 -0.0646126 -0.313297 0.113137 -0.0437951 -0.296983 0.110024 -0.0950615 -0.307417 0.0900306 -0.0741917 -0.292071 0.0671601 -0.102887 -0.310463 0.0505149 -0.081606 -0.274713 0.0902169 -0.123272 -0.278152 0.0465873 -0.126778 -0.286673 0.13365 -0.112304 -0.259222 0.116778 -0.140519 -0.275856 0.159986 -0.124378 -0.249161 0.144926 -0.151232 -0.26834 0.189538 -0.130627 -0.237548 0.175095 -0.153289 -0.209866 0.166741 -0.168949 -0.22682 0.209827 -0.155614 -0.198115 0.201136 -0.175671 -0.167313 0.194226 -0.196387 -0.178582 0.159273 -0.189448 -0.12864 0.189912 -0.213487 -0.139144 0.158942 -0.206698 -0.0803711 0.189508 -0.22645 -0.0908973 0.159965 -0.217821 -0.0997018 0.128584 -0.214736 -0.103078 0.0952958 -0.218795 -0.0460731 0.159444 -0.224249 -0.050833 0.131191 -0.22415 -0.0554932 0.100823 -0.220272 -0.011342 0.128689 -0.221138 -0.0155519 0.0998107 -0.223939 0.0300626 0.126151 -0.224079 0.0238955 0.0966536 -0.221004 0.0689486 0.122643 -0.22443 0.0632667 0.0934635 -0.22037 0.107891 0.120778 -0.212088 0.101576 0.0916181 -0.209729 0.143487 0.116679 -0.200115 0.138714 0.0880636 -0.198724 0.170336 0.112217 -0.185453 0.163744 0.0830237 -0.183316 0.201489 0.104733 -0.17492 0.193267 0.0761011 -0.168968 0.23206 0.0962572 -0.161535 0.223107 0.0682867 -0.153905 0.263688 0.087554 -0.14734 0.255404 0.0596308 -0.140614 0.285334 0.0780989 -0.130917 0.278272 0.049526 -0.126021 0.309141 0.0661889 -0.110545 0.30258 0.0379407 -0.107031 0.336166 0.053381 -0.0957095 0.329647 0.0255585 -0.091259 0.358739 0.0426632 -0.0753441 0.343414 0.0814476 -0.099077 0.367634 0.0691584 -0.0810712 0.382966 0.0623457 -0.0535303 0.376287 0.0966085 -0.0846018 0.393078 0.0872628 -0.0587084 0.401691 0.0829729 -0.0274186 0.391854 0.0595391 -0.0227634 0.404708 0.0822729 0.00566596 0.395309 0.0593256 0.010233 0.404529 0.0835697 0.0410855 0.394454 0.0607871 0.0445349 0.399586 0.0876857 0.0686924 0.388485 0.0645631 0.0702719 0.387297 0.095244 0.0849157 0.375326 0.0715336 0.0860543 0.367887 0.105155 0.0944993 0.355629 0.080865 0.0955401 0.345215 0.115557 0.0978213 0.333271 0.0908776 0.0990705 0.321696 0.125904 0.0952789 0.310056 0.101073 0.0970024 0.297736 0.136879 0.0893362 0.28633 0.111712 0.0908437 0.273871 0.14838 0.0813735 0.262565 0.122683 0.0814792 0.250663 0.159873 0.0724813 0.239652 0.133513 0.0701791 0.22744 0.170772 0.0646669 0.21659 0.144076 0.0599571 0.203522 0.180839 0.0584087 0.192363 0.154179 0.0528782 0.178553 0.1904 0.0535167 0.167114 0.164053 0.0480424 0.152666 0.199831 0.0496727 0.141231 0.173835 0.0441097 0.126065 0.20937 0.0461288 0.11492 0.183809 0.0403873 0.0990151 0.21926 0.0425305 0.088137 0.194041 0.0369928 0.0715747 0.22965 0.0388166 0.060847 0.204756 0.0344401 0.0437161 0.240655 0.0367984 0.032733 0.21614 0.0350792 0.016338 0.252152 0.0356356 0.00548979 0.227577 0.0375629 -0.0103404 0.264651 0.0326102 -0.0207369 0.23966 0.0359907 -0.0308054 0.214986 0.0369839 -0.048254 0.253354 0.0320672 -0.0583122 0.228136 0.0337984 -0.0677513 0.202156 0.033037 -0.0863529 0.241877 0.032039 -0.0954288 0.215428 0.031673 -0.103933 0.188413 0.0291688 -0.123775 0.228644 0.0323742 -0.131614 0.201761 0.0293837 -0.140182 0.174791 0.0277213 -0.157179 0.213725 0.0315953 -0.165843 0.187709 0.0312921 -0.175862 0.162099 0.033209 -0.186165 0.197146 0.0254223 -0.195547 0.172725 0.0318807 -0.205896 0.148819 0.0386156 -0.215815 0.18421 0.0146667 -0.224502 0.161644 0.0242259 -0.234204 0.139717 0.0343145 -0.245293 0.172495 0.00646173 -0.253447 0.155118 0.0193307 -0.267016 0.170208 -0.0175246 -0.273488 0.15463 -0.00193034 -0.23866 0.191563 -0.0052243 -0.261753 0.189933 -0.0296881 -0.267016 0.170208 -0.0175246 -0.261753 0.189933 -0.0296881 -0.280471 0.183092 -0.0621389 -0.287039 0.160885 -0.0491533 -0.292829 0.172242 -0.0993667 -0.299409 0.148197 -0.0842535 -0.274048 0.207638 -0.0719994 -0.285186 0.198974 -0.109803 -0.268675 0.234212 -0.0800898 -0.277898 0.227076 -0.117645 -0.260736 0.220915 -0.137128 -0.27155 0.255996 -0.124437 -0.253856 0.2508 -0.148233 -0.219576 0.242337 -0.167841 -0.189631 0.233203 -0.189645 -0.144311 0.254708 -0.222224 -0.156641 0.225105 -0.208432 -0.101889 0.248262 -0.235782 -0.115307 0.219799 -0.224488 -0.0605202 0.24478 -0.233285 -0.0710029 0.21725 -0.231773 -0.0172048 0.245602 -0.226391 -0.0279876 0.216362 -0.220768 -0.0385026 0.187239 -0.220141 0.016364 0.216205 -0.225405 0.00669461 0.186841 -0.22123 -0.00308719 0.157842 -0.219581 0.0471902 0.185346 -0.22935 0.0380306 0.155595 -0.227153 0.0852013 0.182737 -0.227834 0.0763519 0.152636 -0.225879 0.119566 0.180509 -0.211181 0.113288 0.150054 -0.211758 0.154051 0.176633 -0.197268 0.146878 0.145992 -0.197281 0.188731 0.170797 -0.190523 0.178391 0.141392 -0.187305 0.220944 0.163145 -0.184065 0.210792 0.133725 -0.180149 0.250066 0.154825 -0.17059 0.240772 0.125143 -0.166903 0.279081 0.144375 -0.15378 0.272374 0.115683 -0.152348 0.303074 0.13411 -0.137904 0.294586 0.10649 -0.136311 0.326237 0.122775 -0.117362 0.317223 0.094437 -0.114889 0.352365 0.109663 -0.101969 0.336618 0.150879 -0.117108 0.362693 0.138279 -0.102868 0.386214 0.124878 -0.0864841 0.373319 0.167678 -0.0992088 0.396802 0.154404 -0.0837885 0.413734 0.141354 -0.0617367 0.403054 0.11355 -0.0619454 0.422307 0.131921 -0.033546 0.411704 0.106913 -0.0313932 0.425086 0.127881 -0.00346559 0.414648 0.104706 0.000865736 0.424806 0.12895 0.0282348 0.414807 0.106016 0.0353853 0.420803 0.133475 0.0578173 0.410667 0.110554 0.0648104 0.410631 0.141053 0.0756385 0.399525 0.118451 0.0819632 0.392646 0.151206 0.0841727 0.380532 0.128812 0.0911212 0.370192 0.161866 0.086964 0.357751 0.139455 0.0943448 0.346619 0.172253 0.0848168 0.334032 0.14979 0.0914921 0.322574 0.183969 0.0790889 0.309931 0.16109 0.0854823 0.299022 0.197039 0.0724251 0.286127 0.173284 0.0783524 0.27616 0.210336 0.0659985 0.262938 0.185569 0.0710785 0.253314 0.222408 0.0604813 0.239859 0.197041 0.0645625 0.229212 0.232648 0.0560144 0.215961 0.207212 0.059164 0.203296 0.241721 0.0524128 0.190738 0.216507 0.0548168 0.176317 0.250565 0.049277 0.164557 0.225631 0.0511573 0.148757 0.259426 0.0461009 0.137529 0.234757 0.0476554 0.120687 0.268366 0.042153 0.11 0.244183 0.0439202 0.0925058 0.278189 0.0376273 0.082146 0.254275 0.0397714 0.0644092 0.289312 0.0329914 0.054374 0.265352 0.035801 0.0374994 0.302228 0.0282393 0.0271307 0.277261 0.0322443 0.0119749 0.315204 0.0230218 0.000557794 0.289763 0.0282455 -0.0131603 0.326816 0.0149548 -0.0257192 0.302266 0.0220338 -0.0373 0.277897 0.0276791 -0.0520125 0.314754 0.0144759 -0.0645744 0.291377 0.0221053 -0.0760734 0.267322 0.0282738 -0.0923095 0.305102 0.0162491 -0.104297 0.280889 0.0240694 -0.114946 0.255106 0.0307917 -0.13211 0.293214 0.0181893 -0.141798 0.266072 0.0273519 -0.149673 0.239785 0.0321751 -0.167009 0.274791 0.0151256 -0.172291 0.248288 0.0199724 -0.178321 0.222516 0.0219914 -0.196946 0.256366 -0.00137551 -0.201377 0.231622 0.000811991 -0.2079 0.207365 0.00621992 -0.227161 0.235294 -0.0218654 -0.232643 0.2124 -0.014899 -0.251627 0.236633 -0.0457059 -0.256505 0.212393 -0.0390979 -0.256505 0.212393 -0.0390979 -0.251627 0.236633 -0.0457059 -0.223417 0.259803 -0.0245632 -0.248123 0.262402 -0.050083 -0.248123 0.262402 -0.050083 -0.265638 0.261793 -0.0863544 -0.245243 0.28818 -0.053238 -0.26296 0.289661 -0.0926136 -0.26551 0.286077 -0.131251 -0.261264 0.316812 -0.0979574 -0.259272 0.315346 -0.137358 -0.258125 0.343426 -0.0991314 -0.252849 0.343747 -0.133169 -0.2547 0.371016 -0.0980093 -0.247612 0.373378 -0.124046 -0.228938 0.379594 -0.151592 -0.244652 0.403683 -0.116777 -0.228038 0.410475 -0.139787 -0.209845 0.418367 -0.159054 -0.207507 0.388144 -0.173026 -0.188043 0.429468 -0.173779 -0.183351 0.401653 -0.187937 -0.162309 0.439931 -0.184938 -0.154059 0.416891 -0.20284 -0.147182 0.390867 -0.216374 -0.135531 0.364639 -0.227792 -0.129822 0.424818 -0.203983 -0.121819 0.403249 -0.216637 -0.111594 0.38038 -0.222857 -0.0937123 0.365779 -0.221033 -0.114189 0.347164 -0.234794 -0.0701561 0.355096 -0.213563 -0.0880559 0.334485 -0.231885 -0.106559 0.310712 -0.241068 -0.126247 0.283832 -0.235718 -0.0568704 0.32778 -0.222289 -0.0724934 0.302572 -0.23515 -0.0877659 0.275808 -0.240617 -0.0352144 0.30165 -0.227131 -0.0477068 0.27328 -0.231921 0.00193807 0.306669 -0.22766 -0.0070733 0.275769 -0.229765 0.0243336 0.247205 -0.230969 0.0643797 0.247231 -0.2355 0.05622 0.215667 -0.232407 0.102875 0.243848 -0.229701 0.0939807 0.213418 -0.228684 0.139899 0.238323 -0.216018 0.129248 0.210008 -0.21365 0.176391 0.233196 -0.205401 0.165113 0.205219 -0.201953 0.211396 0.228304 -0.197393 0.200082 0.199476 -0.195005 0.243843 0.222323 -0.187686 0.232186 0.192691 -0.186744 0.272576 0.213979 -0.172638 0.260537 0.184478 -0.172433 0.297892 0.202638 -0.15307 0.286772 0.173775 -0.154252 0.32239 0.190469 -0.132358 0.311493 0.162156 -0.135591 0.347495 0.17934 -0.113722 0.330857 0.218347 -0.123353 0.355822 0.208129 -0.10377 0.382031 0.19792 -0.0896495 0.360715 0.236265 -0.0901806 0.389014 0.228662 -0.0772185 0.414071 0.215794 -0.0656197 0.406218 0.184876 -0.0763261 0.432648 0.200871 -0.0485281 0.423969 0.170603 -0.0570714 0.443251 0.188317 -0.0268771 0.433098 0.158997 -0.0324298 0.446951 0.180748 -0.00325652 0.436017 0.152886 -0.00575445 0.445445 0.178712 0.0225345 0.435109 0.15271 0.022727 0.440387 0.181004 0.0483327 0.430549 0.156642 0.0507664 0.431391 0.185624 0.0652504 0.420942 0.163106 0.0686002 0.415145 0.193157 0.0707242 0.403794 0.172085 0.0757861 0.39375 0.20263 0.0698968 0.381871 0.182444 0.0774377 0.371489 0.213284 0.0675565 0.358965 0.193034 0.0756843 0.349112 0.226154 0.0633917 0.335546 0.205325 0.0707116 0.327028 0.241623 0.0582952 0.312598 0.219587 0.064699 0.290177 0.234251 0.0592193 0.267391 0.247215 0.0549994 0.242638 0.257348 0.0515291 0.227227 0.287806 0.0435682 0.215663 0.265832 0.0483177 0.197861 0.296011 0.0392905 0.187516 0.2744 0.045493 0.168613 0.305417 0.0358072 0.159152 0.283168 0.0427963 0.140449 0.313368 0.0301676 0.130743 0.29143 0.0379374 0.113227 0.32224 0.0249723 0.102651 0.300733 0.0328888 0.0870433 0.333396 0.0209873 0.0748563 0.312136 0.0273952 0.0639045 0.347217 0.0175399 0.0491229 0.327303 0.0231799 0.0251934 0.340683 0.0184833 0.002321 0.350118 0.00782893 -0.022666 0.358516 -0.00665342 -0.0382807 0.337594 0.00440628 -0.0637035 0.349491 -0.00425835 -0.0788099 0.32768 0.00764627 0.10574 0.348371 0.0139522 0.0850214 0.359861 0.00778082 0.127766 0.33976 0.0180292 0.151257 0.331745 0.023203 0.167432 0.342689 0.0138645 0.178624 0.322283 0.0281675 0.191051 0.334159 0.0200804 0.204144 0.349137 0.00776927 0.18447 0.356203 0.000411943 0.214305 0.37144 0.00630692 0.196578 0.378193 -0.00154691 0.219723 0.394584 0.0164743 0.202407 0.401504 0.0086029 0.188966 0.410435 -0.00223692 0.205794 0.426428 0.0192451 0.192485 0.434181 0.00718784 0.183636 0.442602 -0.00907626 0.180947 0.419828 -0.0166561 0.18317 0.449161 -0.0288205 0.178801 0.427987 -0.0347425 0.178801 0.427987 -0.0347425 0.18317 0.449161 -0.0288205 0.187874 0.453719 -0.0516191 0.182435 0.431971 -0.0571362 0.173582 0.415032 -0.0621233 0.169426 0.410815 -0.0401539 0.159357 0.409059 -0.0648069 0.154177 0.401299 -0.0434976 0.144619 0.409281 -0.0678059 0.139322 0.404692 -0.0452262 0.134675 0.420539 -0.0693427 0.127191 0.413801 -0.0470549 0.131484 0.437801 -0.0677344 0.122847 0.430948 -0.0452105 0.127191 0.413801 -0.0470549 0.122847 0.430948 -0.0452105 0.106436 0.420164 -0.0304219 0.11311 0.399713 -0.0335815 0.122044 0.452948 -0.0383931 0.105546 0.44369 -0.0203638 0.121891 0.477539 -0.0305985 0.105067 0.46967 -0.010076 0.0821353 0.461621 0.00244268 0.102955 0.498257 -0.00366983 0.0815455 0.493274 0.0111493 0.0567948 0.491125 0.0162086 0.0554142 0.45805 0.00610993 0.0324208 0.492377 0.0110251 0.0288517 0.459719 0.00180652 0.0113826 0.497155 -0.00239196 0.00710677 0.467117 -0.0118921 0.00210254 0.439472 -0.0267068 -0.00879045 0.477415 -0.0316207 -0.0125066 0.451817 -0.0433598 -0.0125066 0.451817 -0.0433598 -0.00879045 0.477415 -0.0316207 -0.0211598 0.48829 -0.0571709 -0.0247204 0.46605 -0.0667255 -0.0281001 0.498214 -0.0903655 -0.0315303 0.476957 -0.0960968 -0.0376818 0.45695 -0.0998539 -0.050112 0.444755 -0.104716 -0.0235847 0.502479 -0.114589 -0.0245243 0.521755 -0.0832591 -0.0211683 0.527924 -0.110915 -0.00431061 0.528412 -0.126621 -0.00655128 0.500717 -0.131024 0.0192006 0.527955 -0.140514 0.0162323 0.499597 -0.145218 0.0455525 0.526765 -0.145623 0.0427536 0.498737 -0.150526 0.04049 0.471139 -0.160374 0.0392774 0.447015 -0.174776 0.070433 0.49697 -0.145475 0.0690071 0.470946 -0.152771 0.0681718 0.447175 -0.165363 0.0693494 0.423975 -0.182194 0.0412547 0.424288 -0.186761 0.0958391 0.46846 -0.136998 0.0955509 0.494138 -0.131324 0.115235 0.490753 -0.110556 0.116114 0.464815 -0.116213 0.127948 0.487294 -0.0852816 0.128435 0.462474 -0.0907774 0.130305 0.483096 -0.056969 0.130904 0.459223 -0.0628879 0.121891 0.477539 -0.0305985 0.122044 0.452948 -0.0383931 0.127824 0.513968 -0.0811793 0.129802 0.509274 -0.0524702 0.120236 0.504336 -0.0256398 0.129321 0.537713 -0.0499239 0.119268 0.532723 -0.0236847 0.120236 0.504336 -0.0256398 0.119268 0.532723 -0.0236847 0.101973 0.528764 -0.00210065 0.119504 0.562223 -0.0226093 0.102958 0.558812 -0.00212685 0.0824562 0.557597 0.0135381 0.0813803 0.526187 0.0144554 0.0584957 0.55825 0.0203311 0.0573268 0.525547 0.0219563 0.0343223 0.559388 0.0163996 0.0329998 0.52639 0.0172221 0.0136513 0.560795 0.00324787 0.0123515 0.528759 0.00270491 -0.00253329 0.563617 -0.016051 -0.00411447 0.533057 -0.0179085 -0.00587098 0.504222 -0.0223714 -0.00587098 0.504222 -0.0223714 -0.00411447 0.533057 -0.0179085 -0.0164317 0.53935 -0.0431805 -0.0189149 0.512544 -0.048401 -0.0215112 0.547627 -0.0771695 -0.0141013 0.568255 -0.0402492 -0.0188945 0.575769 -0.0729793 -0.0162547 0.58359 -0.103653 -0.0186225 0.55472 -0.107125 -0.00149901 0.586662 -0.120289 -0.00261454 0.556792 -0.123293 0.023578 0.587158 -0.131625 0.0220215 0.556688 -0.13606 0.04967 0.586793 -0.137852 0.048072 0.555944 -0.142138 0.0752518 0.584714 -0.13366 0.0739717 0.553783 -0.137737 0.0722209 0.524555 -0.141343 0.0972182 0.550939 -0.124644 0.0964187 0.521657 -0.127831 0.115208 0.547251 -0.103861 0.115302 0.518101 -0.106873 0.126579 0.542783 -0.0781868 0.114768 0.577574 -0.100041 0.126092 0.572826 -0.0750167 0.128352 0.567406 -0.0476808 0.126501 0.603708 -0.0705382 0.129037 0.598037 -0.044129 0.120494 0.592542 -0.0204555 0.119504 0.562223 -0.0226093 0.12803 0.629489 -0.0396198 0.121307 0.623083 -0.0163639 0.120494 0.592542 -0.0204555 0.121307 0.623083 -0.0163639 0.107437 0.617832 0.00274907 0.10531 0.588463 -0.000814871 0.0875262 0.614585 0.016047 0.0852179 0.586653 0.013622 0.0640321 0.614015 0.0211333 0.0613148 0.587225 0.0196049 0.0401326 0.615791 0.0160977 0.037169 0.588971 0.0151657 0.0188951 0.61895 0.00404859 0.0158797 0.591091 0.00295485 0.00118452 0.623292 -0.0131749 -0.00103802 0.59413 -0.0149681 -0.00103802 0.59413 -0.0149681 0.00118452 0.623292 -0.0131749 -0.0110424 0.628937 -0.0355768 -0.0123512 0.59844 -0.0383878 -0.00253329 0.563617 -0.016051 -0.0153179 0.637254 -0.0657234 -0.0166802 0.605826 -0.0696707 -0.0122751 0.645383 -0.093665 -0.014348 0.613996 -0.0995811 0.00198804 0.648936 -0.108934 -0.000121596 0.617559 -0.115638 0.0261248 0.651022 -0.11947 0.0248279 0.618504 -0.12589 0.0520867 0.652071 -0.125547 0.0509346 0.618566 -0.131573 0.0770757 0.650326 -0.122347 0.0758482 0.616747 -0.127932 0.0987317 0.645938 -0.10933 0.0976607 0.613171 -0.114774 0.0982036 0.581684 -0.121149 0.115436 0.608806 -0.0952862 0.116132 0.640656 -0.0900128 0.126709 0.635214 -0.0654896 0.115301 0.673393 -0.0821607 0.125026 0.667319 -0.0589613 0.126027 0.660445 -0.0338926 0.121852 0.698178 -0.0480979 0.122713 0.689868 -0.0243871 0.116291 0.681044 -0.00227675 0.119396 0.653041 -0.0109983 0.119396 0.653041 -0.0109983 0.116291 0.681044 -0.00227675 0.103802 0.672985 0.0158886 0.106527 0.64635 0.00774971 0.0857394 0.667013 0.0276445 0.087448 0.641483 0.0202506 0.0640846 0.664208 0.0319002 0.0648388 0.639691 0.0243111 0.0421585 0.665211 0.0276312 0.0419766 0.641047 0.0197294 0.0220726 0.669332 0.0172374 0.0212774 0.644721 0.00845668 0.00522759 0.676168 0.00175333 0.00336496 0.650407 -0.00764396 0.00336496 0.650407 -0.00764396 0.00522759 0.676168 0.00175333 -0.00664197 0.685785 -0.0198171 -0.00918061 0.658257 -0.0295949 -0.0113524 0.69785 -0.0485001 -0.0143235 0.668699 -0.0594614 -0.00855904 0.706704 -0.0716522 -0.0105004 0.676679 -0.0849311 0.00440934 0.712112 -0.0854058 0.00336902 0.680688 -0.0994071 0.0271193 0.716369 -0.0950747 0.0271104 0.683947 -0.109561 0.0517876 0.718166 -0.0992132 0.0524135 0.685896 -0.115104 0.0757951 0.716889 -0.0971467 0.0772717 0.684465 -0.112843 0.0970943 0.712142 -0.087172 0.0989234 0.679333 -0.100983 0.11201 0.705329 -0.0696734 0.0947788 0.743048 -0.069765 0.109527 0.735921 -0.0540435 0.117526 0.727078 -0.033609 0.108282 0.765297 -0.0374335 0.115468 0.754927 -0.0175197 0.117693 0.743736 0.00371263 0.119092 0.717295 -0.0114193 0.111842 0.732607 0.0242544 0.113138 0.707401 0.00954971 0.113138 0.707401 0.00954971 0.111842 0.732607 0.0242544 0.0995853 0.722549 0.0421832 0.101046 0.6983 0.0275522 0.0819381 0.714777 0.0550974 0.0839054 0.69089 0.0405803 0.0606075 0.709823 0.0620142 0.0623311 0.687107 0.0450451 0.0380483 0.70986 0.059609 0.0404305 0.687651 0.0416457 0.018974 0.715676 0.0485821 0.0208998 0.692401 0.0313891 0.00383236 0.724518 0.0330757 0.00505382 0.700481 0.0163281 0.00505382 0.700481 0.0163281 0.00383236 0.724518 0.0330757 -0.00644074 0.735903 0.012621 -0.00649548 0.711127 -0.00458244 -0.0109219 0.749741 -0.0144877 -0.0103453 0.724464 -0.0324355 -0.00804472 0.761234 -0.0379864 -0.0070676 0.734587 -0.0546299 0.00475119 0.768427 -0.0505092 0.0056419 0.74114 -0.0674081 0.0262236 0.774096 -0.0589668 0.0272324 0.746108 -0.0766234 0.0498028 0.777109 -0.0631476 0.0510247 0.748305 -0.0811091 0.0724091 0.776579 -0.0608163 0.0740915 0.747217 -0.0786952 0.0931415 0.772879 -0.0524753 0.0702105 0.805603 -0.0444637 0.0908636 0.801461 -0.0355217 0.10659 0.793493 -0.0208878 0.0885307 0.830378 -0.0197007 0.105308 0.822068 -0.00582933 0.113874 0.809884 0.0131894 0.115019 0.782257 -0.00169992 0.116721 0.796434 0.0337369 0.117978 0.769792 0.019283 0.111641 0.783451 0.0536568 0.113223 0.757065 0.0401479 0.113223 0.757065 0.0401479 0.111641 0.783451 0.0536568 0.100296 0.772319 0.0711493 0.100273 0.74655 0.0578153 0.082208 0.764709 0.083706 0.082244 0.738274 0.0720262 0.0599674 0.761553 0.0896487 0.0597668 0.734726 0.0779905 0.0370951 0.763013 0.0870025 0.0368578 0.735593 0.0755897 0.0168592 0.768333 0.0771799 0.0174347 0.741007 0.0648983 0.00182104 0.777046 0.0614691 0.00227184 0.749908 0.0487371 0.00227184 0.749908 0.0487371 0.00182104 0.777046 0.0614691 -0.0080229 0.788385 0.0408152 -0.00765497 0.761359 0.0282312 -0.0124027 0.802668 0.0141653 -0.0117895 0.775508 0.00105057 -0.0102232 0.814897 -0.00846656 -0.00892435 0.787599 -0.0226126 0.00131248 0.823247 -0.0205852 0.00225965 0.795711 -0.0358011 0.0219992 0.830448 -0.0277634 0.0239227 0.801885 -0.043185 0.0452162 0.834812 -0.0311216 0.0474581 0.805826 -0.0472579 0.0677943 0.834707 -0.0284421 0.0428845 0.86418 -0.0127981 0.0650196 0.864884 -0.0108009 0.0856654 0.860219 -0.00276594 0.0603588 0.892989 0.0118372 0.0809764 0.887217 0.0189241 0.0989278 0.876786 0.030075 0.102543 0.85057 0.0103937 0.108979 0.863149 0.0459233 0.111271 0.837306 0.0284481 0.112545 0.848721 0.0645667 0.114558 0.82339 0.0480645 0.108517 0.835115 0.0830305 0.110348 0.810005 0.0673305 0.110348 0.810005 0.0673305 0.108517 0.835115 0.0830305 0.0978511 0.822969 0.09898 0.0992984 0.798542 0.0840061 0.0806664 0.814123 0.110219 0.0817453 0.790398 0.0959766 0.0589445 0.810662 0.114105 0.0599256 0.787112 0.100817 0.0368056 0.812181 0.110956 0.0372098 0.788626 0.0981226 0.0179501 0.8189 0.100533 0.0179929 0.794787 0.0877371 0.00375286 0.828863 0.0853606 0.00334643 0.804094 0.0723924 0.00334643 0.804094 0.0723924 0.00375286 0.828863 0.0853606 -0.00763058 0.841547 0.0654035 -0.00742292 0.815939 0.0521877 -0.0134873 0.856436 0.0421832 -0.0126589 0.830339 0.026791 -0.0113887 0.868406 0.0253901 -0.0106493 0.84223 0.00713158 -0.000767072 0.878336 0.0165212 0.000591382 0.851025 -0.00359695 0.0176583 0.88707 0.011438 0.0205562 0.858979 -0.00992849 0.0385292 0.89292 0.00944517 0.0134496 0.910441 0.0378537 0.0344859 0.915416 0.0372366 0.0562035 0.915119 0.0390219 0.0312249 0.931222 0.0645171 0.0535005 0.931352 0.0654126 0.0752952 0.928001 0.0682953 0.0777026 0.909806 0.0436445 0.0937522 0.920232 0.0757938 0.0967367 0.900381 0.0521415 0.105421 0.907779 0.0883116 0.107291 0.886707 0.0663479 0.108085 0.893333 0.10435 0.109869 0.872088 0.0835843 0.104709 0.879295 0.121 0.106524 0.858144 0.101179 0.106524 0.858144 0.101179 0.104709 0.879295 0.121 0.0943705 0.866304 0.136619 0.0957951 0.845461 0.116721 0.0770748 0.856025 0.148374 0.0789395 0.835754 0.127971 0.0545631 0.851263 0.151989 0.0572487 0.831262 0.132068 0.0317429 0.853306 0.146844 0.0344704 0.832835 0.128086 0.0117155 0.86 0.136431 0.0150464 0.839794 0.117503 -0.00275188 0.870586 0.122348 0.00143932 0.85077 0.102346 0.00143932 0.85077 0.102346 -0.00275188 0.870586 0.122348 -0.0115321 0.884609 0.105272 -0.00937946 0.864174 0.0832485 -0.0177422 0.899365 0.0867141 -0.0158119 0.879053 0.0627674 -0.0170858 0.911799 0.0725226 -0.0140571 0.891634 0.0477788 -0.0080412 0.920979 0.0656678 -0.00427874 0.90173 0.0408022 0.00941398 0.927814 0.0642677 -0.0100793 0.939418 0.0876869 0.00671936 0.943699 0.0859021 0.0285302 0.945547 0.0862669 0.00662679 0.960096 0.104154 0.0269599 0.960253 0.103214 0.0481836 0.960102 0.103527 0.0508216 0.945825 0.0871792 0.0687536 0.959297 0.106138 0.072206 0.944018 0.089618 0.0866065 0.955177 0.112937 0.0911875 0.938383 0.0961057 0.0983188 0.945768 0.12515 0.102302 0.926848 0.108541 0.102824 0.933251 0.139713 0.10711 0.91336 0.123468 0.0993532 0.920225 0.155362 0.102726 0.899591 0.139621 0.102726 0.899591 0.139621 0.0993532 0.920225 0.155362 0.0883429 0.909114 0.170006 0.0918894 0.887281 0.155011 0.071307 0.900474 0.181614 0.0744019 0.877401 0.167082 0.0491999 0.896002 0.186336 0.0515574 0.872049 0.171709 0.0267267 0.897116 0.183042 0.0278748 0.873533 0.166982 0.00772231 0.903805 0.173208 0.0075481 0.880167 0.156823 -0.0051196 0.915022 0.159319 -0.00588464 0.891539 0.142566 -0.00588464 0.891539 0.142566 -0.0051196 0.915022 0.159319 -0.0129763 0.928007 0.144067 -0.0134617 0.90515 0.126593 -0.0175339 0.940683 0.128759 -0.0185798 0.919407 0.109201 -0.0172116 0.950909 0.11635 -0.01836 0.931202 0.0954635 -0.00909912 0.957677 0.107743 -0.0109552 0.970165 0.135591 -0.00201508 0.974416 0.127377 0.0115739 0.975932 0.121846 0.00928778 0.989521 0.144497 0.0218133 0.991378 0.138035 0.0368975 0.998541 0.152328 0.0511084 1 0.16437 0.06233 0.996652 0.153361 0.0730208 0.98639 0.14113 0.0610504 0.992667 0.175401 0.0724975 0.989793 0.163879 0.083592 0.979308 0.151151 0.0926944 0.963745 0.138758 0.0811011 0.971632 0.127244 0.0971732 0.95227 0.152456 0.0947942 0.940431 0.168058 0.0947942 0.940431 0.168058 0.0846891 0.929916 0.182734 0.0634459 0.945002 0.198442 0.06791 0.923013 0.19319 0.0455983 0.943158 0.20105 0.0475296 0.920169 0.196152 0.0583034 0.964257 0.19732 0.0419565 0.962484 0.199469 0.0419565 0.962484 0.199469 0.0583034 0.964257 0.19732 0.0538183 0.978504 0.191272 0.0375999 0.975972 0.191778 0.0197647 0.972566 0.186146 0.0235671 0.958943 0.194135 0.000611023 0.965168 0.17288 0.00717719 0.953277 0.184504 -0.00184524 0.975833 0.16138 -0.0123788 0.961689 0.145875 -0.0100981 0.951124 0.158571 0.000687575 0.984046 0.152218 -0.00190256 0.938822 0.171748 0.0452779 0.398128 -0.202988 0.0178572 0.390005 -0.196177 0.0727644 0.400855 -0.20051 0.0744757 0.377808 -0.212149 0.0442642 0.373626 -0.214796 0.00848075 0.33634 -0.219665 0.0147662 0.364572 -0.209915 -0.0240592 0.328755 -0.217194 -0.0140383 0.355006 -0.205133 -0.00795118 0.378484 -0.192621 -0.0434354 0.350413 -0.205869 -0.032853 0.371644 -0.193444 -0.0564832 0.372312 -0.198355 -0.0535338 0.388877 -0.180827 -0.0557911 0.411663 -0.164858 0.196573 0.456381 -0.0764206 0.190942 0.477858 -0.0475197 0.200767 0.481641 -0.0728732 0.213145 0.483714 -0.0907947 0.208224 0.457953 -0.0947847 0.229119 0.483237 -0.097243 0.224015 0.457402 -0.102464 0.250898 0.480355 -0.096888 0.246376 0.454157 -0.102764 0.242831 0.428775 -0.109108 0.239419 0.403999 -0.119008 0.26937 0.448948 -0.0970841 0.267173 0.422944 -0.104554 0.266015 0.396989 -0.114188 0.265593 0.371353 -0.130122 0.235673 0.378553 -0.137579 0.287553 0.416568 -0.0928362 0.287871 0.389291 -0.100997 0.290734 0.36355 -0.115517 0.294582 0.340773 -0.128803 0.266552 0.34971 -0.145017 0.305433 0.382094 -0.0830788 0.310077 0.354143 -0.0936625 0.315661 0.329884 -0.105108 0.317316 0.307266 -0.115181 0.296629 0.317353 -0.140101 0.333043 0.294468 -0.0882811 0.333876 0.270162 -0.097486 0.315766 0.28325 -0.124236 0.313486 0.257584 -0.13506 0.290511 0.270063 -0.159652 0.294913 0.294852 -0.150584 0.334507 0.245028 -0.110175 0.308004 0.230581 -0.14621 0.283443 0.242716 -0.16806 0.254065 0.251531 -0.184564 0.261449 0.279156 -0.177743 0.221228 0.257089 -0.195237 0.228827 0.284574 -0.188518 0.234071 0.309151 -0.178793 0.266195 0.303466 -0.168696 0.235709 0.332631 -0.165792 0.26769 0.325902 -0.156604 0.235093 0.357742 -0.154456 0.206289 0.333686 -0.170838 0.20671 0.35813 -0.159856 0.178743 0.333621 -0.175184 0.180999 0.355415 -0.161151 0.153607 0.337816 -0.182464 0.156524 0.35463 -0.165187 0.172062 0.314698 -0.191061 0.161484 0.292726 -0.204713 0.20261 0.311599 -0.184871 0.195374 0.287827 -0.196151 0.186623 0.26106 -0.203714 0.15072 0.26618 -0.213772 0.303267 0.410621 -0.076188 0.312974 0.405706 -0.0566361 0.303237 0.438061 -0.0702143 0.312071 0.433297 -0.0510635 0.31505 0.428831 -0.0304132 0.315717 0.401419 -0.0356598 0.311152 0.424748 -0.0100875 0.310466 0.397333 -0.0160724 0.310466 0.397333 -0.0160724 0.311152 0.424748 -0.0100875 0.299009 0.421401 0.00691949 0.298102 0.393784 2.36435e-05 0.297944 0.366023 -0.00540893 0.311656 0.368597 -0.0208529 0.281147 0.391337 0.0119438 0.278915 0.364815 0.0045633 0.277058 0.339692 0.00655514 0.257438 0.364977 0.00983297 0.251823 0.34092 0.0116927 0.244416 0.321258 0.0255154 0.236609 0.305278 0.0374322 0.227224 0.343569 0.0103041 0.21728 0.326315 0.024209 0.207418 0.313124 0.0333337 0.235107 0.366925 0.0100481 0.261184 0.389803 0.0191265 0.239788 0.390692 0.0206082 0.26308 0.417488 0.027783 0.242581 0.417891 0.0300237 0.222964 0.420898 0.0267784 0.245536 0.447 0.037681 0.22588 0.449547 0.0350314 0.209027 0.454279 0.0264549 0.228898 0.478987 0.0405519 0.211431 0.483117 0.0321649 0.198051 0.488344 0.0182506 0.195752 0.46024 0.0132894 0.190652 0.493697 1.98185e-06 0.18756 0.467153 -0.00394716 0.189612 0.498532 -0.0207083 0.186215 0.472922 -0.0240609 0.186215 0.472922 -0.0240609 0.189612 0.498532 -0.0207083 0.19482 0.503443 -0.0446351 0.195197 0.525873 -0.0180457 0.200374 0.530765 -0.04177 0.210859 0.535517 -0.0651647 0.205721 0.507805 -0.0692434 0.22367 0.538431 -0.0791311 0.218085 0.510365 -0.0856511 0.24049 0.538851 -0.0837527 0.234488 0.510381 -0.0911148 0.261761 0.53637 -0.0838383 0.256103 0.507721 -0.090501 0.282392 0.531998 -0.079969 0.277136 0.503296 -0.0854102 0.272737 0.475721 -0.0912417 0.295113 0.498031 -0.0755175 0.291311 0.470442 -0.0805713 0.288491 0.443339 -0.0859649 0.305659 0.46521 -0.0651751 0.309602 0.492753 -0.0608756 0.318348 0.488025 -0.0422398 0.314568 0.460357 -0.0462052 0.321152 0.483739 -0.0219111 0.317101 0.455882 -0.0253815 0.317076 0.480087 -0.0013288 0.313663 0.452067 -0.00469761 0.313663 0.452067 -0.00469761 0.317076 0.480087 -0.0013288 0.30493 0.477519 0.016337 0.302126 0.449066 0.0132414 0.288425 0.475827 0.0304127 0.28538 0.447066 0.026738 0.282371 0.418883 0.0196662 0.265969 0.44628 0.035306 0.269296 0.475377 0.0399005 0.248633 0.476403 0.0423709 0.272796 0.503666 0.0412528 0.252832 0.505155 0.0445 0.233267 0.507977 0.0425033 0.257147 0.532383 0.0462612 0.238417 0.535458 0.0435774 0.22175 0.539725 0.0358585 0.215949 0.512068 0.0344829 0.208853 0.544574 0.0228124 0.203717 0.516681 0.0199241 0.201284 0.549715 0.00554507 0.196489 0.521333 0.00219967 0.200066 0.554802 -0.0145406 0.195197 0.525873 -0.0180457 0.205514 0.577428 0.0118426 0.203728 0.583607 -0.00730093 0.200066 0.554802 -0.0145406 0.203728 0.583607 -0.00730093 0.209622 0.58962 -0.0293768 0.205154 0.560226 -0.0374046 0.220212 0.594651 -0.0507385 0.215321 0.565234 -0.05951 0.233251 0.597678 -0.0633548 0.228529 0.568274 -0.0724092 0.251001 0.598097 -0.0664427 0.246086 0.568669 -0.0761629 0.272286 0.596517 -0.0662531 0.267427 0.566319 -0.076049 0.292337 0.593026 -0.0630278 0.287753 0.562472 -0.0735852 0.309887 0.588285 -0.0559702 0.304306 0.557048 -0.0643957 0.299187 0.526752 -0.0697533 0.317428 0.551714 -0.0506175 0.313291 0.521619 -0.0562374 0.324788 0.546772 -0.0330028 0.321862 0.516855 -0.0385151 0.32604 0.542019 -0.0140447 0.323558 0.512716 -0.0187653 0.321353 0.537539 0.00523224 0.318915 0.50902 0.000826597 0.318915 0.50902 0.000826597 0.321353 0.537539 0.00523224 0.310615 0.533634 0.0225059 0.307544 0.506 0.0182297 0.295116 0.531217 0.036065 0.291707 0.503944 0.0323701 0.276567 0.530844 0.0438726 0.298189 0.557644 0.0431866 0.279726 0.556833 0.0508003 0.260432 0.558022 0.0531713 0.282026 0.581885 0.0620353 0.262459 0.582802 0.0644869 0.243883 0.586017 0.0610094 0.241879 0.561116 0.0501371 0.228261 0.591362 0.0513781 0.225282 0.565881 0.0419478 0.21552 0.597597 0.0382623 0.213098 0.571531 0.0284452 0.208958 0.604371 0.0216143 0.2186 0.623908 0.0481891 0.212323 0.630564 0.0313349 0.212263 0.637557 0.0114839 0.207514 0.61111 0.00248937 0.207514 0.61111 0.00248937 0.212263 0.637557 0.0114839 0.218463 0.644183 -0.00995036 0.213681 0.617621 -0.01942 0.2284 0.649115 -0.0281231 0.225223 0.622338 -0.0394266 0.240184 0.652084 -0.0378014 0.237759 0.625146 -0.0511093 0.256616 0.653895 -0.0401182 0.25489 0.6262 -0.0541132 0.276438 0.654256 -0.0389262 0.275587 0.625601 -0.0533807 0.295778 0.652862 -0.0358348 0.295396 0.623323 -0.0502217 0.312272 0.648491 -0.0278788 0.312587 0.619224 -0.043148 0.324293 0.641786 -0.0153857 0.32466 0.612992 -0.0301008 0.321629 0.582446 -0.0421856 0.330146 0.605673 -0.013344 0.327851 0.576785 -0.0248707 0.330348 0.598522 0.00490468 0.329052 0.570848 -0.00601916 0.325717 0.592054 0.0234906 0.324176 0.56519 0.01301 0.324176 0.56519 0.01301 0.325717 0.592054 0.0234906 0.31604 0.586669 0.0409055 0.313623 0.560641 0.0300079 0.30086 0.583118 0.0543056 0.315502 0.613191 0.0502046 0.300756 0.609776 0.0630958 0.283152 0.608404 0.071866 0.301846 0.636406 0.070669 0.284838 0.635513 0.077865 0.26667 0.636923 0.080594 0.263935 0.609324 0.0751669 0.249066 0.640559 0.0766656 0.245169 0.612595 0.0722383 0.234363 0.645626 0.0674448 0.229674 0.617906 0.0621438 0.224144 0.6512 0.0541353 0.238527 0.671225 0.072993 0.228279 0.677429 0.060627 0.221772 0.684739 0.045111 0.217752 0.657509 0.0383056 0.220469 0.692919 0.0268836 0.217247 0.664736 0.0187183 0.217247 0.664736 0.0187183 0.220469 0.692919 0.0268836 0.224404 0.699418 0.00993069 0.221849 0.671452 -0.00115943 0.232049 0.704392 -0.00136451 0.229938 0.676348 -0.0159855 0.24365 0.707567 -0.00629585 0.241667 0.679322 -0.0231409 0.259336 0.709658 -0.00713193 0.257552 0.681461 -0.024187 0.277427 0.710544 -0.00640973 0.276307 0.682418 -0.0232289 0.295335 0.708642 -0.00279879 0.294897 0.680719 -0.0192474 0.311137 0.704026 0.00464179 0.310868 0.676071 -0.0111419 0.323135 0.697101 0.0158907 0.322709 0.669205 0.000561459 0.329864 0.688628 0.0296472 0.329854 0.66102 0.0146531 0.331105 0.633662 0.000296972 0.331141 0.652571 0.0301132 0.33148 0.625435 0.0173928 0.32608 0.645174 0.0454187 0.326087 0.618388 0.0345013 0.326087 0.618388 0.0345013 0.32608 0.645174 0.0454187 0.316071 0.639555 0.0592885 0.326141 0.672043 0.0580924 0.316847 0.665807 0.0705349 0.302859 0.66247 0.0792968 0.316518 0.690736 0.0842596 0.303667 0.686246 0.0925889 0.287656 0.684787 0.0962183 0.286753 0.661734 0.083867 0.270893 0.685863 0.0957075 0.269805 0.662805 0.0851231 0.254671 0.688844 0.0914842 0.252923 0.666198 0.0812262 0.241196 0.694161 0.0830647 0.254363 0.708841 0.106336 0.240953 0.714293 0.0982075 0.231075 0.72249 0.0865624 0.230737 0.701387 0.0711509 0.225396 0.732129 0.0720257 0.225286 0.710146 0.0557288 0.225339 0.74217 0.0563499 0.223846 0.718857 0.0391934 0.223846 0.718857 0.0391934 0.225339 0.74217 0.0563499 0.22866 0.750484 0.0442286 0.226903 0.72669 0.0252373 0.236299 0.757075 0.0372741 0.2345 0.731953 0.0165379 0.248666 0.762195 0.0338912 0.246012 0.73625 0.0120764 0.264292 0.765917 0.0321445 0.261943 0.738483 0.0111454 0.281422 0.766728 0.0321896 0.279323 0.739048 0.0114945 0.298087 0.76409 0.035509 0.296569 0.737048 0.014621 0.311981 0.758084 0.0427956 0.31151 0.731854 0.0223161 0.321808 0.749547 0.053399 0.322634 0.724297 0.0332644 0.328045 0.74001 0.0651646 0.328864 0.715344 0.0461942 0.329932 0.730305 0.0781608 0.330865 0.706114 0.0600032 0.330387 0.679983 0.0440429 0.326566 0.69742 0.0732046 0.326141 0.672043 0.0580924 0.326059 0.720878 0.0907569 0.326566 0.69742 0.0732046 0.326059 0.720878 0.0907569 0.316645 0.713281 0.101446 0.327018 0.742076 0.110961 0.316682 0.733808 0.121104 0.301833 0.728724 0.127048 0.303046 0.708517 0.108276 0.285149 0.725419 0.12998 0.286991 0.706182 0.111128 0.268246 0.724622 0.129711 0.270612 0.706714 0.11019 0.251716 0.726875 0.125511 0.264721 0.742311 0.150706 0.24768 0.745092 0.146835 0.23341 0.751406 0.139377 0.237672 0.732489 0.117844 0.2241 0.760467 0.128168 0.228121 0.74104 0.106587 0.219829 0.771459 0.11305 0.223756 0.752014 0.0916277 0.21966 0.7826 0.0967302 0.223409 0.762562 0.0762611 0.223409 0.762562 0.0762611 0.21966 0.7826 0.0967302 0.223766 0.792384 0.0833412 0.228005 0.771641 0.0644187 0.232688 0.799802 0.076703 0.235941 0.779027 0.0580077 0.245821 0.805685 0.0753356 0.248683 0.784896 0.0556382 0.26251 0.809361 0.0771876 0.26487 0.789569 0.0548184 0.280094 0.810772 0.0794254 0.282109 0.790458 0.0560057 0.297121 0.809131 0.0828407 0.298597 0.788026 0.0593216 0.312409 0.804017 0.0882053 0.313346 0.782501 0.0651828 0.323138 0.794999 0.0971892 0.324198 0.773621 0.0744413 0.329015 0.78416 0.108106 0.330505 0.763163 0.0859678 0.330022 0.772951 0.120196 0.331426 0.752394 0.0986775 0.325469 0.762218 0.131837 0.327018 0.742076 0.110961 0.328783 0.791867 0.141085 0.324103 0.780844 0.152596 0.325469 0.762218 0.131837 0.324103 0.780844 0.152596 0.3124 0.772362 0.161322 0.314913 0.753376 0.141469 0.297287 0.766182 0.167299 0.299563 0.747634 0.147254 0.280281 0.762509 0.170992 0.282486 0.743553 0.150723 0.26243 0.761894 0.171553 0.279364 0.782349 0.189466 0.261917 0.78302 0.190233 0.245484 0.787717 0.18602 0.245432 0.765658 0.16788 0.231766 0.794862 0.177662 0.231479 0.772669 0.160094 0.222592 0.804169 0.165521 0.222334 0.782034 0.1484 0.216819 0.814299 0.150863 0.217765 0.79262 0.133375 0.216109 0.824972 0.13489 0.21658 0.803548 0.116825 0.21658 0.803548 0.116825 0.216109 0.824972 0.13489 0.220079 0.834127 0.121276 0.220845 0.813265 0.10265 0.22836 0.840767 0.113591 0.229388 0.820588 0.0951178 0.240602 0.84493 0.111499 0.24219 0.825859 0.0938987 0.256901 0.84616 0.114281 0.258726 0.828867 0.0961597 0.274197 0.845652 0.118164 0.276519 0.829392 0.100113 0.291049 0.843007 0.12308 0.293989 0.827462 0.10416 0.305613 0.837769 0.129393 0.309115 0.82204 0.110057 0.318171 0.830738 0.137251 0.320221 0.81337 0.118816 0.325192 0.820934 0.148038 0.327332 0.803135 0.129346 0.326931 0.809899 0.159713 0.323835 0.838534 0.163985 0.324726 0.827977 0.176019 0.319959 0.817778 0.186755 0.321512 0.799383 0.170566 0.321512 0.799383 0.170566 0.319959 0.817778 0.186755 0.309704 0.809328 0.195879 0.310673 0.790794 0.179471 0.295429 0.80381 0.202495 0.296039 0.784869 0.185781 0.279127 0.802783 0.205645 0.264743 0.826352 0.218486 0.262563 0.80467 0.205801 0.250477 0.830617 0.214358 0.246913 0.80966 0.201274 0.237471 0.836795 0.206975 0.233388 0.8165 0.193037 0.228145 0.844623 0.195559 0.223242 0.825089 0.181304 0.222561 0.853904 0.181144 0.218003 0.835201 0.166542 0.221666 0.864059 0.165891 0.217212 0.845708 0.15096 0.217212 0.845708 0.15096 0.221666 0.864059 0.165891 0.225062 0.871928 0.153959 0.220886 0.854475 0.137877 0.228864 0.860369 0.130432 0.241593 0.863133 0.128805 0.257306 0.863425 0.130504 0.275773 0.877753 0.149754 0.274026 0.861707 0.13402 0.290238 0.876307 0.153052 0.290485 0.859611 0.137909 0.30385 0.872331 0.158867 0.305167 0.8553 0.143979 0.314521 0.864997 0.167676 0.316521 0.847973 0.153098 0.321241 0.855803 0.178687 0.322377 0.846025 0.190498 0.311865 0.854954 0.214365 0.318633 0.836217 0.201868 0.318633 0.836217 0.201868 0.311865 0.854954 0.214365 0.299978 0.867061 0.220151 0.299978 0.867061 0.220151 0.2867 0.875668 0.219855 0.2867 0.875668 0.219855 0.278696 0.863845 0.226799 0.269705 0.846313 0.226604 0.274988 0.881835 0.216766 0.265874 0.868917 0.22239 0.256941 0.851271 0.222041 0.254297 0.873362 0.216943 0.245326 0.855763 0.215486 0.263343 0.88603 0.210885 0.263343 0.88603 0.210885 0.274988 0.881835 0.216766 0.283729 0.890914 0.207198 0.272107 0.895032 0.201243 0.259369 0.895434 0.193465 0.251791 0.889076 0.202741 0.280583 0.896576 0.186458 0.26769 0.89923 0.1809 0.244984 0.892603 0.181526 0.23961 0.886008 0.190835 0.234243 0.884532 0.16875 0.230378 0.878152 0.179888 0.287352 0.890703 0.169438 0.274284 0.892841 0.165698 0.292232 0.892928 0.192266 0.300047 0.886769 0.175156 0.363266 0.247613 0.0619925 0.342897 0.262767 0.0569417 0.375764 0.269577 0.0702541 0.358544 0.282464 0.0611801 0.385384 0.290309 0.0821972 0.371762 0.303098 0.0668385 0.362779 0.317501 0.0478516 0.383032 0.326854 0.0748214 0.374335 0.341286 0.0576819 0.372954 0.352876 0.0373409 0.386439 0.365096 0.065565 0.38595 0.374863 0.0447629 0.393449 0.379357 0.0205804 0.379627 0.358218 0.0140029 0.379627 0.358218 0.0140029 0.393449 0.379357 0.0205804 0.407418 0.37717 -0.00511652 0.394663 0.354309 -0.0123707 0.423152 0.370134 -0.0201935 0.410773 0.345697 -0.0298083 0.441796 0.36232 -0.0209732 0.429633 0.335885 -0.0314294 0.464145 0.353524 -0.0144291 0.452836 0.324993 -0.0256255 0.484325 0.344204 -0.00609785 0.473219 0.314351 -0.0152233 0.461159 0.284763 -0.0260816 0.451198 0.257967 -0.0365275 0.487542 0.304698 0.000329565 0.476797 0.273979 -0.00982143 0.464715 0.24731 -0.0181246 0.453616 0.218917 -0.0218312 0.441799 0.231165 -0.042352 0.483219 0.267146 0.0113326 0.470716 0.239822 0.00409818 0.458264 0.210681 0.00115955 0.469472 0.235568 0.0306835 0.456777 0.207022 0.0266575 0.463617 0.234359 0.0568968 0.451702 0.20701 0.0513755 0.453627 0.23583 0.0722892 0.443099 0.209551 0.0672274 0.437154 0.240194 0.0765012 0.426907 0.215375 0.0710289 0.415625 0.247378 0.0762229 0.405766 0.224149 0.0689116 0.394486 0.257709 0.0746608 0.384114 0.234776 0.0659958 0.422047 0.272022 0.0895135 0.401927 0.280156 0.0893932 0.431606 0.29727 0.100123 0.411056 0.304106 0.0991061 0.395299 0.313898 0.0898071 0.423383 0.333029 0.103728 0.406886 0.342077 0.0958355 0.39496 0.353049 0.0820311 0.420274 0.369795 0.0982911 0.407917 0.379575 0.0865793 0.400776 0.38967 0.0701267 0.421088 0.404737 0.0918953 0.414589 0.414227 0.0759922 0.41484 0.422281 0.0548239 0.400477 0.398054 0.0495872 0.422253 0.4266 0.0294916 0.408029 0.402182 0.0243422 0.408029 0.402182 0.0243422 0.422253 0.4266 0.0294916 0.432585 0.427203 0.00934921 0.419547 0.40175 -0.000110758 0.446122 0.424656 4.06886e-05 0.433911 0.396874 -0.0122114 0.464294 0.419364 -8.36309e-05 0.452544 0.390142 -0.011663 0.484289 0.411808 0.00613301 0.474161 0.382431 -0.00453342 0.502553 0.403434 0.0154033 0.493805 0.373938 0.00385987 0.517291 0.394228 0.0283947 0.508127 0.364186 0.017574 0.497616 0.334401 0.0088766 0.513998 0.354845 0.0367856 0.50384 0.325618 0.0288027 0.493657 0.296721 0.0210531 0.502819 0.318612 0.0530763 0.492401 0.290753 0.0466966 0.481793 0.26303 0.0381812 0.485043 0.287814 0.073527 0.474211 0.261536 0.0650084 0.47358 0.288583 0.0905216 0.463208 0.26273 0.080521 0.454857 0.292692 0.0964293 0.445077 0.266257 0.0865208 0.483926 0.315231 0.0980151 0.466474 0.319972 0.103569 0.444174 0.325988 0.104989 0.478156 0.34702 0.109075 0.457133 0.353476 0.108462 0.436688 0.361133 0.105723 0.467817 0.379487 0.113342 0.447858 0.386636 0.110536 0.432039 0.395322 0.103321 0.456655 0.411387 0.119342 0.441569 0.419951 0.112851 0.431677 0.429403 0.100997 0.450148 0.444453 0.124523 0.441515 0.453876 0.111455 0.43656 0.463153 0.0946804 0.426788 0.438545 0.0844104 0.436898 0.471576 0.0730587 0.427485 0.446625 0.0627915 0.442735 0.477104 0.0514833 0.43472 0.451242 0.0389935 0.43472 0.451242 0.0389935 0.442735 0.477104 0.0514833 0.451635 0.480352 0.0374884 0.444203 0.453299 0.0228644 0.466237 0.480536 0.0320125 0.457557 0.452801 0.0151604 0.484364 0.477483 0.0316033 0.475646 0.44908 0.0137728 0.50209 0.471471 0.0350958 0.494664 0.441987 0.0179979 0.517708 0.463594 0.0426267 0.5112 0.433683 0.0269215 0.528997 0.454656 0.0562313 0.52439 0.424846 0.040817 0.535485 0.445306 0.0755302 0.531344 0.415993 0.0591337 0.524242 0.384895 0.0463895 0.530177 0.408232 0.0820917 0.524002 0.377476 0.0685713 0.513381 0.347502 0.0596196 0.516093 0.37301 0.0927553 0.505577 0.34357 0.0847326 0.495327 0.314648 0.0797258 0.494039 0.343569 0.102999 0.503746 0.371956 0.109602 0.487755 0.374117 0.114585 0.510549 0.399669 0.118013 0.494739 0.399975 0.12271 0.475405 0.404488 0.121968 0.500397 0.425952 0.132518 0.481584 0.428924 0.134679 0.463818 0.435612 0.132332 0.488442 0.455626 0.145341 0.472349 0.461619 0.142424 0.458129 0.469585 0.136116 0.48005 0.486495 0.154123 0.467533 0.494319 0.145419 0.458835 0.503388 0.132504 0.448834 0.47882 0.123355 0.455612 0.512816 0.11489 0.445642 0.488123 0.105216 0.45569 0.521557 0.0960075 0.446848 0.496385 0.084413 0.459839 0.528063 0.0809223 0.451834 0.502305 0.0662442 0.451834 0.502305 0.0662442 0.459839 0.528063 0.0809223 0.468919 0.532321 0.0721773 0.460116 0.50609 0.0543131 0.482464 0.534729 0.0673462 0.474266 0.507102 0.0497854 0.499341 0.533251 0.0664567 0.491638 0.505121 0.0491075 0.515626 0.527974 0.070338 0.508504 0.499311 0.0533178 0.529428 0.520391 0.0781836 0.522683 0.491836 0.0612022 0.539576 0.510916 0.0915084 0.533905 0.482876 0.0737406 0.54516 0.500574 0.110279 0.54042 0.472866 0.0931296 0.544697 0.491222 0.129914 0.540326 0.463454 0.115398 0.534403 0.436719 0.0989106 0.533454 0.457096 0.131191 0.52839 0.429907 0.118483 0.521915 0.40295 0.104089 0.516547 0.426374 0.128448 0.522278 0.453515 0.139109 0.506263 0.452839 0.143675 0.528333 0.481166 0.150554 0.513017 0.480157 0.154444 0.496007 0.481583 0.156698 0.518749 0.505461 0.167542 0.501643 0.506457 0.169056 0.486059 0.510744 0.165757 0.504076 0.528709 0.185164 0.487703 0.532335 0.181723 0.474252 0.539015 0.173473 0.473851 0.517792 0.157192 0.465492 0.54819 0.159958 0.465035 0.526686 0.144198 0.461735 0.558386 0.142396 0.461099 0.536489 0.126713 0.46332 0.568028 0.125384 0.460988 0.545499 0.109151 0.46839 0.57628 0.113137 0.465536 0.553112 0.09638 0.465536 0.553112 0.09638 0.46839 0.57628 0.113137 0.478457 0.582169 0.106652 0.475115 0.558785 0.0892681 0.493052 0.586412 0.102953 0.489565 0.562397 0.084681 0.510828 0.586289 0.10287 0.506938 0.561561 0.0840827 0.527328 0.581726 0.107854 0.52294 0.556312 0.0883643 0.541587 0.574466 0.117757 0.537183 0.548986 0.0964088 0.551479 0.564308 0.133619 0.546511 0.538947 0.110747 0.557685 0.55418 0.150782 0.552416 0.528273 0.128425 0.557334 0.544251 0.164122 0.552017 0.518541 0.145834 0.549804 0.536594 0.172647 0.545633 0.511857 0.157454 0.53927 0.484749 0.143615 0.534166 0.507611 0.16348 0.537235 0.531368 0.178521 0.521215 0.52827 0.183657 0.537274 0.553554 0.194847 0.521199 0.550429 0.201036 0.503966 0.550135 0.203695 0.521019 0.573493 0.214524 0.504479 0.573553 0.217315 0.488292 0.576926 0.214185 0.487185 0.553453 0.200084 0.475835 0.583356 0.205042 0.473229 0.559986 0.191284 0.466425 0.59145 0.192016 0.463278 0.5688 0.178047 0.462998 0.600059 0.175541 0.460875 0.579024 0.160565 0.465429 0.607751 0.15719 0.463884 0.588284 0.142655 0.471323 0.614825 0.142814 0.469211 0.596658 0.128919 0.469211 0.596658 0.128919 0.471323 0.614825 0.142814 0.47995 0.620517 0.134727 0.47908 0.602701 0.121922 0.493812 0.622953 0.133382 0.493283 0.606352 0.119282 0.510114 0.62254 0.135445 0.510541 0.6061 0.120377 0.5255 0.617961 0.141917 0.52687 0.601382 0.12674 0.538407 0.610194 0.15371 0.540575 0.593687 0.138625 0.547996 0.601923 0.168846 0.550781 0.58425 0.155239 0.553727 0.59467 0.183249 0.555989 0.57542 0.170326 0.553923 0.588149 0.194359 0.557321 0.567062 0.180956 0.547693 0.582228 0.202653 0.550016 0.559336 0.188445 0.536344 0.576549 0.209311 0.546758 0.603332 0.213944 0.536195 0.599777 0.218991 0.522315 0.597138 0.222427 0.537499 0.6207 0.225881 0.5244 0.618852 0.22803 0.506661 0.597356 0.223462 0.49196 0.599894 0.220594 0.480723 0.604836 0.212147 0.479778 0.629073 0.205196 0.472235 0.611526 0.200593 0.477057 0.634971 0.192194 0.468734 0.618606 0.185762 0.470121 0.624779 0.168526 0.474107 0.631031 0.155178 0.474107 0.631031 0.155178 0.482831 0.635175 0.147067 0.500184 0.649632 0.159653 0.496001 0.637259 0.146704 0.513797 0.649903 0.162951 0.510918 0.636725 0.149623 0.527054 0.645582 0.168785 0.525016 0.633071 0.155452 0.516846 0.660295 0.177197 0.529649 0.654419 0.182338 0.529649 0.654419 0.182338 0.516846 0.660295 0.177197 0.518932 0.664783 0.1904 0.531697 0.657613 0.19627 0.542807 0.644277 0.203619 0.548682 0.627327 0.208161 0.540428 0.642382 0.216065 0.545395 0.623966 0.219288 0.551776 0.608285 0.204623 0.532775 0.640122 0.223173 0.522115 0.637678 0.226601 0.503912 0.659856 0.174361 0.506386 0.66643 0.189373 0.495346 0.660419 0.201756 0.484541 0.64975 0.198817 0.48821 0.644567 0.208904 0.498881 0.65519 0.212311 0.503912 0.659856 0.174361 -0.111288 0.430568 -0.189485 -0.140198 0.447422 -0.182358 -0.119621 0.453446 -0.162638 -0.148785 0.471788 -0.161711 -0.126687 0.476754 -0.14523 -0.154846 0.497942 -0.150938 -0.133045 0.500883 -0.136046 -0.114715 0.500671 -0.115665 -0.13823 0.527084 -0.130951 -0.120414 0.526486 -0.11058 -0.109616 0.522579 -0.0858265 -0.103123 0.497315 -0.0909694 -0.107157 0.516136 -0.0600022 -0.100128 0.490957 -0.0646249 -0.113717 0.508006 -0.0362925 -0.107536 0.48095 -0.0403667 -0.102594 0.455578 -0.0470292 -0.0932866 0.432961 -0.0518449 -0.102594 0.455578 -0.0470292 -0.107536 0.48095 -0.0403667 -0.123776 0.470009 -0.0220815 -0.119179 0.442393 -0.0311235 -0.110006 0.416289 -0.0388518 -0.0932866 0.432961 -0.0518449 -0.140851 0.432277 -0.0186882 -0.145608 0.46234 -0.0109236 -0.171368 0.457387 -0.00812388 -0.166418 0.426267 -0.0153284 -0.197492 0.454399 -0.0138726 -0.193171 0.423732 -0.0210217 -0.221913 0.454351 -0.0284524 -0.217826 0.424498 -0.0354128 -0.215116 0.394583 -0.0406509 -0.216722 0.364899 -0.0376567 -0.239916 0.427632 -0.0610704 -0.238568 0.397661 -0.0649169 -0.240061 0.3684 -0.0635293 -0.241669 0.340264 -0.0597061 -0.217878 0.336859 -0.0319888 -0.240061 0.3684 -0.0635293 -0.238568 0.397661 -0.0649169 -0.252284 0.400351 -0.0941001 -0.241669 0.340264 -0.0597061 -0.239916 0.427632 -0.0610704 -0.252795 0.430255 -0.0884713 -0.245885 0.434147 -0.109556 -0.255574 0.45982 -0.0821307 -0.249144 0.46426 -0.102917 -0.236148 0.470801 -0.124701 -0.231069 0.440717 -0.131022 -0.220928 0.47772 -0.142856 -0.214641 0.448045 -0.148967 -0.20133 0.485 -0.15412 -0.194421 0.456732 -0.161603 -0.178367 0.492069 -0.156845 -0.171332 0.465134 -0.167902 -0.207015 0.514621 -0.149731 -0.183843 0.520392 -0.152502 -0.160083 0.524942 -0.145469 -0.188458 0.550368 -0.147669 -0.164928 0.553545 -0.141297 -0.143485 0.55467 -0.126424 -0.170234 0.583823 -0.13403 -0.149441 0.583181 -0.120211 -0.132773 0.581302 -0.100269 -0.126002 0.553468 -0.105719 -0.121501 0.577991 -0.077238 -0.115118 0.549669 -0.081372 -0.119156 0.572288 -0.0523581 -0.112526 0.543882 -0.0561341 -0.126026 0.565044 -0.0299487 -0.119206 0.536656 -0.0328427 -0.119206 0.536656 -0.0328427 -0.126026 0.565044 -0.0299487 -0.140772 0.557067 -0.0123087 -0.13464 0.528819 -0.0149316 -0.129615 0.499581 -0.0187046 -0.113717 0.508006 -0.0362925 -0.155812 0.521795 -0.00393469 -0.151175 0.492954 -0.00849241 -0.180541 0.51647 -0.00123936 -0.176134 0.487895 -0.00597483 -0.20633 0.51367 -0.005761 -0.202077 0.484664 -0.00964017 -0.231272 0.51386 -0.0217467 -0.226386 0.484429 -0.0246519 -0.253606 0.515808 -0.0482846 -0.248571 0.486619 -0.0515442 -0.24394 0.457096 -0.0552059 -0.24394 0.457096 -0.0552059 -0.248571 0.486619 -0.0515442 -0.260032 0.489009 -0.0764892 -0.253606 0.515808 -0.0482846 -0.263294 0.518444 -0.0707902 -0.257015 0.524278 -0.0918024 -0.253142 0.494159 -0.0971018 -0.245991 0.531506 -0.114369 -0.241049 0.501101 -0.119096 -0.230905 0.5387 -0.132622 -0.226778 0.507956 -0.138066 -0.211404 0.545389 -0.144315 -0.235881 0.570551 -0.126597 -0.21626 0.577914 -0.137948 -0.19321 0.582491 -0.141392 -0.219953 0.6088 -0.123384 -0.197705 0.613353 -0.126952 -0.175325 0.614443 -0.122 -0.202254 0.641926 -0.109418 -0.181193 0.643307 -0.105607 -0.163199 0.641095 -0.0944417 -0.156396 0.612184 -0.109039 -0.149088 0.637144 -0.0784724 -0.141032 0.609321 -0.0915435 -0.140448 0.63182 -0.0592173 -0.131081 0.605291 -0.0699556 -0.138448 0.62498 -0.038964 -0.129495 0.598922 -0.047448 -0.143547 0.617313 -0.0196091 -0.134937 0.591587 -0.0263433 -0.134937 0.591587 -0.0263433 -0.143547 0.617313 -0.0196091 -0.155845 0.609499 -0.00424199 -0.148714 0.58388 -0.0101148 -0.173945 0.602338 0.00537012 -0.167984 0.576886 -0.000893925 -0.161146 0.550011 -0.00110303 -0.189767 0.571382 0.00263952 -0.184724 0.544494 0.00153555 -0.213164 0.5683 -0.00270907 -0.209346 0.541504 -0.00387107 -0.237689 0.568246 -0.0180881 -0.234926 0.541638 -0.0204584 -0.257042 0.570713 -0.0393658 -0.256137 0.543952 -0.0446219 -0.256137 0.543952 -0.0446219 -0.257042 0.570713 -0.0393658 -0.26243 0.57588 -0.0572585 -0.263154 0.547883 -0.064881 -0.25976 0.583918 -0.0770357 -0.258883 0.554599 -0.0860492 -0.253214 0.592996 -0.0980253 -0.249221 0.562273 -0.108278 -0.239143 0.601492 -0.113575 -0.255336 0.621659 -0.0818629 -0.241727 0.630551 -0.0968158 -0.223098 0.637441 -0.106306 -0.244684 0.658129 -0.0805551 -0.227241 0.665502 -0.0900842 -0.20732 0.670691 -0.0940325 -0.233361 0.694545 -0.0775682 -0.212823 0.699614 -0.0804112 -0.191939 0.700537 -0.0761325 -0.186854 0.671922 -0.0897498 -0.173275 0.697967 -0.0661506 -0.16856 0.669883 -0.0796965 -0.158441 0.692843 -0.0518501 -0.154615 0.665146 -0.0645631 -0.149042 0.686042 -0.0338776 -0.145048 0.659041 -0.0465436 -0.145392 0.677958 -0.0141914 -0.141388 0.65163 -0.0268393 -0.150225 0.668605 0.00478496 -0.14665 0.643082 -0.00790663 -0.14665 0.643082 -0.00790663 -0.150225 0.668605 0.00478496 -0.164271 0.65923 0.0192751 -0.16064 0.634537 0.00632839 -0.181971 0.650279 0.0300306 -0.178225 0.626438 0.0166505 -0.202886 0.642625 0.0359525 -0.199172 0.61994 0.0208323 -0.194845 0.596625 0.00879525 -0.221896 0.616581 0.0174448 -0.217649 0.593258 0.00490305 -0.245591 0.617696 0.00373324 -0.241909 0.593195 -0.00952431 -0.264994 0.621889 -0.0158216 -0.260585 0.596382 -0.0293789 -0.260585 0.596382 -0.0293789 -0.264994 0.621889 -0.0158216 -0.272323 0.628416 -0.0323233 -0.266466 0.60248 -0.0457064 -0.267885 0.638197 -0.048242 -0.263047 0.611558 -0.063119 -0.258815 0.649074 -0.0662082 -0.27447 0.664723 -0.0349371 -0.264374 0.676215 -0.0525991 -0.251119 0.686483 -0.0681153 -0.270316 0.703985 -0.039494 -0.257406 0.71552 -0.0547724 -0.239524 0.724093 -0.0637997 -0.261316 0.743801 -0.0376441 -0.242932 0.752818 -0.0456319 -0.22191 0.756985 -0.0487954 -0.218296 0.728592 -0.0661671 -0.200639 0.756605 -0.0463935 -0.196815 0.728863 -0.0623683 -0.181625 0.753108 -0.0386326 -0.177737 0.725701 -0.0532226 -0.167273 0.747019 -0.0256257 -0.162804 0.720167 -0.0392879 -0.158394 0.739195 -0.00940886 -0.153718 0.712796 -0.0216704 -0.156896 0.730174 0.00901677 -0.149924 0.70432 -0.00229776 -0.161944 0.720044 0.0262443 -0.155081 0.694555 0.0164908 -0.155081 0.694555 0.0164908 -0.161944 0.720044 0.0262443 -0.173237 0.709515 0.0416454 -0.167983 0.68425 0.0317728 -0.19079 0.69985 0.0526629 -0.186168 0.674689 0.0425666 -0.211461 0.692491 0.0588504 -0.20716 0.667159 0.0485912 -0.233748 0.689859 0.0566256 -0.229611 0.664664 0.0450582 -0.225828 0.639636 0.0325733 -0.251832 0.66708 0.0321555 -0.248716 0.642035 0.0185969 -0.272695 0.672812 0.0120663 -0.268968 0.647476 -0.00157529 -0.268968 0.647476 -0.00157529 -0.272695 0.672812 0.0120663 -0.283731 0.680433 -0.0063317 -0.278294 0.65456 -0.0190461 -0.280322 0.691334 -0.0220663 -0.287253 0.706377 0.00664476 -0.284674 0.717475 -0.00835505 -0.274581 0.731161 -0.0237744 -0.287968 0.743124 0.00724643 -0.278361 0.757043 -0.00618748 -0.263332 0.769927 -0.0175887 -0.280688 0.780991 0.0140084 -0.264893 0.793352 0.00456832 -0.245989 0.802084 -0.00126537 -0.244603 0.779254 -0.0246654 -0.225929 0.806995 -0.00425504 -0.223701 0.783769 -0.0279066 -0.206546 0.807838 -0.00387306 -0.203349 0.783266 -0.0269633 -0.18944 0.804878 0.000949076 -0.185435 0.779812 -0.0209447 -0.176017 0.798696 0.0100852 -0.171397 0.773785 -0.00979065 -0.168432 0.789442 0.0230059 -0.163521 0.7654 0.00480208 -0.167465 0.778586 0.0380019 -0.16251 0.755643 0.0214671 -0.173012 0.767368 0.0521971 -0.167217 0.744815 0.0378929 -0.167217 0.744815 0.0378929 -0.173012 0.767368 0.0521971 -0.183444 0.756507 0.0650936 -0.17868 0.734067 0.0516832 -0.198244 0.747203 0.0750416 -0.195029 0.724351 0.062416 -0.217047 0.739758 0.0819631 -0.214821 0.716953 0.069154 -0.238302 0.737328 0.0810223 -0.23679 0.714315 0.0679627 -0.259767 0.740822 0.070908 -0.258237 0.71762 0.0567201 -0.256112 0.691858 0.0455618 -0.278221 0.724233 0.038189 -0.276361 0.698258 0.0254111 -0.276361 0.698258 0.0254111 -0.278221 0.724233 0.038189 -0.28999 0.732281 0.0209063 -0.278508 0.748662 0.0534479 -0.289564 0.757126 0.0375915 -0.29019 0.767443 0.0255933 -0.290471 0.77837 0.0574908 -0.290632 0.789337 0.0465432 -0.282063 0.802387 0.0363825 -0.292374 0.808306 0.0668596 -0.284581 0.820581 0.0575107 -0.269283 0.830973 0.0496731 -0.266588 0.813655 0.0280856 -0.250556 0.837434 0.0458061 -0.247904 0.821006 0.02345 -0.232149 0.841838 0.0439615 -0.228972 0.825543 0.02111 -0.214608 0.844374 0.0439071 -0.21082 0.827286 0.0212932 -0.198277 0.843868 0.0466068 -0.194329 0.825609 0.0247393 -0.185405 0.83772 0.0539424 -0.181408 0.819667 0.0326425 -0.177922 0.828073 0.0649213 -0.174633 0.809927 0.0444516 -0.17693 0.817097 0.077239 -0.172714 0.798634 0.0574855 -0.180216 0.806176 0.0894525 -0.177955 0.787367 0.0704992 -0.177955 0.787367 0.0704992 -0.180216 0.806176 0.0894525 -0.189108 0.795962 0.101286 -0.187329 0.776909 0.0823915 -0.202317 0.787205 0.111318 -0.200685 0.767632 0.0924966 -0.220193 0.780581 0.117319 -0.218649 0.76069 0.0986489 -0.241177 0.778146 0.116098 -0.239614 0.757843 0.0983572 -0.262262 0.780479 0.107549 -0.260968 0.76117 0.0884988 -0.280393 0.787952 0.0923756 -0.279184 0.769422 0.07198 -0.278508 0.748662 0.0534479 -0.279184 0.769422 0.07198 -0.280393 0.787952 0.0923756 -0.29095 0.797762 0.0775603 -0.281294 0.807242 0.11122 -0.292345 0.816274 0.096305 -0.294503 0.826222 0.0848749 -0.293266 0.835187 0.113047 -0.295302 0.84438 0.101267 -0.287935 0.853918 0.0918164 -0.287258 0.837356 0.0756903 -0.273923 0.862572 0.0835868 -0.272086 0.847102 0.0680534 -0.255285 0.868256 0.0784632 -0.253219 0.852911 0.0638981 -0.237227 0.87264 0.0765429 -0.23472 0.857112 0.0623308 -0.220628 0.876085 0.0766715 -0.217419 0.859695 0.0626173 -0.204907 0.877008 0.080441 -0.201194 0.860037 0.0658101 -0.191689 0.873208 0.0885466 -0.187879 0.855089 0.072598 -0.183394 0.865931 0.0994216 -0.17915 0.846824 0.082987 -0.182836 0.85578 0.110989 -0.177681 0.836216 0.0949446 -0.18637 0.845488 0.121975 -0.182044 0.825506 0.106703 -0.182044 0.825506 0.106703 -0.18637 0.845488 0.121975 -0.195617 0.836 0.131606 -0.192205 0.816319 0.117141 -0.2089 0.828113 0.139178 -0.205821 0.808299 0.12572 -0.225924 0.822074 0.144397 -0.223189 0.801716 0.131776 -0.245053 0.819633 0.145044 -0.243338 0.798918 0.131605 -0.264968 0.821018 0.140053 -0.263726 0.800635 0.124737 -0.283039 0.826697 0.128065 -0.281294 0.807242 0.11122 -0.26379 0.841085 0.151634 -0.280689 0.846675 0.1392 -0.283039 0.826697 0.128065 -0.280689 0.846675 0.1392 -0.291053 0.854342 0.126262 -0.286813 0.879028 0.127236 -0.292704 0.862251 0.115268 -0.279048 0.886126 0.117482 -0.286041 0.870411 0.106092 -0.275251 0.892637 0.137122 -0.26872 0.900052 0.127175 -0.260042 0.899837 0.144266 -0.253769 0.906646 0.133787 -0.245055 0.908396 0.118825 -0.234825 0.903954 0.103804 -0.22074 0.905253 0.11001 -0.21102 0.893979 0.0943532 -0.226034 0.891608 0.0903876 -0.209136 0.903538 0.118299 -0.198291 0.891483 0.103069 -0.20264 0.895893 0.128814 -0.191441 0.883945 0.114234 -0.199869 0.886494 0.138965 -0.189704 0.874562 0.125398 -0.203448 0.875685 0.146397 -0.192291 0.864227 0.136062 -0.214079 0.892711 0.150699 -0.215988 0.879624 0.15477 -0.229368 0.892929 0.155408 -0.22957 0.879388 0.159904 -0.22957 0.879388 0.159904 -0.228918 0.861914 0.160571 -0.244616 0.892177 0.155439 -0.244135 0.878494 0.160407 -0.244135 0.878494 0.160407 -0.243976 0.860141 0.16147 -0.245009 0.839963 0.155689 -0.227944 0.84204 0.155078 -0.218866 0.310339 -0.0279369 -0.190431 0.307992 -0.00715403 -0.243225 0.313918 -0.0563281 -0.245243 0.28818 -0.053238 -0.220933 0.284625 -0.026205 -0.243225 0.313918 -0.0563281 -0.19385 0.28129 -0.00381596 -0.160187 0.302991 0.00800356 -0.264011 0.0283057 -0.136948 -0.300122 0.0276242 -0.103405 -0.330258 0.037515 -0.0623043 -0.0808801 -0.452125 0.112928 </float_array>
          <technique_common>
            <accessor count="4616" offset="0" source="#meshId0-positions-array" stride="3">
              <param name="X" type="float" />
              <param name="Y" type="float" />
              <param name="Z" type="float" />
            </accessor>
          </technique_common>
        </source>
        <source id="meshId0-normals" name="meshId0-normals">
          <float_array id="meshId0-normals-array" count="13848"> 0.0911681 0.712777 -0.69544 -0.0752094 0.790935 -0.60726 0.0874261 0.90712 -0.411691 0.273289 0.788799 -0.550554 0.249214 0.702967 -0.66613 0.0429416 0.678512 -0.733333 -0.063077 0.703226 -0.708163 -0.359934 0.697351 0.619797 -0.522922 0.762688 0.380603 -0.547429 0.54168 0.637891 -0.280433 0.595023 0.753197 -0.122343 0.907246 0.402413 -0.308728 0.948577 0.0699267 0.0202807 0.700825 0.713045 0.737375 0.362249 0.570135 0.708196 0.598086 0.375169 0.457234 0.584608 0.670202 0.499923 0.330327 0.8006 0.737375 0.362249 0.570135 0.499923 0.330327 0.8006 0.65313 0.0633056 0.754595 0.862333 0.199439 0.46541 0.862333 0.199439 0.46541 0.880105 0.420552 0.220342 -0.587068 -0.0662362 0.806823 -0.705222 0.114137 0.699738 -0.825069 -0.100812 0.555966 -0.662239 -0.20641 0.720301 -0.319323 -0.0426331 0.946687 -0.436065 0.235747 0.868488 -0.335284 -0.29533 0.894631 -0.459114 0.681499 -0.569888 -0.311615 0.745794 -0.588802 -0.20329 0.646648 -0.7352 -0.359772 0.619696 -0.697525 -0.559467 0.617071 -0.553372 -0.550547 0.712906 -0.434353 -0.439091 0.795799 -0.417018 0.168877 0.894671 0.413575 0.323764 0.935451 0.141805 0.0810374 0.99594 -0.0391914 -0.0953621 0.958018 0.270383 -0.0919152 0.770807 0.630403 0.160314 0.729771 0.664631 0.446317 0.788348 0.423449 -0.153453 0.900884 -0.40603 -0.0477455 0.749165 -0.660661 -0.507526 0.744982 -0.43292 -0.413383 0.874629 -0.253256 -0.223134 0.931878 -0.286032 0.0135993 0.858678 -0.512335 0.166815 0.737613 -0.654293 -0.73683 0.472694 0.483365 -0.66207 0.691043 0.290039 -0.847751 0.503453 0.166895 -0.886316 0.283645 0.366045 -0.620181 0.43193 0.654838 -0.443277 0.727353 0.523893 -0.771704 0.167839 0.613436 0.743037 0.567132 0.355327 0.552595 0.800741 0.231199 0.416937 0.665632 0.618949 0.598737 0.511679 0.616197 0.888593 0.24542 0.387519 0.897925 0.438046 0.0429601 0.75507 0.638553 -0.148723 -0.571075 0.107796 0.81379 -0.66763 0.319882 0.672269 -0.811215 0.108911 0.574516 -0.645333 -0.0740552 0.760304 -0.365087 0.139381 0.920481 -0.418449 0.39135 0.819601 -0.571075 0.107796 0.81379 -0.645333 -0.0740552 0.760304 -0.434406 -0.0599197 0.898722 -0.365087 0.139381 0.920481 0.599491 -0.0185852 0.800166 0.431823 -0.0675174 0.899428 0.474257 -0.28134 0.834223 0.669318 -0.190468 0.718147 0.675788 0.168013 0.717692 0.469521 0.122651 0.874361 0.836126 0.0299244 0.54772 0.267943 -0.307307 0.91311 0.0239598 -0.22877 0.973186 0.0209171 -0.46509 0.885016 0.315598 -0.496185 0.808825 0.562853 -0.101113 0.820349 0.254102 0.071217 0.964552 0.636963 -0.367488 0.677666 0.130876 0.853903 0.503708 0.315257 0.934875 0.163163 -0.134891 0.944071 0.300891 -0.18727 0.771507 0.608035 -0.0519625 0.536981 0.841993 0.377102 0.63299 0.676105 0.589754 0.753277 0.291143 -0.562831 0.807582 -0.176164 -0.339841 0.864755 -0.369739 -0.348685 0.802949 -0.483417 -0.782078 0.58082 -0.225834 -0.562831 0.807582 -0.176164 -0.782078 0.58082 -0.225834 -0.915038 0.390916 0.0994483 -0.802098 0.591537 0.0819937 -0.515145 0.853249 -0.0811881 -0.339841 0.864755 -0.369739 0.878735 0.353318 -0.320923 0.797609 0.423324 -0.429671 0.850196 0.435937 -0.29517 0.936606 0.307365 -0.168212 0.893622 0.317007 -0.317721 0.797328 0.41602 -0.437259 0.957228 0.24614 -0.152084 -0.415549 0.23713 0.878116 -0.575627 0.29104 0.764166 -0.655334 0.175986 0.734551 -0.445108 0.056573 0.893688 -0.230912 0.204403 0.951262 -0.403331 0.306136 0.862325 -0.195275 -0.0106537 0.980691 0.653221 0.728968 -0.204715 0.883995 0.439245 -0.160051 0.921825 0.307063 0.236541 0.768564 0.573389 0.283785 0.653724 0.623004 -0.429547 0.759636 0.454552 -0.46512 0.335609 0.819224 0.465015 0.181943 0.976668 -0.114091 0.37996 0.813833 -0.439667 0.50731 0.729878 -0.458164 0.0778846 0.884883 -0.459255 -0.478944 0.516778 -0.709614 -0.596947 0.381588 -0.705723 -0.406076 0.389662 -0.826599 -0.333226 0.428343 -0.83993 -0.367969 0.382901 -0.84734 -0.359093 0.439256 -0.823472 -0.702013 0.542736 -0.461103 -0.832752 0.223267 -0.506633 -0.234268 0.582471 -0.778361 -0.326582 0.835266 -0.442351 -0.0586078 0.54535 -0.836157 0.776658 0.440959 -0.449841 0.826615 0.231572 -0.512915 0.959587 0.144279 -0.241611 0.894256 0.372877 -0.247526 0.669432 0.476974 -0.569522 0.646924 0.354979 -0.674892 0.534527 0.797679 -0.279266 0.564329 0.729321 -0.386813 0.645882 0.589032 -0.485673 0.614099 0.5523 -0.563779 0.422286 0.73994 -0.523606 -0.381628 0.708539 -0.593576 -0.641802 0.354049 -0.680249 -0.220375 0.282551 -0.933595 -0.231053 0.56418 -0.792664 0.0587912 0.677423 -0.73324 0.0466368 0.760623 -0.647517 0.177252 0.803547 -0.568237 -0.0121459 0.901556 -0.432491 -0.108069 0.919357 -0.37829 -0.602955 0.68312 -0.412059 -0.848138 0.37257 -0.376633 0.536653 0.529824 -0.656727 0.531138 0.658798 -0.532802 0.461523 0.677705 -0.572462 0.548476 0.55994 -0.621 0.450604 0.391489 -0.802304 0.412133 0.570349 -0.710527 0.474488 0.440517 -0.762106 -0.127791 0.580458 0.804201 0.300117 0.505846 0.808733 0.242503 0.476035 0.84533 0.0128988 0.626507 0.779309 -0.127791 0.580458 0.804201 -0.553428 0.344535 0.758296 -0.692155 0.519104 0.50145 -0.232833 0.792645 0.563474 0.300117 0.505846 0.808733 -0.0844668 0.639111 0.764462 -0.244213 0.557567 0.793397 -0.478081 0.199119 0.855448 -0.553428 0.344535 0.758296 -0.0696588 0.246615 0.966607 -0.32098 0.14896 0.935298 -0.281371 0.555466 0.782489 -0.213736 0.604429 0.767452 0.276091 -0.0949859 0.956426 0.273398 -0.365691 0.889676 -0.0639921 -0.320364 0.945131 -0.363003 -0.309917 0.878738 0.109595 0.623858 0.773815 0.313904 0.419994 0.85151 -0.0487525 0.593742 0.803177 -0.323428 0.835873 -0.44352 -0.127545 0.802837 -0.582396 -0.371256 0.67415 -0.638507 -0.528976 0.752046 -0.393206 -0.536325 0.840826 -0.0732578 -0.188302 0.962208 -0.196718 0.0604312 0.908437 -0.413631 0.427683 0.897418 0.108294 0.415594 0.899837 -0.13257 0.257647 0.961344 0.0971408 0.362467 0.862601 0.352899 0.496464 0.754678 0.428935 0.582667 0.79646 0.16171 0.554296 0.812356 -0.181201 -0.179817 0.669939 0.720311 0.165763 0.627072 0.761119 0.211957 0.694059 0.688009 0.0798016 0.733192 0.675323 -0.675765 0.381958 0.630436 -0.751144 0.61122 0.249386 -0.254212 0.801644 0.541057 0.263825 0.744113 0.613753 0.0254025 0.712334 0.701381 -0.200835 0.573247 0.794388 -0.590271 0.183075 0.78617 0.586645 0.553396 -0.591271 0.407599 0.370063 -0.834815 0.514133 0.531563 -0.673133 0.63948 0.594366 -0.487642 0.546263 0.612306 -0.571558 0.588557 0.524064 -0.615595 0.467349 0.287535 -0.836007 -0.0601206 0.377953 0.923871 -0.00234287 0.0657778 0.997832 -0.317862 -0.0487599 0.946882 -0.317765 0.222116 0.921786 -0.404545 0.266739 0.874753 -0.214307 0.362562 0.906985 0.174115 0.459728 0.870824 0.322009 0.0877186 0.942664 -0.074651 0.380412 0.921799 0.00110085 0.485988 0.873964 0.0395498 0.589659 0.806683 -0.905414 -0.0712046 -0.418517 -0.830736 -0.291681 -0.474131 -0.926497 -0.329215 -0.182263 -0.983759 -0.103345 -0.146757 -0.783655 0.204755 -0.586481 -0.684999 -0.0398717 -0.727452 -0.926871 0.269839 -0.260953 -0.795172 -0.163717 0.583865 -0.750311 -0.00443775 0.66107 -0.866771 0.00988943 0.498609 -0.883579 -0.222332 0.412136 -0.840171 -0.345825 0.417754 -0.782793 -0.248435 0.570539 -0.65587 -0.0946812 0.748912 0.234137 0.211719 -0.94887 0.174597 0.266738 -0.947822 -0.00699421 0.16433 -0.986381 -0.075538 0.284937 -0.955565 0.109592 0.0919855 -0.989711 -0.0718265 -0.00122484 -0.997416 0.44099 0.420662 -0.792825 0.357427 0.267898 -0.894693 0.291973 0.101976 -0.950975 0.776277 0.612231 -0.150224 0.896447 0.313356 -0.313354 0.953388 0.190682 -0.233864 0.961396 0.238426 0.137369 0.84001 0.12724 0.52744 0.669352 0.60267 0.434461 -0.0353808 0.932582 0.35922 0.126471 0.96569 -0.226822 0.460036 0.54869 -0.698073 0.827146 0.350452 -0.439332 0.124887 0.520642 -0.844591 -0.0353808 0.932582 0.35922 0.669352 0.60267 0.434461 0.450629 0.349362 0.82151 0.180679 0.635923 0.750305 0.00268793 0.607149 0.794583 -0.382609 0.734358 0.560651 -0.503378 0.853805 -0.132768 -0.279008 0.849596 -0.447595 -0.748835 0.594295 0.293359 -0.503378 0.853805 -0.132768 -0.587292 0.00340853 -0.809368 -0.471824 0.139248 -0.870627 -0.311083 0.0560306 -0.94873 -0.45842 -0.0845446 -0.884705 -0.529044 -0.214967 -0.820915 -0.59059 -0.19305 -0.78354 -0.640427 0.218047 -0.736416 -0.539506 0.273825 -0.796212 -0.728149 0.111087 -0.676356 -0.760458 0.28236 -0.584788 -0.70735 -0.0741072 -0.702968 0.259041 0.306012 -0.916108 0.28858 0.292215 -0.911774 0.47451 0.192133 -0.859026 0.432271 0.189971 -0.881506 -0.0168422 0.587288 -0.809203 0.438106 0.411807 -0.799048 0.355206 0.259744 -0.897976 0.4664 0.372115 -0.802497 0.511497 0.0926774 -0.854273 0.0891223 0.528694 0.844121 -0.0145022 0.302374 0.953079 0.0254995 0.33339 0.942444 0.20378 0.572054 0.794499 -0.166524 0.348547 0.92238 -0.471868 0.512817 0.717188 -0.032809 0.233205 0.971874 0.460671 0.869001 -0.180606 0.630111 0.701806 -0.332309 0.809702 0.574674 0.118878 0.755681 0.6053 0.250116 0.460671 0.869001 -0.180606 0.260306 0.759138 -0.596615 0.45168 0.633523 -0.628199 0.630111 0.701806 -0.332309 -0.165856 0.957348 -0.236592 -0.409904 0.679233 -0.608787 0.645293 0.644013 0.410906 0.501916 0.763203 0.406941 0.501916 0.763203 0.406941 0.0966414 0.945648 0.310501 -0.40747 -0.193473 -0.892489 -0.447149 0.0822883 -0.890666 -0.236151 0.0274417 -0.971329 -0.316591 -0.0906475 -0.944221 -0.45437 -0.201934 -0.867624 -0.406831 -0.317091 -0.856704 -0.349826 -0.333582 -0.875411 -0.435119 -0.250827 -0.86473 -0.6744 0.0334699 -0.737607 -0.586559 0.0608506 -0.807617 -0.533459 0.13627 -0.834776 -0.519874 0.850832 -0.0762627 -0.710913 0.576989 -0.402103 -0.859483 0.231742 -0.455615 -0.659221 0.421138 -0.622953 -0.339512 0.436294 -0.833294 0.0221525 0.432754 -0.90124 -0.48754 0.454638 -0.745392 -0.337095 -0.0562152 0.939791 -0.364195 -0.159439 0.917573 -0.561446 -0.30473 0.769362 -0.535886 -0.267235 0.800882 -0.562394 -0.30012 0.770481 -0.432275 -0.277332 0.858036 -0.213489 -0.15144 0.965136 -0.221493 -0.406039 0.886608 -0.246572 -0.00974259 0.969075 -0.198105 0.0118711 0.980109 -0.271704 -0.270525 0.923576 0.859585 -0.44423 0.252533 0.941439 -0.196593 0.27394 0.879325 -0.240214 0.4112 0.759535 -0.549639 0.347857 0.810059 -0.566621 0.150813 0.94869 -0.283964 0.139111 0.662838 -0.715678 0.220115 -0.554976 -0.539569 0.633141 -0.627985 -0.311115 0.713332 -0.71186 -0.351238 0.608184 -0.597056 -0.615228 0.514799 -0.425497 -0.784793 0.450612 -0.438692 -0.652631 0.617756 -0.501977 -0.411574 0.760674 -0.049774 -0.770232 -0.635818 -0.0440071 -0.655348 -0.754044 0.0313976 -0.694636 -0.718676 0.0276374 -0.822586 -0.567969 -0.109684 -0.835111 -0.539035 -0.14704 -0.705319 -0.693472 -0.0359782 -0.889493 -0.455531 -0.183358 -0.977416 -0.105062 -0.228559 -0.965429 -0.125327 -0.193232 -0.966063 -0.171418 -0.132389 -0.980659 -0.144153 -0.0899161 -0.993561 -0.0689359 -0.150245 -0.987657 -0.0442756 -0.22749 -0.971283 -0.0696995 -0.121747 -0.992552 -0.00424188 -0.208474 -0.978011 -0.00574928 -0.291154 -0.956674 -0.00219642 -0.29685 -0.952455 -0.0686234 -0.28847 -0.948414 -0.131515 -0.379026 -0.920659 -0.0934131 -0.366306 -0.916155 -0.162727 -0.338388 -0.910321 -0.238345 -0.257046 -0.946868 -0.19331 -0.29255 -0.904154 -0.311319 -0.216092 -0.942297 -0.255696 -0.152531 -0.965269 -0.212108 -0.174483 -0.934667 -0.309762 -0.110443 -0.960093 -0.256949 -0.0508983 -0.972196 -0.22857 -0.0950816 -0.979216 -0.17915 0.00771721 -0.987068 -0.160117 -0.047603 -0.99396 -0.0988759 0.044832 -0.995409 -0.0845681 -0.01261 -0.998769 -0.0479795 -0.0614673 -0.997785 -0.0254383 0.0114773 -0.99993 -0.00302861 -0.0500942 -0.998443 0.0245509 -0.114035 -0.992499 0.0440606 -0.0298145 -0.996466 0.0785266 -0.102006 -0.989441 0.102965 -0.184812 -0.973765 0.13276 -0.195528 -0.978472 0.0660372 -0.262512 -0.956153 0.129838 -0.279847 -0.957481 0.0701095 -0.347054 -0.927628 0.138059 -0.368349 -0.927123 0.0690116 -0.382995 -0.923665 -0.0125627 -0.4798 -0.875471 0.0578199 -0.490254 -0.871329 -0.0208688 -0.484484 -0.868293 -0.106503 -0.6552 -0.754409 -0.0397388 -0.661798 -0.735695 -0.144137 -0.629031 -0.72551 -0.279203 -0.447891 -0.871557 -0.199453 -0.568608 -0.713499 -0.409396 -0.427143 -0.854688 -0.295055 -0.52073 -0.685323 -0.50909 -0.392413 -0.841659 -0.370974 -0.457929 -0.638034 -0.619043 -0.339481 -0.822335 -0.456638 -0.238323 -0.900365 -0.364067 -0.286961 -0.786483 -0.546898 -0.213275 -0.886103 -0.411503 -0.133199 -0.925068 -0.355679 -0.0629921 -0.953383 -0.295116 -0.166464 -0.866369 -0.470845 -0.0828392 -0.915056 -0.394728 -0.023091 -0.937336 -0.347662 0.0286353 -0.912534 -0.407997 0.0898662 -0.926885 -0.364429 0.0364854 -0.953903 -0.297888 -0.0058002 -0.967172 -0.254057 0.0916339 -0.963589 -0.251195 0.0532687 -0.975547 -0.213236 0.134199 -0.972372 -0.191005 0.0885646 -0.984976 -0.148252 0.18636 -0.973865 -0.129835 0.127246 -0.987935 -0.088276 0.066125 -0.996987 -0.0405562 0.174269 -0.98442 -0.0234172 0.0886403 -0.995903 0.0178864 0.023959 -0.99828 0.053511 0.132034 -0.98718 0.089679 0.0520523 -0.991221 0.121538 -0.0178009 -0.988046 0.153131 0.0789068 -0.975315 0.20624 0.00148199 -0.972151 0.23435 -0.0678848 -0.963346 0.259531 -0.0931138 -0.978169 0.185784 -0.13362 -0.954816 0.265467 -0.165886 -0.966528 0.195718 -0.229679 -0.931901 0.280729 -0.242345 -0.95113 0.191364 -0.315147 -0.902738 0.292826 -0.330508 -0.917899 0.219604 -0.427502 -0.84947 0.309262 -0.433497 -0.872983 0.223565 -0.459339 -0.876983 0.141097 -0.625841 -0.725602 0.28605 -0.649546 -0.743765 0.157808 -0.648575 -0.758528 0.0631317 -0.849924 -0.482229 0.212328 -0.861016 -0.502117 0.0808067 -0.864012 -0.4973 -0.0785894 -0.982088 -0.176201 0.0667514 -0.979406 -0.174699 -0.101215 -0.950116 -0.16737 -0.263186 -0.850783 -0.476498 -0.221626 -0.893458 -0.14507 -0.425074 -0.8206 -0.441698 -0.362655 -0.811151 -0.107544 -0.574864 -0.752194 -0.421327 -0.506643 -0.723454 -0.0723653 -0.686569 -0.670366 -0.378563 -0.6382 -0.616169 -0.0500975 -0.786019 -0.562185 -0.339309 -0.7542 -0.478992 -0.0351083 -0.877117 -0.461538 -0.295785 -0.836357 -0.397535 -0.580835 -0.71035 -0.348227 -0.226329 -0.909677 -0.312952 -0.537922 -0.782752 -0.238205 -0.74934 -0.617858 -0.183506 -0.473184 -0.86164 -0.198368 -0.182407 -0.963005 -0.0657165 -0.173064 -0.982716 -0.0543383 -0.467723 -0.882203 0.0806279 -0.184722 -0.979478 0.0490482 -0.488567 -0.871147 0.238679 -0.186019 -0.953116 0.18884 -0.512914 -0.837412 0.120906 -0.742979 -0.658304 0.0818874 -0.858942 -0.505484 0.321651 -0.552258 -0.769124 0.214378 -0.769971 -0.600988 0.149392 -0.878902 -0.453005 0.313884 -0.791822 -0.523922 0.204645 -0.898227 -0.388985 0.138116 -0.937511 -0.319369 0.289199 -0.892837 -0.345263 0.194927 -0.944371 -0.26489 0.337852 -0.899626 -0.276639 0.259075 -0.946408 -0.192853 0.374624 -0.906119 -0.19648 0.293781 -0.947761 -0.124267 0.225579 -0.971262 -0.0759199 0.338005 -0.939204 -0.0604023 0.252838 -0.967484 -0.00682111 0.200092 -0.978633 0.0473397 0.288292 -0.955288 0.0656741 0.222124 -0.96836 0.113753 0.157824 -0.972643 0.170461 0.239598 -0.952015 0.190421 0.175064 -0.954173 0.242707 0.107186 -0.954581 0.278004 0.206245 -0.920633 0.33151 0.132744 -0.920605 0.36724 0.0461591 -0.909973 0.412091 0.0224109 -0.951082 0.308124 -0.0395936 -0.89798 0.438251 -0.0524142 -0.939971 0.337204 -0.0968226 -0.8652 0.49199 -0.121931 -0.926351 0.356379 -0.192656 -0.833411 0.517985 -0.20474 -0.90584 0.370858 -0.332247 -0.754914 0.565435 -0.288039 -0.878769 0.380524 -0.228906 -0.637378 0.735766 -0.374675 -0.523111 0.765489 -0.27077 -0.3158 0.90937 -0.423526 -0.210659 0.88105 -0.547356 -0.113991 0.8291 -0.406457 0.0999556 0.908186 -0.535688 0.140663 0.832618 -0.652633 0.137455 0.745101 -0.665912 -0.0730773 0.742443 -0.652633 0.137455 0.745101 -0.767506 0.107537 0.631957 -0.767739 -0.079063 0.635866 -0.863177 0.0788321 0.49871 -0.852242 -0.0996848 0.513562 -0.779001 -0.403245 0.480157 -0.597257 -0.68413 0.418629 -0.917694 -0.138341 0.372423 -0.83222 -0.442843 0.333616 -0.95869 -0.174356 0.224753 -0.931071 0.0629596 0.359365 -0.976385 0.0522872 0.209616 -0.997667 0.0475816 0.0489611 -0.970176 0.150776 0.189806 -0.988247 0.149339 0.0326512 -0.980158 0.150204 -0.129343 -0.992096 0.0488911 -0.115561 -0.946823 0.148952 -0.285202 -0.959715 0.0531218 -0.275908 -0.886304 0.156722 -0.43578 -0.897665 0.0620399 -0.436291 -0.802781 0.150418 -0.576989 -0.811338 0.0674171 -0.580676 -0.707972 0.15578 -0.688846 -0.720423 0.0782198 -0.68911 -0.599991 0.165966 -0.782602 -0.612258 0.0962209 -0.784782 -0.469512 0.167726 -0.866849 -0.474784 0.105814 -0.873718 -0.330392 0.165388 -0.929241 -0.335184 0.111115 -0.935578 -0.34054 0.0101592 -0.940175 -0.194916 0.114254 -0.974143 -0.196318 0.0200645 -0.980335 -0.0466833 0.111672 -0.992648 -0.0543035 0.0264373 -0.998174 0.100513 0.118247 -0.987884 0.0984807 0.0336901 -0.994569 0.245508 0.10879 -0.963271 0.247223 0.0238536 -0.968665 0.384907 0.109452 -0.916443 0.386165 0.00903859 -0.922385 0.372109 -0.230976 -0.898991 0.52879 0.00215254 -0.84875 0.497844 -0.255869 -0.828663 0.425043 -0.574811 -0.699236 0.617529 -0.264998 -0.740563 0.509048 -0.612806 -0.604433 0.392975 -0.80324 -0.447634 0.591558 -0.614261 -0.522248 0.435149 -0.811117 -0.390812 0.686753 -0.593879 -0.41914 0.506532 -0.810464 -0.294233 0.768293 -0.566733 -0.297556 0.581451 -0.789558 -0.196247 0.429202 -0.894306 -0.126501 0.639366 -0.759753 -0.118261 0.465583 -0.882821 -0.0621213 0.368565 -0.929432 0.0177489 0.520416 -0.853129 0.0365836 0.399177 -0.911822 0.0961153 0.325499 -0.935029 0.140608 0.46113 -0.869567 0.176672 0.381753 -0.895893 0.227245 0.294772 -0.911949 0.285408 0.458993 -0.818247 0.346117 0.368067 -0.833477 0.41212 0.283074 -0.836397 0.469372 0.465792 -0.673035 0.57451 0.324751 -0.67163 0.665921 0.266155 -0.604939 0.750473 0.195898 -0.815685 0.544317 0.187717 -0.584339 0.7895 0.0922288 -0.814714 0.572481 0.0034978 -0.540237 0.841505 -0.0322253 -0.78881 0.613792 -0.14222 -0.43656 0.888363 -0.12299 -0.720822 0.682121 0.0445509 -0.181798 0.982326 -0.139933 -0.0707633 0.987629 -0.256854 0.0286316 0.966026 -0.126563 0.201928 0.971188 -0.23372 0.286422 0.929159 -0.365205 0.316883 0.875335 -0.221775 0.407433 0.885897 -0.335572 0.406578 0.849756 -0.459824 0.409195 0.788113 -0.478623 0.332145 0.812773 -0.560853 0.413658 0.717169 -0.596554 0.32086 0.735644 -0.596554 0.32086 0.735644 -0.560853 0.413658 0.717169 -0.663586 0.38935 0.638796 -0.724351 0.284696 0.627905 -0.790377 0.313303 0.526446 -0.843313 0.20992 0.494728 -0.905336 0.233848 0.354515 -0.925412 0.163452 0.341901 -0.964611 0.194325 0.178221 -0.964611 0.194325 0.178221 -0.905336 0.233848 0.354515 -0.886497 0.250709 0.388932 -0.961162 0.204516 0.185311 -0.981606 0.19092 -0.000187618 -0.982083 0.187901 0.0143224 -0.982083 0.187901 0.0143224 -0.968584 0.189583 -0.160947 -0.971671 0.190491 -0.139892 -0.971671 0.190491 -0.139892 -0.930124 0.193355 -0.312224 -0.936145 0.190046 -0.295829 -0.936145 0.190046 -0.295829 -0.867005 0.198725 -0.456958 -0.875271 0.195022 -0.44257 -0.875271 0.195022 -0.44257 -0.788164 0.194499 -0.583924 -0.792714 0.195005 -0.577561 -0.792714 0.195005 -0.577561 -0.693875 0.179852 -0.697273 -0.696497 0.189218 -0.692162 -0.696497 0.189218 -0.692162 -0.582784 0.182919 -0.791772 -0.59088 0.193853 -0.783123 -0.59088 0.193853 -0.783123 -0.46198 0.183992 -0.867595 -0.462616 0.192914 -0.865315 -0.462616 0.192914 -0.865315 -0.331135 0.169818 -0.928177 -0.329081 0.184695 -0.926063 -0.329081 0.184695 -0.926063 -0.183684 0.165861 -0.968891 -0.185969 0.176378 -0.966595 -0.185969 0.176378 -0.966595 -0.189617 0.161416 -0.968499 -0.0405786 0.178259 -0.983146 -0.0429514 0.164166 -0.985497 0.102244 0.170158 -0.980098 0.103094 0.159647 -0.981776 0.247049 0.171735 -0.953664 0.24398 0.161124 -0.956302 0.386873 0.172565 -0.905843 0.384371 0.161455 -0.908951 0.512552 0.17478 -0.84068 0.512448 0.169052 -0.841914 0.520678 0.108078 -0.846885 0.625942 0.164075 -0.762415 0.64018 0.100846 -0.761577 0.649861 0.00388316 -0.760043 0.737959 0.0982904 -0.66765 0.743135 0.00852903 -0.669088 0.724692 -0.262232 -0.637225 0.832963 0.014205 -0.553146 0.82166 -0.24969 -0.512376 0.91037 0.0210308 -0.41326 0.895098 -0.228192 -0.38305 0.958836 0.0447641 -0.28041 0.952023 -0.188142 -0.24136 0.828965 -0.527438 -0.186083 0.985145 -0.141983 -0.0965873 0.887709 -0.453342 -0.0803388 0.706975 -0.706426 -0.0338944 0.926732 -0.374979 0.0236353 0.761057 -0.644948 0.0695268 0.587132 -0.796873 0.142373 0.556996 -0.782519 0.278242 0.672792 -0.611273 0.416768 0.581566 -0.650426 0.488598 0.800478 -0.300683 0.518483 0.701571 -0.32757 0.632847 0.57283 -0.348644 0.741831 0.733826 -0.0212682 0.679004 0.615544 -0.0364587 0.787259 0.386597 -0.0405258 0.921358 0.380301 -0.359268 0.852231 0.258629 0.0126275 0.965894 0.273627 -0.276781 0.921152 0.28126 0.0813376 0.956178 0.241016 -0.21339 0.946772 0.0891563 0.109065 0.990028 0.250862 0.179858 0.951167 0.0903788 0.232849 0.968304 -0.152729 0.33285 0.930529 0.0459457 0.26661 0.962709 -0.21212 0.344709 0.914429 -0.246155 0.409722 0.878371 -0.263612 0.321166 0.909594 -0.29535 0.359346 0.885234 -0.323492 0.377469 0.867681 -0.319261 0.410604 0.854094 -0.458108 0.364549 0.810704 -0.460715 0.396926 0.793846 -0.573214 0.347498 0.742072 -0.565994 0.394163 0.724076 -0.565994 0.394163 0.724076 -0.573214 0.347498 0.742072 -0.65436 0.326368 0.682127 -0.647574 0.379917 0.660539 -0.663586 0.38935 0.638796 -0.560853 0.413658 0.717169 -0.740002 0.302085 0.60095 -0.755309 0.339558 0.560543 -0.790377 0.313303 0.526446 -0.87291 0.240725 0.424357 -0.744532 0.245069 0.620977 -0.870094 0.222524 0.439795 -0.96887 0.160084 0.188848 -0.965298 0.189376 0.179822 -0.98892 0.145692 -0.0284875 -0.984315 0.175748 -0.0153958 -0.969956 0.136544 -0.201349 -0.96933 0.16834 -0.179056 -0.924394 0.143255 -0.353515 -0.925762 0.174747 -0.335302 -0.86983 0.135402 -0.474406 -0.864649 0.17316 -0.47159 -0.792671 0.130734 -0.595467 -0.792794 0.155972 -0.589195 -0.685318 0.12589 -0.717281 -0.691357 0.148045 -0.707183 -0.567486 0.119691 -0.814638 -0.573876 0.145939 -0.805834 -0.451239 0.113621 -0.88514 -0.458959 0.147304 -0.876161 -0.324225 0.0992855 -0.940755 -0.330693 0.140229 -0.933262 -0.176588 0.0918455 -0.97999 -0.18103 0.136735 -0.973926 -0.0358965 0.0702431 -0.996884 -0.0381763 0.131056 -0.99064 -0.0401451 0.16107 -0.986126 -0.0405786 0.178259 -0.983146 0.10092 0.127259 -0.986722 0.101641 0.15734 -0.9823 0.102244 0.170158 -0.980098 0.246687 0.118636 -0.961806 0.247507 0.153426 -0.956661 0.247049 0.171735 -0.953664 0.382795 0.112084 -0.917009 0.384567 0.152697 -0.91038 0.386873 0.172565 -0.905843 0.50028 0.0899884 -0.861175 0.508686 0.14718 -0.848279 0.512552 0.17478 -0.84068 0.60625 0.0529941 -0.793507 0.613578 0.136546 -0.777739 0.618474 0.172278 -0.766688 0.618474 0.172278 -0.766688 0.720809 0.128306 -0.681155 0.722745 0.166361 -0.670794 0.722745 0.166361 -0.670794 0.731572 0.161027 -0.662475 0.80847 0.164617 -0.565047 0.817196 0.169437 -0.550891 0.822183 0.118297 -0.556795 0.883211 0.167807 -0.437925 0.896567 0.12259 -0.425604 0.938338 0.160884 -0.306004 0.950026 0.123423 -0.286736 0.974211 0.156438 -0.162601 0.979575 0.13188 -0.151794 0.988768 0.0545477 -0.139151 0.990557 0.136679 -0.0107924 0.997706 0.0674915 0.00524656 0.996059 -0.0861563 0.0210713 0.986065 0.0860016 0.142403 0.9881 -0.0307931 0.150701 0.9539 0.0916577 0.285785 0.956544 -0.000435241 0.291587 0.901731 0.0923784 0.422313 0.904345 -0.00336548 0.426788 0.821939 0.089517 0.562497 0.827606 -0.0257323 0.560719 0.727147 0.0908813 0.680439 0.820336 0.155946 0.550209 0.728553 0.144903 0.669488 0.728553 0.144903 0.669488 0.615609 0.156267 0.772403 0.618717 0.0943961 0.779922 0.404447 0.191756 0.894233 0.388477 0.109709 0.914904 0.213701 0.186736 0.958886 0.214185 0.110514 0.970521 0.213156 0.198793 0.95658 0.235421 0.228643 0.944616 0.215404 0.230748 0.948871 0.0222286 0.294462 0.955405 0.18101 0.235413 0.954891 0.00893749 0.305674 0.952094 -0.268778 0.300185 0.915231 -0.0270787 0.273028 0.961625 -0.267694 0.261367 0.927376 -0.347959 0.261127 0.900409 -0.331193 0.303172 0.893531 -0.36858 0.275849 0.887725 -0.346712 0.32763 0.878891 -0.466733 0.253743 0.847216 -0.458224 0.321684 0.828583 -0.568593 0.231303 0.789431 -0.568628 0.300731 0.765652 -0.568628 0.300731 0.765652 -0.568593 0.231303 0.789431 -0.6448 0.234644 0.727444 -0.652591 0.271979 0.707214 -0.744719 0.214381 0.632008 -0.664175 0.165022 0.729136 -0.744178 0.152747 0.650282 -0.869571 0.0940575 0.484768 -0.869918 0.183263 0.457885 -0.976611 0.0541917 0.208075 -0.972524 0.12472 0.196574 -0.998344 0.0197875 -0.0540237 -0.993705 0.102847 -0.0444239 -0.971183 0.0234275 -0.237182 -0.970722 0.0979788 -0.219315 -0.920022 0.033621 -0.390421 -0.923137 0.0961767 -0.372247 -0.861332 0.0389407 -0.506548 -0.863641 0.0969297 -0.494701 -0.791519 0.000682511 -0.611144 -0.785029 0.0950687 -0.612121 -0.68237 -0.067624 -0.727872 -0.681152 0.0752523 -0.728264 -0.564457 -0.121968 -0.816402 -0.565597 0.0611337 -0.822413 -0.468388 -0.152859 -0.870199 -0.457592 0.035587 -0.88845 -0.356949 -0.179329 -0.916749 -0.325141 -0.0113892 -0.945597 -0.222135 -0.185921 -0.957126 -0.178655 -0.0570708 -0.982255 -0.0819624 -0.161315 -0.983494 -0.0589436 -0.100131 -0.993227 0.0572033 -0.102901 -0.993045 0.0480742 -0.127314 -0.990697 0.101202 0.0419072 -0.993983 0.166599 -0.156285 -0.97356 0.244307 -0.00437807 -0.969688 0.310607 -0.164834 -0.936137 0.367957 -0.0453146 -0.928738 0.44331 -0.118913 -0.888445 0.460615 -0.0775344 -0.884207 0.581891 -0.0379992 -0.812379 0.553106 -0.0989407 -0.827215 0.721492 0.0562352 -0.690136 0.657505 -0.0943832 -0.747515 0.709933 0.0202381 -0.703979 0.773621 -0.0605278 -0.630752 0.798496 -0.0190675 -0.601699 0.814377 0.113353 -0.569158 0.80847 0.164617 -0.565047 0.883904 -0.0211186 -0.467192 0.882509 0.103232 -0.458825 0.876483 0.162739 -0.453094 0.876483 0.162739 -0.453094 0.934895 0.11548 -0.335613 0.932952 0.161231 -0.321877 0.932952 0.161231 -0.321877 0.973322 0.125169 -0.192292 0.972331 0.153389 -0.176193 0.972331 0.153389 -0.176193 0.991417 0.12201 -0.0469737 0.987655 0.153308 -0.0321663 0.987655 0.153308 -0.0321663 0.986661 0.161319 -0.0218092 0.982412 0.149024 0.112513 0.979537 0.159419 0.122856 0.981093 0.139776 0.133861 0.94894 0.164505 0.269168 0.9499 0.146437 0.276129 0.897988 0.164728 0.408022 0.89765 0.148804 0.414828 0.826099 0.178499 0.534508 0.902953 0.143297 0.405145 0.831761 0.153927 0.533366 0.755643 0.149051 0.637798 0.736509 0.172612 0.654033 0.736509 0.172612 0.654033 0.755643 0.149051 0.637798 0.63055 0.139022 0.763596 0.610435 0.173754 0.772773 0.398962 0.166762 0.901676 0.403525 0.207179 0.891204 0.21155 0.208206 0.954933 0.387299 0.1453 0.910432 0.178704 0.158225 0.971097 0.124988 0.211849 0.969277 0.151062 0.110306 0.982351 0.0525553 0.141017 0.988611 -0.0634744 0.138259 0.98836 0.0683644 0.00250622 0.997657 -0.0357438 -0.0339469 0.998784 -0.284766 -0.0414283 0.957701 -0.291032 0.113863 0.949913 -0.407885 -0.0242975 0.91271 -0.382949 0.121812 0.915703 -0.398562 -0.0206292 0.916909 -0.379654 0.136865 0.914948 -0.472704 -0.0140622 0.881109 -0.457597 0.111132 0.882187 -0.626277 -0.00465216 0.779587 -0.586892 0.12229 0.800377 -0.586892 0.12229 0.800377 -0.626277 -0.00465216 0.779587 -0.686483 -0.0370557 0.726201 -0.580427 -0.03435 0.813587 -0.638553 -0.144874 0.755819 -0.733281 -0.149224 0.663348 -0.730717 -0.0602104 0.68002 -0.881165 -0.0782599 0.466287 -0.853599 -0.0644089 0.516933 -0.982624 -0.0601762 0.175583 -0.97359 -0.0553323 0.221497 -0.993647 -0.0827252 -0.0763021 -0.996815 -0.0594507 -0.0531511 -0.956914 -0.121426 -0.263764 -0.962433 -0.0605925 -0.264673 -0.90533 -0.171838 -0.388393 -0.907181 -0.0657472 -0.415573 -0.86125 -0.231084 -0.452601 -0.861612 -0.0938331 -0.498819 -0.807166 -0.25225 -0.533716 -0.803047 -0.15972 -0.574112 -0.692859 -0.214889 -0.688309 -0.694318 -0.23498 -0.680226 -0.507651 -0.126071 -0.852289 -0.562388 -0.257449 -0.785773 -0.371847 -0.0633396 -0.92613 -0.451917 -0.220175 -0.864462 -0.243499 -0.0514285 -0.968537 -0.313922 -0.159793 -0.935905 -0.0912653 -0.0646814 -0.993724 -0.130232 -0.0857551 -0.987768 0.00965431 -0.0851478 -0.996321 0.0379134 -0.0203552 -0.999074 0.0978188 -0.130329 -0.986634 0.176335 -0.000222125 -0.98433 0.212853 -0.18326 -0.959745 0.292123 0.00649911 -0.956359 0.206598 -0.0271252 -0.97805 0.418096 -0.0109912 -0.908337 0.402569 0.0444777 -0.914308 0.527058 -0.0478462 -0.848482 0.548717 0.100202 -0.829981 0.620303 -0.0848365 -0.779761 0.655373 0.136515 -0.742866 0.710454 -0.113608 -0.694513 0.745049 0.142305 -0.651652 0.780969 -0.137418 -0.609265 0.811433 0.123282 -0.571294 0.823672 0.125821 -0.552932 0.869821 0.0775172 -0.487239 0.898658 0.141096 -0.415338 0.899573 0.00690704 -0.436716 0.94321 0.0808237 -0.322216 0.960738 0.0480012 -0.273273 0.946242 0.0388329 -0.32112 0.982157 0.0283897 -0.185907 0.978122 0.075707 -0.193765 0.99772 -0.00455542 -0.0673401 0.995946 0.0691139 -0.0575703 0.996341 -0.0229349 0.0823351 0.993769 0.0720997 0.0849971 0.987934 0.121157 0.0964719 0.982412 0.149024 0.112513 0.970129 0.0711623 0.231918 0.963558 0.115841 0.241114 0.954715 0.148721 0.257685 0.954715 0.148721 0.257685 0.913262 0.118779 0.389671 0.902953 0.143297 0.405145 0.922077 0.0799376 0.37866 0.858663 0.0773954 0.506663 0.845552 0.113608 0.521666 0.831761 0.153927 0.533366 0.782025 0.0834664 0.617633 0.775652 0.108159 0.621825 0.648209 0.111078 0.753317 0.644975 0.114708 0.755546 0.407002 0.124137 0.904953 0.647293 -0.00714937 0.762207 0.428344 0.00951486 0.903566 0.169006 0.0157824 0.985489 0.42704 -0.083887 0.900333 0.190841 -0.0101063 0.981569 0.107449 0.0470818 0.993095 0.116556 0.136036 0.983824 0.00171638 0.200604 0.979671 -0.0781906 0.267832 0.960288 0.00404947 0.123241 0.992369 -0.256497 0.246204 0.934662 -0.266107 0.170634 0.948721 -0.313122 0.190611 0.930388 -0.389704 0.149698 0.908692 -0.315152 0.136184 0.939219 -0.399145 0.0789301 0.913484 -0.408862 0.126327 0.903811 -0.478396 0.0453221 0.876974 -0.511757 0.120187 0.850682 -0.580427 -0.03435 0.813587 -0.491947 0.16992 0.853883 -0.58918 0.230172 0.774524 -0.511757 0.120187 0.850682 -0.58918 0.230172 0.774524 -0.668207 0.259705 0.697175 -0.632575 0.114752 0.765951 -0.782842 0.237323 0.575184 -0.791376 0.123862 0.598651 -0.894177 0.164979 0.416208 -0.914401 0.0985659 0.392626 -0.980766 0.0541656 0.187523 -0.987252 0.0184493 0.158089 -0.99593 -0.0663228 -0.0610329 -0.995009 -0.0744473 -0.0664511 -0.954721 -0.135359 -0.264925 -0.961583 -0.131412 -0.241018 -0.896313 -0.169423 -0.40978 -0.921366 -0.161465 -0.353572 -0.845466 -0.179571 -0.502932 -0.874149 -0.167999 -0.455674 -0.740335 -0.232339 -0.630811 -0.763109 -0.165592 -0.624695 -0.598403 -0.29826 -0.74361 -0.596055 -0.114599 -0.794724 -0.452919 -0.324839 -0.830267 -0.4534 -0.131608 -0.881537 -0.313446 -0.29044 -0.9041 -0.383614 -0.139357 -0.912918 -0.193168 -0.22388 -0.955282 -0.291246 -0.136772 -0.946821 -0.0705966 -0.190624 -0.979121 -0.13607 -0.140448 -0.980693 0.0172883 -0.190499 -0.981535 -0.0131019 -0.146635 -0.989104 0.0980777 -0.19228 -0.976427 0.0807138 -0.143469 -0.986358 0.206596 -0.190281 -0.959745 0.196525 -0.142093 -0.970148 0.322734 -0.17493 -0.930184 0.323298 -0.134837 -0.936641 0.343599 -0.226426 -0.911411 0.45551 -0.142451 -0.878759 0.464993 -0.270299 -0.843042 0.57878 -0.14477 -0.802531 0.579962 -0.287839 -0.762097 0.674934 -0.173538 -0.717181 0.678033 -0.29439 -0.673502 0.757578 -0.207284 -0.618958 0.75474 -0.296634 -0.585129 0.837426 -0.228889 -0.496313 0.829483 -0.279802 -0.483394 0.839548 -0.149213 -0.522394 0.892117 -0.2391 -0.383352 0.897175 -0.139162 -0.419179 0.917168 0.0095884 -0.398385 0.944992 -0.114783 -0.306292 0.954137 -0.0195158 -0.298734 0.968849 0.0140174 -0.247257 0.986999 -0.0221039 -0.159199 0.993332 -0.0302459 -0.111253 0.99957 -0.0272771 -0.0107557 0.996932 -0.0639761 0.0450855 0.990459 -0.0159132 0.136882 0.973095 -0.105965 0.204593 0.972158 -0.0416209 0.230601 0.917236 -0.137736 0.373774 0.924121 -0.0458255 0.379343 0.845416 -0.152983 0.51173 0.857933 -0.0414635 0.512085 0.756319 -0.156431 0.635226 0.772763 -0.0320148 0.633887 0.627586 -0.142279 0.765436 0.792203 -0.0121405 0.610137 0.639518 0.0134543 0.768659 0.388138 0.0806344 0.918067 0.661291 0.114426 0.741351 0.422125 0.132228 0.896843 0.128615 0.102841 0.986348 0.448655 0.0261507 0.893322 0.171792 0.00520616 0.98512 -0.00720092 -0.020028 0.999773 -0.0235974 0.0804725 0.996477 -0.102047 0.0141124 0.994679 -0.0786003 0.0788714 0.993781 -0.282783 0.0736282 0.956354 -0.225207 0.0567312 0.972658 -0.383444 0.0867119 0.919485 -0.30065 0.0593999 0.951883 -0.423973 0.110468 0.898912 -0.351307 0.10608 0.930231 -0.525382 0.131394 0.84066 -0.404898 -0.165592 0.899242 -0.504433 -0.130993 0.853457 -0.582461 -0.103079 0.806296 -0.59729 0.121655 0.792745 -0.59729 0.121655 0.792745 -0.582461 -0.103079 0.806296 -0.684943 -0.0710175 0.725128 -0.670091 0.115449 0.733246 -0.806425 -0.0264523 0.590744 -0.787603 0.109816 0.606319 -0.902511 0.0239139 0.430003 -0.894323 0.100987 0.435876 -0.96653 0.0172794 0.255972 -0.973502 0.053335 0.222372 -0.99585 -0.0640272 0.0646798 -0.99812 -0.058366 -0.0187032 -0.981429 -0.156053 -0.111557 -0.958361 -0.175285 -0.225432 -0.936864 -0.248769 -0.245763 -0.889317 -0.287365 -0.355719 -0.864949 -0.296448 -0.404946 -0.820956 -0.377088 -0.428761 -0.75935 -0.222297 -0.611532 -0.734457 -0.40006 -0.548202 -0.574066 -0.124269 -0.809324 -0.572769 -0.396391 -0.717502 -0.349143 -0.0677718 -0.934616 -0.382859 -0.299097 -0.874048 -0.227903 -0.0228077 -0.973417 -0.259805 -0.184403 -0.947891 -0.189605 0.0176183 -0.981702 -0.190638 -0.121117 -0.97416 -0.143148 0.0215316 -0.989467 -0.116073 -0.115906 -0.986455 -0.0626082 0.00788966 -0.998007 -0.0333336 -0.134516 -0.990351 0.0413439 0.00740875 -0.999117 0.0621773 -0.14444 -0.987558 0.159694 0.0201686 -0.98696 0.195983 -0.147449 -0.969458 0.277134 0.0181076 -0.960661 0.331613 -0.152501 -0.931008 0.370352 0.00563925 -0.928874 0.44154 -0.16244 -0.882415 0.43943 -0.163765 -0.883223 0.529861 -0.198043 -0.824637 0.543628 -0.165915 -0.822764 0.603851 -0.238209 -0.760671 0.622797 -0.187171 -0.759665 0.690387 -0.263083 -0.673909 0.711293 -0.213816 -0.669586 0.776578 -0.280702 -0.564033 0.803213 -0.237771 -0.546181 0.852797 -0.294621 -0.431204 0.875963 -0.270209 -0.399594 0.901592 -0.236775 -0.362034 0.926772 -0.290545 -0.238071 0.94173 -0.219163 -0.255172 0.935865 -0.193063 -0.29476 0.968287 -0.168087 -0.184841 0.963517 -0.160462 -0.214214 0.979893 -0.0931732 -0.176431 0.989362 -0.141231 -0.0348753 0.995492 -0.0938065 -0.0139723 0.980321 -0.113212 0.16172 0.989462 -0.0310994 0.141413 0.948792 -0.099745 0.299743 0.955763 0.0197919 0.293473 0.950515 -0.0165993 0.310234 0.894741 0.0484335 0.443952 0.882928 -0.0198432 0.469089 0.808141 0.0808215 0.583417 0.889246 -0.0885713 0.448773 0.802842 -0.0573856 0.593424 0.667844 -0.00038995 0.744301 0.777664 -0.147179 0.61121 0.638845 -0.088212 0.764262 0.455927 -0.0404346 0.889098 0.604806 -0.241564 0.758852 0.434222 -0.15183 0.887918 0.189321 -0.105929 0.976185 0.19641 -0.00725832 0.980495 -0.0133922 -0.166156 0.986009 -0.0289174 0.0189262 0.999403 -0.0975703 -0.175828 0.979574 -0.152858 0.0309585 0.987763 -0.180903 -0.206231 0.961636 -0.281913 0.00496761 0.959427 -0.350345 -0.120616 0.928822 -0.122833 -0.149908 0.98104 -0.185966 -0.0650286 0.980402 -0.161459 0.100386 0.98176 -0.202196 0.0825302 0.975861 -0.104139 -0.121158 0.987155 -0.132393 -0.173953 0.975814 -0.0920854 -0.276165 0.956689 -0.125338 -0.217048 0.968081 -0.0387046 -0.21442 0.975974 0.0205081 -0.210113 0.977462 -0.0614954 -0.419861 0.905502 0.031538 -0.132834 0.990636 -0.0642362 -0.508528 0.858646 0.0877822 -0.0852608 0.992484 -0.0580754 -0.479111 0.875831 -0.190583 -0.588449 0.785752 -0.0544421 -0.39308 0.917891 -0.204304 -0.665022 0.718335 -0.396347 -0.570817 0.719081 -0.370833 -0.37693 0.848768 -0.569884 -0.485548 0.662929 -0.568499 -0.379961 0.729683 -0.680643 -0.491584 0.543204 -0.754449 -0.422437 0.502349 -0.719725 -0.327503 0.612158 -0.660448 -0.244111 0.710083 -0.719725 -0.327503 0.612158 -0.754449 -0.422437 0.502349 -0.800195 -0.429757 0.418326 -0.816459 -0.19098 0.544906 -0.76015 -0.153019 0.631472 -0.660448 -0.244111 0.710083 -0.707951 -0.180424 0.682826 -0.620092 -0.234073 0.748796 -0.860955 -0.116289 0.495211 -0.86391 -0.108085 0.491911 -0.831899 -0.115711 0.54273 -0.902861 -0.145363 0.404613 -0.914535 -0.0610727 0.399871 -0.906634 -0.265704 0.327743 -0.955466 -0.100141 0.27759 -0.926272 -0.358683 0.115615 -0.977964 -0.180367 0.105138 -0.946558 -0.268667 -0.178454 -0.979919 -0.176451 -0.092867 -0.928674 -0.154333 -0.337263 -0.958969 -0.118501 -0.257557 -0.875809 -0.083659 -0.475353 -0.890275 -0.0551761 -0.452068 -0.763898 -0.0455441 -0.643728 -0.764664 -0.00242102 -0.644425 -0.605556 0.0106461 -0.795732 -0.615104 0.0218678 -0.788142 -0.414598 0.0983143 -0.904678 -0.419251 0.0249903 -0.907526 -0.287592 0.152401 -0.94555 -0.246401 0.0308961 -0.968675 -0.268415 0.152628 -0.951135 -0.189331 0.0245274 -0.981607 -0.263681 0.14111 -0.954233 -0.172843 -0.0127609 -0.984867 -0.190423 0.124835 -0.973733 -0.0975147 -0.057973 -0.993544 -0.0478821 0.0942192 -0.994399 0.0278043 -0.089274 -0.995619 0.121284 0.0722454 -0.989985 0.162462 -0.0963519 -0.981999 0.278076 0.0615497 -0.958585 0.281924 -0.0860049 -0.955574 0.394569 0.0593476 -0.916948 0.35537 -0.0664414 -0.932361 0.455064 0.0750472 -0.887291 0.410821 -0.0413367 -0.910779 0.453879 -0.0484158 -0.889747 0.501007 -0.0414313 -0.864451 0.551511 -0.112365 -0.826565 0.627371 -0.0633331 -0.776141 0.665404 -0.165447 -0.727918 0.755077 -0.0923208 -0.649104 0.771839 -0.198656 -0.603987 0.862873 -0.109513 -0.493414 0.860904 -0.209697 -0.463542 0.941994 -0.102699 -0.319532 0.933353 -0.201418 -0.297125 0.916302 -0.305519 -0.258939 0.969431 -0.203876 -0.136522 0.946201 -0.308117 -0.0988278 0.96048 -0.262219 -0.0933805 0.948173 -0.317264 0.0176605 0.976758 -0.21426 0.00600657 0.994118 -0.0874939 -0.0638341 0.977914 -0.197368 0.068777 0.989559 -0.0982549 0.105444 0.955883 -0.225609 0.188115 0.953988 -0.150196 0.259514 0.88377 -0.255941 0.391722 0.885727 -0.170151 0.431899 0.754036 -0.274722 0.596622 0.901213 -0.26096 0.345998 0.760865 -0.312748 0.568571 0.54472 -0.290305 0.786767 0.844746 0.00184059 0.535164 0.58878 -0.00808881 0.808253 0.404255 -0.0512164 0.913211 0.376263 -0.205509 0.903434 0.259952 -0.0559302 0.964 0.237328 -0.209511 0.948568 0.0143547 0.0475962 0.998763 0.0318663 -0.252495 0.967073 0.270927 -0.0547943 0.961039 0.0398556 -0.0627076 0.997236 0.361612 -0.224672 0.904853 0.12584 -0.275619 0.952995 -0.0794415 -0.27707 0.95756 0.197277 -0.252518 0.947268 -0.0678229 -0.152473 0.985978 -0.179361 -0.034151 0.98319 -0.0352978 -0.117163 0.992485 -0.22541 -0.0237453 0.973975 -0.185334 0.0286685 0.982257 -0.0639352 -0.00312792 0.997949 -0.0355698 0.102861 0.99406 0.0668155 0.0295585 0.997327 0.0857199 0.148958 0.985121 0.129551 0.0557667 0.990003 0.197798 0.151091 0.968529 0.204282 0.0384051 0.978158 0.289892 0.11311 0.950352 0.247423 0.0197934 0.968705 0.142874 -0.120783 0.982343 0.256139 0.014087 0.966537 0.143765 -0.133549 0.980559 -0.0600155 -0.338999 0.938871 0.0900819 -0.141601 0.985817 -0.0905989 -0.324968 0.941375 -0.277123 -0.577059 0.768248 -0.242649 -0.639227 0.729734 -0.368172 -0.711703 0.598271 -0.373283 -0.696224 0.613132 -0.441418 -0.736347 0.512779 -0.503144 -0.660957 0.55676 -0.46991 -0.766803 0.437263 -0.559562 -0.66615 0.493087 -0.559562 -0.66615 0.493087 -0.46991 -0.766803 0.437263 -0.528331 -0.758649 0.381207 -0.611316 -0.680418 0.404133 -0.711985 -0.588153 0.383607 -0.680643 -0.491584 0.543204 -0.585647 -0.756818 0.29025 -0.729464 -0.567221 0.382287 -0.82689 -0.284371 0.485166 -0.775154 -0.443143 0.450289 -0.801664 -0.288989 0.523278 -0.851642 -0.220279 0.475586 -0.886927 -0.296867 0.353879 -0.849712 -0.349611 0.394667 -0.985161 -0.113946 -0.128349 -0.930189 -0.364686 0.0418527 -0.938771 -0.176145 -0.296111 -0.911018 -0.258693 -0.32113 -0.885468 -0.239705 -0.398105 -0.879886 -0.240054 -0.410092 -0.786325 -0.150776 -0.599133 -0.831254 -0.17489 -0.527664 -0.638095 0.0256129 -0.769532 -0.726631 -0.063266 -0.684109 -0.448752 0.199284 -0.871153 -0.560875 0.0995153 -0.821898 -0.302487 0.279055 -0.911389 -0.371027 0.259177 -0.891721 -0.270436 0.244202 -0.931252 -0.261924 0.322224 -0.909707 -0.318052 0.16105 -0.934294 -0.250591 0.312396 -0.916304 -0.346638 0.0890642 -0.933761 -0.257832 0.277287 -0.925546 -0.29599 0.0613207 -0.953221 -0.222001 0.243248 -0.944217 -0.161807 0.0770803 -0.983807 -0.107944 0.222847 -0.968859 0.0248247 0.0901116 -0.995622 0.0600822 0.214566 -0.97486 0.196149 0.0783506 -0.977439 0.21814 0.210219 -0.953007 0.319067 0.0571845 -0.946005 0.336908 0.193637 -0.921411 0.408071 0.0468824 -0.911745 0.41795 0.17287 -0.891871 0.48274 0.0496757 -0.874353 0.48434 0.170281 -0.858149 0.507332 0.0879248 -0.857253 0.567538 0.170963 -0.805401 0.606102 0.0809257 -0.79126 0.682553 0.154481 -0.714322 0.730062 0.0469449 -0.681766 0.809301 0.122754 -0.574424 0.849614 0.0106637 -0.527297 0.913578 0.076013 -0.399496 0.937339 -0.0197543 -0.34786 0.976645 0.0298052 -0.212782 0.984227 -0.0388897 -0.172584 0.983797 -0.0964306 -0.151142 0.999149 -0.0394203 -0.0121469 0.997454 -0.070893 -0.00768216 0.981301 -0.192004 -0.0135036 0.99191 -0.0212018 0.12516 0.980881 -0.170438 0.0939321 0.944248 -0.313153 0.101639 0.970327 -0.0934415 0.223013 0.940344 -0.281698 0.190789 0.939386 -0.0133846 0.3426 0.965864 0.0346911 0.256714 0.931879 0.0626021 0.357326 0.858505 0.0960295 0.503734 0.933639 -0.0896294 0.346822 0.862926 -0.116337 0.491756 0.711217 -0.141392 0.688607 0.682708 0.0722693 0.727109 0.543841 -0.180794 0.819482 0.483932 -0.0205238 0.874865 0.714718 -0.271149 0.644714 0.560214 -0.274516 0.781538 0.41082 -0.274562 0.869392 0.60312 -0.290454 0.742888 0.463755 -0.279509 0.840718 0.26308 -0.226465 0.937818 0.534434 -0.20821 0.819164 0.35923 -0.127428 0.924508 0.0760687 -0.00646128 0.997082 0.418087 0.0158302 0.908269 0.177788 0.147748 0.972914 -0.106873 0.214354 0.970892 -0.194149 0.0868232 0.977122 -0.249567 0.210317 0.945242 -0.260447 0.158948 0.952315 -0.188211 0.164389 0.968273 -0.160049 0.205024 0.965582 -0.0225134 0.0938306 0.995334 0.00321296 0.193898 0.981016 0.150303 0.0676875 0.98632 0.164821 0.11719 0.979337 0.276619 0.121425 0.953278 0.290466 0.0511977 0.955515 0.338104 0.21277 0.916742 0.342728 0.0366665 0.938719 0.32005 0.0611778 0.945423 0.335324 0.0839909 0.938351 0.301437 0.0390863 0.952684 0.222129 -0.00715789 0.974991 0.242954 0.0512867 0.968681 0.158896 -0.0146934 0.987186 0.034513 -0.140753 0.989443 0.100068 -0.0129982 0.994896 -0.013774 -0.142218 0.98974 -0.151926 -0.319374 0.935371 -0.124971 -0.320203 0.93907 -0.295509 -0.524929 0.798201 -0.296209 -0.543713 0.785262 -0.369242 -0.680078 0.633367 -0.375898 -0.695967 0.611825 -0.411471 -0.753542 0.512704 -0.41897 -0.752826 0.507658 -0.444835 -0.796942 0.408663 -0.448054 -0.789189 0.420035 -0.448054 -0.789189 0.420035 -0.444835 -0.796942 0.408663 -0.493956 -0.805265 0.327957 -0.490667 -0.794386 0.358046 -0.584811 -0.79623 0.154963 -0.532634 -0.82175 0.202552 -0.523281 -0.816453 0.244095 -0.646503 -0.759391 -0.0731993 -0.669841 -0.74 0.0609432 -0.730072 -0.633898 0.25528 -0.782094 -0.551901 -0.28937 -0.925727 -0.365966 -0.0953789 -0.959078 -0.223729 0.173538 -0.944334 -0.235549 -0.229675 -0.993898 -0.0210376 -0.108279 -0.956867 -0.200934 -0.209835 -0.983005 -0.0876545 -0.1613 -0.900625 -0.148036 -0.408607 -0.930305 -0.0745382 -0.359132 -0.762182 -0.132458 -0.633666 -0.776139 0.0186335 -0.630286 -0.612907 -0.128451 -0.779644 -0.582871 0.0798203 -0.808635 -0.447997 -0.0902192 -0.889471 -0.416251 0.097188 -0.904041 -0.324612 -0.0647638 -0.943627 -0.338281 0.0724865 -0.938249 -0.278927 -0.0593235 -0.958478 -0.341748 0.0138264 -0.93969 -0.291731 -0.0630612 -0.954419 -0.360164 -0.00837127 -0.932851 -0.326619 -0.0570505 -0.943433 -0.34075 -0.00650622 -0.940131 -0.269396 -0.0549732 -0.961459 -0.266849 -0.000436134 -0.963738 -0.147136 -0.0594626 -0.987327 -0.152813 0.0300674 -0.987798 -0.0759808 -0.0751654 -0.994272 -0.0202474 0.0309515 -0.999316 0.0405617 -0.0704149 -0.996693 0.123989 -0.0360995 -0.991627 0.239343 -0.0210556 -0.970707 0.262628 -0.0750487 -0.961974 0.393283 0.0301713 -0.918922 0.376851 -0.0748528 -0.923245 0.487846 0.0473215 -0.871646 0.475689 -0.0545675 -0.87792 0.57472 0.0161891 -0.81819 0.582438 -0.0261414 -0.812455 0.565638 0.0747201 -0.821261 0.67984 0.00981348 -0.733294 0.665951 0.11183 -0.737566 0.77068 0.0230497 -0.636805 0.780036 0.125053 -0.613112 0.858227 0.00743472 -0.513217 0.884059 0.105907 -0.455217 0.930155 -0.0351727 -0.365479 0.959251 0.0587777 -0.276373 0.972915 -0.105711 -0.205575 0.995525 -0.00163614 -0.094483 0.999461 -0.00156302 -0.032792 0.996236 -0.0847426 0.0182123 0.995427 -0.0259875 0.0919258 0.992449 -0.0178405 0.121355 0.97933 -0.0982293 0.176813 0.970194 -0.0352785 0.239746 0.9334 -0.221861 0.28203 0.977488 -0.197516 0.0741893 0.926804 -0.322615 0.192233 0.85221 -0.337541 0.399754 0.854434 -0.270856 0.443374 0.738173 -0.297028 0.605702 0.860632 -0.340913 0.378275 0.768643 -0.272438 0.578762 0.661744 -0.246625 0.708005 0.799466 -0.234264 0.55315 0.707743 -0.18003 0.683147 0.58551 -0.103421 0.804041 0.738879 -0.12129 0.662833 0.614281 -0.0248575 0.788696 0.446649 0.0894533 0.890226 0.641258 0.0173418 0.767129 0.479545 0.11758 0.869605 0.300351 0.231229 0.925377 0.252894 0.186298 0.949388 0.0953109 0.405563 0.909084 0.0356884 0.232351 0.971977 -0.0688375 0.559591 0.825905 -0.127254 0.24877 0.960166 -0.08762 0.604119 0.792063 -0.124043 0.271927 0.95429 0.01554 0.61334 0.789666 -0.0204432 0.318331 0.947759 0.133902 0.584438 0.800314 0.105712 0.396106 0.912099 0.25147 0.530681 0.809408 0.249605 0.450534 0.857156 0.359404 0.479946 0.8003 0.347433 0.460835 0.816653 0.384002 0.482758 0.787075 0.373498 0.463428 0.803576 0.346555 0.310522 0.885141 0.353055 0.494846 0.794028 0.31198 0.391278 0.865777 0.283365 0.173011 0.943277 0.252581 0.459993 0.85124 0.218769 0.274766 0.936293 0.17829 0.0993863 0.978946 0.176694 0.363596 0.914646 0.133602 0.166774 0.976902 0.0613636 0.008374 0.99808 0.120436 0.230114 0.965682 0.0504684 0.0468553 0.997626 -0.0258997 -0.129809 0.991201 -0.0315658 -0.143024 0.989216 -0.137311 -0.317072 0.938409 -0.149603 -0.322061 0.934824 -0.261852 -0.521675 0.811966 -0.273818 -0.524872 0.805936 -0.359064 -0.673423 0.6462 -0.360551 -0.673148 0.645658 -0.43042 -0.743603 0.511658 -0.413531 -0.749579 0.51684 -0.493344 -0.788725 0.366776 -0.458888 -0.796619 0.393473 -0.458888 -0.796619 0.393473 -0.493344 -0.788725 0.366776 -0.570411 -0.792531 0.2157 -0.528607 -0.8054 0.268153 -0.644786 -0.762513 0.0531497 -0.62837 -0.770625 0.106242 -0.67301 -0.707397 -0.215977 -0.648326 -0.739898 -0.179513 -0.634101 -0.759473 -0.145317 -0.616795 -0.663645 -0.423249 -0.605007 -0.696616 -0.385608 -0.653686 -0.665418 -0.360435 -0.623085 -0.655933 -0.426047 -0.665062 -0.652319 -0.363556 -0.788243 -0.514778 -0.337159 -0.716137 -0.600092 -0.356423 -0.822962 -0.479999 -0.303867 -0.707811 -0.45232 -0.542595 -0.789576 -0.438808 -0.428973 -0.609588 -0.21763 -0.76226 -0.679676 -0.365635 -0.635887 -0.491505 -0.104329 -0.864603 -0.495797 -0.237904 -0.835217 -0.367418 -0.0780279 -0.926777 -0.326187 -0.148562 -0.933559 -0.269695 -0.0622135 -0.960934 -0.282777 -0.110538 -0.952795 -0.242665 -0.0616654 -0.968148 -0.316396 -0.0930564 -0.944052 -0.267921 -0.117558 -0.956242 -0.332393 -0.0861111 -0.939202 -0.323775 -0.202438 -0.924223 -0.318523 -0.0864514 -0.943965 -0.334649 -0.206863 -0.919357 -0.26627 -0.111947 -0.957376 -0.18523 -0.0975754 -0.977839 -0.167502 -0.157778 -0.973164 0.0737118 0.0405603 -0.996454 -0.0383531 -0.117626 -0.992317 0.233626 0.0802453 -0.96901 0.15535 0.0288053 -0.987439 0.322994 0.0833428 -0.942724 0.329757 0.117661 -0.936705 0.366706 0.0318487 -0.929792 0.419862 0.135013 -0.89749 0.354294 -0.0371538 -0.934396 0.450959 0.100865 -0.886827 0.370502 -0.100174 -0.923414 0.491095 0.0164708 -0.87095 0.478153 -0.148597 -0.865615 0.570162 -0.0856635 -0.817054 0.657103 -0.0375524 -0.752865 0.663409 -0.156246 -0.731762 0.734107 -0.0855188 -0.673627 0.753837 -0.204869 -0.624306 0.811659 -0.130172 -0.569442 0.83443 -0.24015 -0.49604 0.879263 -0.173473 -0.443625 0.895061 -0.257201 -0.364298 0.924028 -0.223822 -0.30996 0.927751 -0.27634 -0.250828 0.932271 -0.299422 -0.203019 0.972238 -0.213998 -0.0946448 0.927727 -0.359573 -0.100146 0.94512 -0.325643 -0.0265407 0.934352 -0.347379 0.0794649 0.917427 -0.378777 0.121883 0.89127 -0.290426 0.348267 0.969317 -0.242215 0.0419113 0.935225 -0.206543 0.287566 0.839053 -0.18876 0.510254 0.964402 -0.153532 0.215304 0.887531 -0.136466 0.440076 0.772076 -0.0702664 0.631633 0.913411 -0.112843 0.391083 0.800792 -0.0547558 0.596435 0.658451 0.0351241 0.751803 0.815598 -0.0576773 0.575737 0.655712 0.064821 0.752224 0.44565 0.213172 0.869456 0.479059 0.165847 0.861973 0.193849 0.349475 0.916673 0.237654 0.349005 0.906486 -0.0252922 0.395927 0.917933 -0.00767968 0.528244 0.849058 -0.159409 0.358486 0.919824 -0.119523 0.573656 0.810329 -0.186613 0.355461 0.915873 -0.108227 0.554111 0.825377 -0.13178 0.364007 0.922027 -0.0210716 0.523359 0.851852 0.000312861 0.394793 0.91877 0.109971 0.483736 0.868277 0.15401 0.429891 0.889648 0.219102 0.436452 0.872642 0.251339 0.460359 0.851409 0.286923 0.423404 0.859304 0.257424 0.516637 0.81659 0.29994 0.469549 0.830397 0.222705 0.597543 0.770289 0.270368 0.548176 0.791457 0.345992 0.54431 0.76421 0.260562 0.606291 0.751345 0.299866 0.610813 0.732795 0.290491 0.548287 0.784217 0.256915 0.635528 0.728079 0.232888 0.58924 0.773666 0.209292 0.516325 0.830425 0.206842 0.609794 0.765093 0.194437 0.551698 0.811063 0.167888 0.42504 0.889468 0.197211 0.581806 0.789056 0.181059 0.473065 0.862222 0.130322 0.285733 0.949407 0.202124 0.518492 0.83085 0.146269 0.344137 0.927456 0.058784 0.140679 0.988309 0.0574981 0.0947912 0.993835 -0.0650033 -0.0311781 0.997398 -0.0308742 -0.0892469 0.995531 -0.199294 -0.213673 0.956361 -0.149253 -0.289859 0.94536 -0.334816 -0.413402 0.846757 -0.27483 -0.494725 0.824449 -0.452901 -0.609185 0.65098 -0.380391 -0.661808 0.645998 -0.555173 -0.680758 0.477861 -0.47088 -0.729384 0.496257 -0.628049 -0.712587 0.312689 -0.545701 -0.766336 0.339026 -0.545701 -0.766336 0.339026 -0.628049 -0.712587 0.312689 -0.679785 -0.721322 0.132617 -0.615535 -0.769623 0.169697 -0.714869 -0.697778 -0.0454638 -0.674577 -0.738204 -0.00123134 -0.709743 -0.642231 -0.28949 -0.692487 -0.674674 -0.255493 -0.656719 -0.568458 -0.495556 -0.644427 -0.602239 -0.471192 -0.631214 -0.632061 -0.44952 -0.609296 -0.528135 -0.591466 -0.609668 -0.56319 -0.557783 -0.621157 -0.598709 -0.505679 -0.573791 -0.443887 -0.688279 -0.633027 -0.454347 -0.626774 -0.683252 -0.530817 -0.501398 -0.585938 -0.282135 -0.759655 -0.667185 -0.274804 -0.692349 -0.539443 -0.230987 -0.80972 -0.58336 -0.131465 -0.801504 -0.471703 -0.221338 -0.853526 -0.485837 -0.11033 -0.867058 -0.373645 -0.240895 -0.895745 -0.366519 -0.0852218 -0.926499 -0.337286 -0.34938 -0.874169 -0.292815 -0.120208 -0.948583 -0.358507 -0.457331 -0.813831 -0.312762 -0.247653 -0.916978 -0.3225 -0.422972 -0.846811 -0.354582 -0.381759 -0.853541 -0.14661 -0.220871 -0.964221 -0.328472 -0.386231 -0.861935 -0.0143455 -0.0968347 -0.995197 -0.160126 -0.199696 -0.966686 -0.014203 -0.119643 -0.992715 0.00781825 -0.00159777 -0.999968 -0.0335182 -0.21971 -0.974989 0.0691934 -0.00575956 -0.997587 0.070733 -0.283307 -0.956417 0.17058 -0.0946681 -0.980786 0.229438 -0.246785 -0.941517 0.257587 -0.135833 -0.95666 0.312056 -0.129078 -0.941254 0.272269 -0.158495 -0.949078 0.364747 -0.09459 -0.926289 0.280947 -0.176519 -0.94335 0.491896 0.0340181 -0.869989 0.349773 -0.135545 -0.926977 0.600297 0.163951 -0.782792 0.503847 -0.0587573 -0.861792 0.650482 0.129861 -0.748338 0.652012 -0.0297879 -0.757624 0.614705 -0.172841 -0.769586 0.743205 -0.0613533 -0.666244 0.729943 -0.182637 -0.658655 0.821541 -0.142332 -0.552098 0.825088 -0.212901 -0.523357 0.900184 -0.182962 -0.395213 0.898418 -0.220158 -0.379968 0.948042 -0.185328 -0.258591 0.943019 -0.212774 -0.255817 0.973105 -0.182003 -0.141218 0.972203 -0.190762 -0.135758 0.952702 -0.272965 -0.133602 0.986063 -0.165518 0.0168447 0.984297 -0.176281 -0.00913786 0.972192 -0.160288 0.170735 0.97043 -0.239414 -0.0307486 0.966684 -0.204198 0.154354 0.92133 -0.136323 0.364097 0.951527 -0.264484 0.156985 0.914511 -0.169116 0.367518 0.82092 -0.0385657 0.56974 0.893361 -0.21091 0.396766 0.802152 -0.0428467 0.595581 0.65512 0.127665 0.744661 0.662282 0.116883 0.740082 0.477628 0.267666 0.836795 0.469238 0.24998 0.846951 0.27693 0.385652 0.880103 0.261814 0.338607 0.903769 0.0766912 0.495237 0.865366 0.0691141 0.379117 0.922764 -0.0651212 0.589773 0.804939 -0.0954083 0.427538 0.898948 -0.126742 0.610757 0.781609 -0.174505 0.480571 0.859418 -0.130465 0.597572 0.79113 -0.156975 0.511979 0.844533 -0.118475 0.585536 0.801942 -0.0680393 0.551968 0.831085 -0.0302533 0.590594 0.806402 0.0976317 0.603282 0.79153 0.101996 0.611884 0.784343 0.239505 0.631675 0.737309 0.172284 0.633372 0.754426 0.27287 0.683958 0.676568 0.154544 0.655882 0.738874 0.233884 0.732354 0.639497 0.12144 0.658651 0.742584 0.230377 0.76471 0.601784 0.232996 0.641774 0.730643 0.265518 0.781538 0.564534 0.278042 0.661445 0.696551 0.265649 0.611505 0.745314 0.294627 0.684466 0.666859 0.245696 0.608967 0.754184 0.219265 0.640538 0.735958 0.197115 0.611046 0.76666 0.182916 0.648281 0.739103 0.194252 0.632268 0.750002 0.151667 0.66301 0.733086 0.195039 0.656741 0.728458 0.212318 0.612155 0.7617 0.239964 0.672193 0.70041 0.248794 0.631574 0.734313 0.226551 0.558537 0.797942 0.307393 0.615628 0.725612 0.248089 0.575715 0.779104 0.145061 0.468062 0.871708 0.157421 0.410581 0.898132 -0.0142303 0.2866 0.957945 0.0290833 0.203271 0.978691 -0.190218 0.0876798 0.977819 -0.125165 0.0146821 0.992027 -0.361258 -0.0856729 0.928522 -0.27971 -0.138593 0.950028 -0.525516 -0.218005 0.822379 -0.427497 -0.292919 0.855245 -0.690974 -0.349448 0.632804 -0.577904 -0.487409 0.654568 -0.760052 -0.468179 0.450698 -0.669057 -0.58569 0.457525 -0.805597 -0.51431 0.294108 -0.724863 -0.620319 0.299629 -0.724863 -0.620319 0.299629 -0.805597 -0.51431 0.294108 -0.836066 -0.533362 0.128523 -0.757871 -0.640782 0.122596 -0.845803 -0.532156 -0.0377655 -0.770776 -0.63421 -0.0606724 -0.818278 -0.494889 -0.292414 -0.735689 -0.601874 -0.310661 -0.738826 -0.394128 -0.546626 -0.67545 -0.520557 -0.522291 -0.673767 -0.268831 -0.688308 -0.638345 -0.406774 -0.653491 -0.617997 -0.483753 -0.619728 -0.591667 -0.282862 -0.75493 -0.562561 -0.378872 -0.734834 -0.549455 -0.425701 -0.718942 -0.50005 -0.306117 -0.810088 -0.470555 -0.347408 -0.811102 -0.505277 -0.339144 -0.793521 -0.452804 -0.326691 -0.829603 -0.485565 -0.300841 -0.820805 -0.479738 -0.312335 -0.819938 -0.464143 -0.292208 -0.836173 -0.478294 -0.253771 -0.840735 -0.419128 -0.343719 -0.84035 -0.425722 -0.128346 -0.895705 -0.408358 -0.387913 -0.826298 -0.363824 -0.0571565 -0.929712 -0.365191 -0.312283 -0.876992 -0.31625 -0.112142 -0.942024 -0.234399 -0.153305 -0.959976 -0.232934 -0.185692 -0.954599 -0.136817 -0.136815 -0.981103 -0.154467 -0.241811 -0.95795 -0.0799421 -0.19056 -0.978415 -0.12492 -0.294949 -0.947312 -0.0826905 -0.279263 -0.956648 0.00839844 -0.193295 -0.981105 -0.0904229 -0.319602 -0.943227 0.302403 0.0403233 -0.952327 0.110452 -0.21849 -0.969568 0.413939 0.0713393 -0.907505 0.398704 -0.0296192 -0.916601 0.350957 -0.0410418 -0.935492 0.413441 0.014419 -0.910417 0.468475 -0.0369044 -0.882705 0.434231 -0.00419275 -0.900792 0.647701 0.0792605 -0.757761 0.603647 0.133785 -0.785946 0.54707 0.0537619 -0.835359 0.608515 0.18007 -0.772842 0.387082 -0.0446005 -0.920966 0.533545 0.0818386 -0.841803 0.388932 -0.193285 -0.900762 0.525564 -0.103928 -0.844382 0.682376 -0.00887841 -0.730948 0.672846 -0.206872 -0.710269 0.762607 -0.140942 -0.63132 0.850852 -0.210593 -0.481355 0.878252 -0.189856 -0.438894 0.908103 -0.259911 -0.328322 0.935835 -0.209775 -0.283207 0.929419 -0.304968 -0.207786 0.958028 -0.232905 -0.167148 0.948673 -0.311911 -0.0522483 0.893604 -0.366277 -0.259448 0.926025 -0.368854 -0.0801448 0.933159 -0.321801 0.16018 0.918532 -0.378041 -0.115691 0.927215 -0.345803 0.14385 0.865461 -0.262892 0.426456 0.940736 -0.32697 0.0900313 0.860596 -0.297149 0.413614 0.712395 -0.179685 0.678385 0.759484 -0.102878 0.64234 0.561411 -0.0502127 0.826012 0.616713 0.0568031 0.785136 0.392334 0.0681672 0.917294 0.446278 0.196233 0.873114 0.18412 0.181782 0.965948 0.241474 0.323952 0.914738 -0.039725 0.282838 0.958345 0.0253827 0.438654 0.898298 -0.183454 0.327684 0.926805 -0.114282 0.504695 0.8557 -0.217318 0.325223 0.920328 -0.153161 0.500888 0.851853 -0.197193 0.297756 0.934054 -0.152545 0.470537 0.869094 -0.195328 0.26115 0.945329 -0.165703 0.431161 0.886929 -0.199099 0.240809 0.949932 -0.156594 0.399207 0.903389 -0.125689 0.211603 0.96924 -0.0683258 0.39045 0.918085 -0.0267672 0.194905 0.980457 0.0033173 0.3584 0.933562 -0.00676359 0.205702 0.978591 0.0229234 0.335815 0.941649 -0.0337421 0.275583 0.960685 0.000955257 0.309063 0.951041 -0.0610178 0.338164 0.939107 0.0378836 0.294556 0.954883 0.152122 0.652765 0.74213 0.134134 0.278783 0.950941 0.252545 0.577506 0.776342 0.306013 0.78606 0.53709 0.360705 0.461889 0.810278 0.320139 0.743856 0.586676 0.26261 0.709127 0.65435 0.310372 0.65747 0.686588 0.1788 0.720061 0.670479 0.148205 0.625575 0.765957 -0.0144612 0.73192 0.681237 0.0755939 0.670368 0.738168 0.1833 0.66476 0.72422 -0.0047632 0.844071 0.53621 0.215151 0.739418 0.637943 0.317582 0.648131 0.692148 0.255674 0.875647 0.409722 0.328648 0.739586 0.587369 0.343729 0.576916 0.740957 0.390423 0.813096 0.431792 0.381719 0.665029 0.641893 0.258642 0.491046 0.831852 0.256332 0.549152 0.795441 0.0971166 0.473128 0.875624 0.116953 0.502387 0.856697 -0.0449903 0.389191 0.920058 -0.0540204 0.356697 0.932657 -0.204015 0.210409 0.956089 -0.234077 0.165609 0.958009 -0.406474 -0.00822218 0.913626 -0.408996 -0.0328937 0.911943 -0.604778 -0.179981 0.77579 -0.596247 -0.185379 0.781105 -0.733695 -0.296432 0.611408 -0.73561 -0.293559 0.610492 -0.819418 -0.363367 0.443304 -0.804983 -0.384038 0.452237 -0.877115 -0.38796 0.28312 -0.856667 -0.429494 0.285756 -0.856667 -0.429494 0.285756 -0.877115 -0.38796 0.28312 -0.908098 -0.400865 0.121104 -0.885205 -0.447266 0.12793 -0.929727 -0.361722 -0.0690268 -0.903315 -0.427469 -0.0359554 -0.921573 -0.251352 -0.295846 -0.896892 -0.342462 -0.27983 -0.848479 -0.161184 -0.504086 -0.813825 -0.237384 -0.530413 -0.755362 -0.116311 -0.644903 -0.720676 -0.162293 -0.674008 -0.685692 -0.0713395 -0.724388 -0.649712 -0.122139 -0.750304 -0.614449 -0.176739 -0.768906 -0.587208 -0.100864 -0.803127 -0.549552 -0.123879 -0.826224 -0.530271 -0.198938 -0.824158 -0.488398 -0.0919391 -0.867764 -0.486778 -0.109603 -0.866623 -0.482068 -0.261617 -0.836162 -0.46321 -0.0256531 -0.885877 -0.47929 -0.146927 -0.865271 -0.480954 -0.0397404 -0.875845 -0.461442 -0.0124732 -0.887083 -0.496382 -0.107413 -0.861434 -0.457895 -0.0148175 -0.888883 -0.488517 -0.145224 -0.860384 -0.45737 -0.0916836 -0.884537 -0.433806 -0.180065 -0.88283 -0.394493 -0.164239 -0.904102 -0.309021 -0.239267 -0.920466 -0.288423 -0.203569 -0.935613 -0.140622 -0.0859428 -0.986326 -0.201497 -0.227115 -0.952794 -0.0362125 0.0213877 -0.999115 -0.0722478 -0.128874 -0.989026 0.132955 -0.022972 -0.990856 0.167981 -0.0595226 -0.983992 0.30837 -0.0362915 -0.950574 0.319641 0.0385541 -0.946754 0.28764 -0.0850366 -0.953956 0.321129 -0.0284885 -0.946607 0.317325 -0.0961643 -0.943428 0.302603 -0.106952 -0.947097 0.53971 -0.0448261 -0.840656 0.526214 -0.0497777 -0.848894 0.612006 -0.101706 -0.784286 0.647648 -0.0241725 -0.761556 0.429875 -0.135911 -0.892601 0.479772 -0.0524562 -0.875824 0.239219 -0.142186 -0.960499 0.28426 -0.109348 -0.952491 0.395297 -0.130074 -0.909297 0.340538 -0.19137 -0.92055 0.689091 -0.0863289 -0.719514 0.685316 -0.131814 -0.716217 0.649011 -0.215483 -0.729624 0.790545 -0.2026 -0.57792 0.830157 -0.206388 -0.517923 0.814763 -0.309982 -0.489972 0.866075 -0.302516 -0.397993 0.870352 -0.375753 -0.318271 0.777652 -0.287856 -0.558924 0.866269 -0.334979 -0.37063 0.927051 -0.341766 -0.154186 0.861216 -0.302346 -0.408527 0.933027 -0.308058 -0.185904 0.956202 -0.291063 0.0310018 0.932567 -0.297884 -0.203923 0.962679 -0.270575 0.00626163 0.929393 -0.250945 0.270657 0.896923 -0.27788 0.343965 0.748863 -0.227894 0.622309 0.707336 -0.219077 0.672072 0.527716 -0.146917 0.836619 0.526828 -0.12259 0.841085 0.346302 -0.049909 0.936795 0.356583 -0.0281307 0.93384 0.148544 0.0690755 0.98649 0.154075 0.072504 0.985395 -0.0625767 0.198168 0.978168 -0.062257 0.16946 0.983569 -0.215726 0.300121 0.929188 -0.204645 0.229897 0.951456 -0.252619 0.373239 0.892679 -0.225907 0.268622 0.93638 -0.202284 0.434129 0.877846 -0.182683 0.287176 0.940296 -0.142229 0.481248 0.864969 -0.159596 0.317189 0.934837 -0.124975 0.490213 0.862596 -0.167987 0.33859 0.925817 -0.112936 0.453665 0.883987 -0.12684 0.350854 0.9278 -0.0602957 0.418278 0.906315 -0.0443602 0.383323 0.922548 -0.00515881 0.377883 0.925839 -0.0138244 0.428647 0.903366 0.0169198 0.311107 0.950224 -0.0371757 0.442936 0.895782 0.0318178 0.211025 0.976963 -0.0346822 0.397009 0.917159 0.0867568 0.0646932 0.994127 0.027561 0.275949 0.960777 -0.0280457 0.392485 0.91933 0.0915035 0.0922057 0.991527 0.0926447 0.355443 0.930095 0.201921 0.373194 0.905513 0.157456 0.273269 0.948964 0.217848 0.438028 0.872166 0.368632 0.436757 0.820581 0.0551832 0.560147 0.826553 0.14147 0.574393 0.806262 0.111564 0.636673 0.763021 -0.143943 0.680955 0.71804 -0.147337 0.677673 0.720452 -0.148298 0.794545 0.588817 -0.0581707 0.609215 0.790868 -0.0228675 0.73609 0.676498 0.10397 0.887614 0.448701 0.230359 0.513194 0.826781 0.32633 0.749483 0.576006 0.381978 0.836997 0.391827 0.433189 0.589706 0.681611 0.478732 0.735357 0.479651 0.470321 0.766471 0.437403 0.454555 0.729717 0.510776 0.502606 0.737261 0.45148 0.483891 0.718812 0.499158 0.423341 0.729475 0.53726 0.345795 0.606571 0.715889 0.31561 0.517842 0.795129 0.148959 0.392727 0.907511 0.103248 0.404137 0.908853 0.103608 0.311016 0.944741 0.0143736 0.363145 0.931622 -0.0382336 0.202075 0.978623 -0.118722 0.216238 0.969096 -0.303265 -0.00267825 0.952902 -0.359098 -0.00160387 0.933298 -0.545521 -0.202766 0.813199 -0.578386 -0.19191 0.792869 -0.71663 -0.317834 0.620825 -0.726606 -0.305613 0.615341 -0.821923 -0.376594 0.427339 -0.824391 -0.366475 0.431364 -0.883393 -0.397226 0.248653 -0.884201 -0.382145 0.268613 -0.884201 -0.382145 0.268613 -0.883393 -0.397226 0.248653 -0.923931 -0.376956 0.0652272 -0.921995 -0.371857 0.107924 -0.938462 -0.30712 -0.15801 -0.942386 -0.31613 -0.109409 -0.90649 -0.217779 -0.361729 -0.920655 -0.211642 -0.328027 -0.846754 -0.139721 -0.513309 -0.856141 -0.138017 -0.49797 -0.753562 -0.0337789 -0.656508 -0.770882 -0.0772277 -0.632279 -0.660394 0.149147 -0.735959 -0.702376 0.0185996 -0.711563 -0.640974 0.316083 -0.699459 -0.684807 0.117862 -0.71913 -0.647987 -0.0366394 -0.76077 -0.716039 0.153769 -0.680914 -0.63352 -0.0565905 -0.771654 -0.526229 -0.125672 -0.841005 -0.605177 -0.14498 -0.782778 -0.451849 -0.209375 -0.867176 -0.434842 -0.118429 -0.892686 -0.365967 -0.307022 -0.878525 -0.418599 -0.184502 -0.889232 -0.452494 -0.205758 -0.867706 -0.489563 -0.199159 -0.848919 -0.475917 -0.199894 -0.856473 -0.188148 -0.0128426 -0.982057 -0.261881 -0.208242 -0.942366 -0.0108303 0.00633662 -0.999921 -0.0339388 0.0678413 -0.997119 -0.0443285 -0.0357254 -0.998378 -0.0438634 -0.0178277 -0.998878 0.105442 0.0418529 -0.993544 0.102371 0.0616228 -0.992836 0.182632 -0.11855 -0.976008 0.257674 -0.063007 -0.964175 0.255239 -0.131398 -0.957908 0.270571 -0.0969146 -0.957809 0.348249 -0.140997 -0.926738 0.338207 -0.106518 -0.935024 0.49284 -0.1137 -0.862659 0.526835 -0.0674847 -0.847284 0.459729 -0.226102 -0.858794 0.545534 -0.162457 -0.822193 0.345148 -0.270887 -0.898606 0.383375 -0.210904 -0.89919 0.306525 -0.235668 -0.922227 0.256875 -0.187308 -0.948119 0.490362 -0.131129 -0.861597 0.455523 -0.0909349 -0.885567 0.542382 -0.161347 -0.824493 0.630101 -0.121343 -0.766974 0.571623 -0.288978 -0.767945 0.645402 -0.263946 -0.71679 0.720498 -0.216113 -0.658921 0.746457 -0.301101 -0.593414 0.728375 -0.346287 -0.591232 0.856894 -0.308639 -0.412886 0.711288 -0.3543 -0.607076 0.851282 -0.341762 -0.398143 0.926928 -0.312201 -0.208172 0.830798 -0.384842 -0.402084 0.915237 -0.347447 -0.204013 0.946326 -0.322683 -0.0184933 0.958016 -0.28658 -0.00879827 0.931203 -0.319607 0.175248 0.938522 -0.270213 0.214851 0.804951 -0.305382 0.508719 0.78639 -0.251968 0.564006 0.525607 -0.201679 0.826476 0.530403 -0.166979 0.831138 0.281622 -0.0677813 0.957128 0.320735 -0.0467744 0.946013 0.0660308 0.0583577 0.99611 0.109146 0.0914495 0.98981 -0.134121 0.152273 0.979196 -0.103865 0.220422 0.969859 -0.293132 0.182288 0.938533 -0.262344 0.296681 0.918235 -0.389891 0.168736 0.90527 -0.331505 0.329872 0.883905 -0.402286 0.146321 0.903746 -0.310735 0.3525 0.882716 -0.34975 0.104416 0.931006 -0.243747 0.35571 0.902251 -0.25325 0.0209993 0.967173 -0.166897 0.320862 0.932305 -0.187128 -0.0401806 0.981513 -0.135354 0.229168 0.96393 -0.177871 -0.0748725 0.981201 -0.110295 0.162059 0.980598 -0.152492 -0.088562 0.984329 -0.0719215 0.10774 0.991574 -0.115076 -0.0886466 0.989393 -0.0367714 0.074654 0.996531 -0.0307431 -0.103287 0.994176 0.0203164 0.0246714 0.999489 0.0754641 -0.129845 0.988658 0.0989941 -0.0637477 0.993044 0.061149 -0.0698671 0.99568 0.0814325 -0.0868169 0.992891 0.0894838 -0.0493362 0.994766 -0.0404723 0.0152278 0.999065 -0.0205379 0.0381108 0.999062 0.0491579 0.0781207 0.995731 -0.107952 0.0861554 0.990416 -0.0772118 0.215722 0.973397 0.0164586 0.388002 0.921511 -0.0905176 0.114107 0.989336 -0.102134 0.337131 0.935901 -0.122276 0.591605 0.796901 0.0388294 0.091315 0.995065 0.0248849 0.366038 0.930267 -0.0414749 0.586598 0.808816 0.199172 0.149186 0.968542 0.180786 0.356755 0.916538 0.166674 0.440609 0.882091 0.0383104 0.402727 0.914518 0.129324 0.481665 0.86676 0.272749 0.487273 0.829562 0.0178609 0.617284 0.786538 0.199995 0.663685 0.72078 0.362725 0.689078 0.627377 0.048871 0.733077 0.678388 0.270743 0.742258 0.612986 0.500042 0.717975 0.484221 0.0966414 0.945648 0.310501 0.564664 0.71385 0.414214 0.638785 0.625658 0.447778 0.551745 0.684336 0.47672 0.557312 0.559426 0.613551 0.423884 0.623029 0.657387 0.435568 0.403949 0.804429 0.295256 0.435757 0.850258 0.311728 0.263713 0.912842 0.19622 0.282822 0.938887 0.109234 0.128689 0.985651 0.0335358 0.150844 0.987989 -0.17681 -0.0368461 0.983555 -0.221268 -0.0180418 0.975046 -0.468014 -0.213165 0.857626 -0.495057 -0.219208 0.840753 -0.674301 -0.348103 0.651262 -0.694776 -0.344221 0.631505 -0.784556 -0.43133 0.44545 -0.802296 -0.413881 0.430144 -0.839186 -0.4906 0.234688 -0.866748 -0.440672 0.233574 -0.866748 -0.440672 0.233574 -0.839186 -0.4906 0.234688 -0.874671 -0.484224 -0.0218841 -0.900342 -0.434986 0.0130885 -0.858087 -0.413849 -0.304 -0.903165 -0.364078 -0.227465 -0.810328 -0.300049 -0.503328 -0.868335 -0.266077 -0.418567 -0.750641 -0.145844 -0.644412 -0.814338 -0.15063 -0.560503 -0.576509 0.0989919 -0.811072 -0.689217 0.0313248 -0.723878 -0.333634 0.326192 -0.88447 -0.523528 0.290733 -0.80087 -0.482918 0.0516064 -0.874144 -0.202271 0.230633 -0.951785 -0.391209 -0.0433742 -0.919279 -0.0874982 0.15264 -0.984401 0.226656 0.4079 -0.884446 0.0166117 0.19736 -0.98019 0.346031 0.390896 -0.852914 0.58524 0.479449 -0.653929 0.403131 0.316881 -0.858529 0.644789 0.300424 -0.702846 0.845443 0.29216 -0.447066 0.763821 0.512192 -0.392729 0.763821 0.512192 -0.392729 0.845443 0.29216 -0.447066 0.965389 0.230743 -0.121578 0.89158 0.452836 -0.00495207 0.977953 0.118431 0.171992 0.908794 0.302023 0.287881 0.813352 0.450957 0.367554 0.72296 0.546515 0.42267 0.853782 0.237815 0.463143 0.752366 0.399064 0.524112 0.668951 0.487849 0.56081 0.645457 0.287592 0.707585 0.551412 0.36006 0.75253 0.430239 0.175035 0.885583 0.371079 0.211522 0.904189 0.131898 0.0724031 0.988615 0.124888 0.112106 0.985817 -0.190514 -0.00661861 0.981662 -0.15981 -0.0109813 0.987087 -0.490589 -0.0773306 0.867953 -0.470008 -0.144112 0.870818 -0.686651 -0.156894 0.709856 -0.681866 -0.27236 0.67888 -0.828096 -0.2399 0.50666 -0.788585 -0.363527 0.495966 -0.932806 -0.273278 0.234929 -0.870949 -0.421855 0.251962 -0.870949 -0.421855 0.251962 -0.932806 -0.273278 0.234929 -0.960425 -0.269614 -0.0699433 -0.90434 -0.420902 -0.0707847 -0.902074 -0.247599 -0.353493 -0.855256 -0.367618 -0.365232 -0.775295 -0.222973 -0.590932 -0.759236 -0.290343 -0.582462 -0.608208 -0.163823 -0.776689 -0.663218 -0.149002 -0.733444 -0.824097 -0.155966 -0.544554 -0.657335 -0.125389 -0.743094 -0.371635 0.00125048 -0.928378 -0.658473 -0.00228828 -0.752601 -0.352416 0.15348 -0.923172 0.0543427 0.275215 -0.959846 -0.312397 0.166863 -0.935182 0.0257167 0.226296 -0.973719 0.368857 0.207603 -0.906005 0.0487777 0.109379 -0.992803 0.386885 0.163868 -0.907451 0.653777 0.231547 -0.72039 0.649326 0.206907 -0.731823 0.834408 0.273885 -0.478278 0.855793 0.204079 -0.475363 0.855793 0.204079 -0.475363 0.834408 0.273885 -0.478278 0.938345 0.296485 -0.17778 0.970647 0.155786 -0.183237 0.945817 0.278524 0.166897 0.984078 0.10871 0.140617 0.849551 0.238768 0.470376 0.89615 0.0736869 0.437591 0.903353 0.0599045 0.424693 0.751702 0.052732 0.657392 0.769937 0.0416381 0.63676 0.733547 0.16774 0.658614 0.510471 -0.0184442 0.859697 0.469982 0.0786821 0.879162 0.144734 -0.0856272 0.985759 0.1383 0.00153411 0.990389 -0.198737 -0.131013 0.971257 -0.21204 -0.0568017 0.975609 -0.470211 -0.17524 0.864981 -0.499792 -0.106102 0.859622 -0.67379 -0.188247 0.714542 -0.679684 -0.148492 0.718318 -0.844202 -0.186301 0.502608 -0.83507 -0.176357 0.52111 -0.959416 -0.186937 0.21113 -0.955741 -0.194287 0.220933 -0.955741 -0.194287 0.220933 -0.959416 -0.186937 0.21113 -0.979696 -0.179478 -0.0893486 -0.980205 -0.175597 -0.0914556 -0.937775 -0.158539 -0.308939 -0.927745 -0.156959 -0.338604 -0.849279 -0.110109 -0.516335 -0.931018 -0.138783 -0.337556 -0.808888 -0.0712203 -0.583633 -0.599555 0.0473451 -0.798932 -0.80379 -0.0894986 -0.588143 -0.545399 -0.00598082 -0.838155 -0.251334 0.0537678 -0.966406 -0.550209 -0.0740457 -0.831737 -0.254458 -0.0346276 -0.966464 0.0831637 0.0398525 -0.995739 -0.275879 -0.101415 -0.955827 0.0969669 0.0509575 -0.993982 0.422991 0.235917 -0.874884 0.40195 0.184992 -0.89678 0.640462 0.35826 -0.679307 0.659085 0.287078 -0.695121 0.800323 0.424598 -0.423319 0.820939 0.374511 -0.431046 0.820939 0.374511 -0.431046 0.800323 0.424598 -0.423319 0.878115 0.455666 -0.145883 0.89504 0.419227 -0.152158 0.865231 0.473966 0.163499 0.893657 0.418676 0.161514 0.773134 0.440013 0.456786 0.801994 0.367412 0.470971 0.621165 0.377293 0.68688 0.668278 0.308239 0.677048 0.707608 0.202621 0.676931 0.433339 0.22914 0.871615 0.47712 0.130113 0.869153 0.495147 0.00173123 0.868808 0.119792 0.0371103 0.992105 0.144572 -0.0711607 0.986932 -0.233965 -0.0355868 0.971594 -0.197438 -0.117289 0.973274 -0.512537 -0.0658233 0.856138 -0.490202 -0.147538 0.859031 -0.712163 -0.0843031 0.696934 -0.703414 -0.153843 0.693932 -0.864864 -0.0916314 0.493572 -0.849427 -0.153706 0.504824 -0.967966 -0.0819534 0.237328 -0.959113 -0.15001 0.239999 -0.959113 -0.15001 0.239999 -0.967966 -0.0819534 0.237328 -0.994896 -0.0965153 -0.0294441 -0.986433 -0.150747 -0.0649976 -0.949089 -0.113322 -0.293917 -0.986626 -0.162706 0.00976623 -0.949217 -0.166874 -0.266721 -0.798982 -0.127617 -0.587657 -0.916677 -0.28955 -0.275434 -0.783307 -0.221974 -0.580653 -0.551501 -0.172563 -0.81613 -0.759743 -0.319461 -0.566334 -0.582744 -0.229331 -0.779626 -0.312246 -0.0603586 -0.948082 -0.562264 -0.19981 -0.802456 -0.33778 0.0141363 -0.941119 -0.0518628 0.249131 -0.96708 0.0561319 0.159888 -0.985538 0.271643 0.445326 -0.853168 0.394372 0.329513 -0.857841 0.490959 0.566391 -0.661937 0.582775 0.443662 -0.680836 0.607823 0.651795 -0.453558 0.734768 0.50965 -0.44763 0.734768 0.50965 -0.44763 0.607823 0.651795 -0.453558 0.714997 0.677313 -0.173282 0.833721 0.535625 -0.134218 0.717146 0.668522 0.196925 0.822006 0.534519 0.196457 0.600242 0.609633 0.517743 0.709905 0.509504 0.486251 0.459314 0.526587 0.715358 0.548033 0.463317 0.696418 0.261183 0.435845 0.861291 0.349477 0.361869 0.864243 0.396246 0.289333 0.871364 0.0637332 0.204367 0.976817 0.0954605 0.126014 0.987425 0.094183 0.0961986 0.990896 -0.281053 -0.0771969 0.956582 -0.252281 -0.0300413 0.967188 -0.572139 -0.200629 0.795239 -0.538453 -0.0801447 0.838836 -0.722069 -0.238176 0.64953 -0.729248 -0.0971174 0.677322 -0.836424 -0.265032 0.479742 -0.869332 -0.115887 0.480449 -0.916408 -0.298548 0.26658 -0.959292 -0.133584 0.248826 -0.959292 -0.133584 0.248826 -0.916408 -0.298548 0.26658 -0.950834 -0.309097 0.0193112 -0.867922 -0.431666 0.245715 -0.901416 -0.432938 0.00363835 -0.872278 -0.397269 -0.285145 -0.885465 -0.464506 -0.0136522 -0.856521 -0.427127 -0.289713 -0.736952 -0.362907 -0.570263 -0.879754 -0.405579 -0.248069 -0.771197 -0.350707 -0.531281 -0.58967 -0.171185 -0.789294 -0.460937 0.242773 -0.85358 -0.345662 0.0749075 -0.935364 -0.187417 0.508365 -0.8405 -0.0816264 0.342772 -0.935866 0.0561407 0.695725 -0.716111 0.16444 0.553887 -0.816192 0.244838 0.803685 -0.542351 0.37667 0.687216 -0.621172 0.371922 0.868989 -0.326392 0.482469 0.761642 -0.43258 0.482469 0.761642 -0.43258 0.371922 0.868989 -0.326392 0.176536 0.969663 -0.169084 0.176536 0.969663 -0.169084 -0.055303 0.994767 0.0859072 -0.055303 0.994767 0.0859072 0.0540971 0.946593 0.317859 0.186688 0.842655 0.505054 -0.402485 0.890278 0.213101 -0.196287 0.855995 0.478271 -0.0768603 0.679919 0.729248 0.0816153 0.519625 0.850487 0.351744 0.664874 0.658953 -0.5306 0.583623 0.614693 -0.354801 0.445255 0.822109 -0.202173 0.359119 0.911131 -0.0463523 0.281054 0.958572 -0.584425 0.220633 0.780876 -0.45366 0.146935 0.878978 -0.369535 0.050142 0.927863 -0.299155 -0.0308771 0.953705 -0.58 -0.167179 0.797278 -0.569178 -0.237779 0.787082 -0.715695 -0.30443 0.628572 -0.697813 -0.357159 0.620883 -0.808207 -0.408975 0.423722 -0.795279 -0.40103 0.454649 -0.862974 -0.454702 0.220276 -0.867922 -0.431666 0.245715 -0.895393 -0.398861 0.197942 -0.862974 -0.454702 0.220276 -0.895393 -0.398861 0.197942 -0.916279 -0.39995 -0.0217384 -0.947173 -0.270186 0.172809 -0.949119 -0.314586 0.014445 -0.961714 -0.0184458 0.273433 -0.99796 -0.0473066 0.0428797 -0.899826 0.320764 0.295674 -0.951443 0.303431 0.0518304 -0.702474 0.651554 0.28637 -0.778899 0.62669 -0.0240086 -0.723005 0.601288 -0.340171 -0.62044 0.451848 -0.641005 -0.402485 0.890278 0.213101 -0.702474 0.651554 0.28637 -0.899826 0.320764 0.295674 -0.761885 0.277044 0.585472 -0.961714 -0.0184458 0.273433 -0.947173 -0.270186 0.172809 -0.260713 0.928776 0.263445 -0.171629 0.725132 0.666879 -0.483372 0.833401 0.267945 -0.260713 0.928776 0.263445 -0.483372 0.833401 0.267945 -0.68709 0.726418 0.0149562 -0.631082 0.701573 0.330956 -0.787877 0.600169 0.138015 -0.958971 0.265687 -0.098924 -0.876817 0.418269 -0.237156 -0.885878 0.0161918 -0.463635 -0.915148 0.0841952 -0.394227 -0.81275 0.137746 -0.566095 -0.792143 0.273316 -0.545718 -0.776019 0.0361762 -0.629671 -0.73625 0.0592647 -0.67411 -0.81316 0.00229067 -0.582035 -0.713783 -0.0243693 -0.699943 -0.755793 0.0335019 -0.653953 -0.609326 0.0532486 -0.79113 -0.671021 0.0114036 -0.741351 -0.511513 0.118607 -0.85105 -0.505973 0.0775893 -0.859053 -0.532976 -0.0404567 -0.845163 -0.577239 -0.0773641 -0.812902 -0.487152 -0.0882129 -0.86885 -0.459801 0.100973 -0.882263 -0.33035 -0.143319 -0.932914 -0.307746 -0.0165763 -0.951324 -0.0781794 -0.210217 -0.974524 -0.183069 -0.129265 -0.974565 -0.18127 0.0489496 -0.982214 -0.156999 0.125789 -0.979555 -0.0181642 0.0753136 -0.996994 -0.0720781 -0.0559631 -0.995828 -0.0536091 -0.0935457 -0.994171 0.00547368 0.0737308 -0.997263 -0.00654554 0.0505899 -0.998698 -0.0477411 -0.0923181 -0.994584 0.0407284 -0.0554073 -0.997633 0.142809 -0.123011 -0.982076 0.131797 -0.158094 -0.978589 0.302 -0.0934769 -0.948714 0.263086 -0.146662 -0.95356 0.388452 -0.0317988 -0.92092 0.371775 -0.13396 -0.918606 0.36664 -0.15471 -0.91741 0.448167 -0.148791 -0.88148 0.287719 -0.26603 -0.920025 0.373643 -0.267473 -0.888172 0.314936 -0.303469 -0.89929 0.32258 -0.317874 -0.891571 0.395801 -0.301416 -0.867462 0.353036 -0.285928 -0.890848 0.514626 -0.292946 -0.805818 0.498988 -0.214677 -0.839598 0.47109 -0.240155 -0.848764 0.48502 -0.196319 -0.852182 0.484923 -0.23719 -0.841778 0.516914 -0.262233 -0.814882 0.678466 -0.354398 -0.643495 0.460955 -0.228079 -0.857613 0.641079 -0.327655 -0.694017 0.816131 -0.410472 -0.406746 0.623107 -0.278793 -0.730762 0.803779 -0.389259 -0.449907 0.891985 -0.40888 -0.192823 0.900791 -0.389101 -0.192813 0.916811 -0.397827 -0.0345178 0.931293 -0.363093 -0.0292486 0.914587 -0.389754 0.10781 0.919802 -0.367834 0.136613 0.835085 -0.352626 0.422242 0.813054 -0.350033 0.465211 0.544939 -0.210286 0.811678 0.522598 -0.222411 0.823058 0.270005 -0.0515544 0.961478 0.258236 -0.0860609 0.962241 0.0492019 0.0721115 0.996182 0.0456324 0.0307004 0.998486 -0.10281 0.161648 0.981479 -0.122099 0.114229 0.985923 -0.18843 0.194592 0.962615 -0.250505 0.137792 0.958259 -0.253992 0.17703 0.950867 -0.356039 0.116584 0.92717 -0.287993 0.112397 0.951014 -0.397768 0.0657762 0.915125 -0.271312 0.0355811 0.961834 -0.350257 -0.0174657 0.936491 -0.227683 -0.0140456 0.973634 -0.270099 -0.0976478 0.957868 -0.184891 -0.043522 0.981795 -0.212099 -0.119024 0.969973 -0.160938 -0.0614567 0.985049 -0.194427 -0.137313 0.971259 -0.156825 -0.0709314 0.985076 -0.185548 -0.145294 0.971834 -0.15733 -0.0675035 0.985236 -0.162764 -0.142987 0.976249 -0.123464 -0.0536062 0.9909 -0.0891612 -0.138097 0.986397 -0.0538333 0.00902445 0.998509 0.0142998 -0.101439 0.994739 -0.0249212 0.117142 0.992802 0.0261276 0.0206496 0.999445 -0.0604314 0.177568 0.982251 -0.0497447 0.107969 0.992909 -0.0495585 0.0312453 0.998282 -0.0635562 0.148182 0.986916 -0.0671989 0.0444678 0.996748 -0.0844563 0.0100335 0.996377 -0.0185437 0.0722394 0.997215 -0.0321486 -0.0430487 0.998556 -0.072041 -0.0224532 0.997149 -0.00227537 -0.0256708 0.999668 0.00391163 -0.0872798 0.996176 0.0252781 -0.0290487 0.999258 -0.144144 0.0280068 0.98916 -0.0295556 0.0419245 0.998684 0.107604 0.0551722 0.992662 -0.378675 0.304609 0.873967 -0.232354 0.343317 0.910025 -0.0791298 0.331855 0.940006 -0.452506 0.464176 0.761432 -0.350559 0.49576 0.794563 -0.170373 0.547198 0.81948 -0.485719 0.615337 0.620836 -0.331874 0.689766 0.643492 -0.712384 0.564562 0.416867 -0.631082 0.701573 0.330956 -0.557831 0.522161 0.645114 -0.754356 0.438005 0.488977 -0.712384 0.564562 0.416867 -0.754356 0.438005 0.488977 -0.875003 0.385954 0.292249 -0.843093 0.474707 0.25268 -0.96928 0.198297 -0.145512 -0.97716 0.193014 -0.0888992 -0.898932 0.314526 0.304951 -0.964775 0.209803 -0.158717 -0.924469 0.225137 0.307686 -0.966433 0.185491 -0.177765 -0.612151 -0.0813092 -0.78655 -0.965251 0.153964 -0.211152 -0.655826 -0.135945 -0.742571 -0.570131 -0.21454 -0.793047 -0.570812 -0.22399 -0.789938 -0.383539 -0.218417 -0.897325 -0.445417 -0.203085 -0.871987 -0.151837 -0.203872 -0.967151 -0.275493 -0.230294 -0.93331 0.10861 -0.047786 -0.992935 0.0368376 -0.135696 -0.990065 0.0315152 -0.16052 -0.986529 0.0704936 -0.131616 -0.988791 0.0610641 0.0415896 -0.997267 -0.136653 -0.118766 -0.983474 -0.108015 -0.0630109 -0.99215 -0.0341231 0.00900219 -0.999377 -0.0868341 -0.0606733 -0.994374 -0.0830698 -0.0645076 -0.994454 0.234829 -0.112671 -0.965485 0.19169 -0.107117 -0.975593 0.392254 -0.133152 -0.910169 0.370416 -0.0583242 -0.927033 0.262535 -0.155957 -0.952236 0.349569 -0.0171065 -0.936754 0.153994 -0.186147 -0.970379 0.227953 -0.154774 -0.961292 0.25576 -0.1986 -0.946121 0.247894 -0.229924 -0.941108 0.395694 -0.215011 -0.892858 0.338549 -0.244553 -0.908613 0.477039 -0.146632 -0.866564 0.425317 -0.214868 -0.879169 0.556955 -0.158604 -0.815258 0.5386 -0.270131 -0.798085 0.50715 -0.207132 -0.836598 0.502095 -0.251384 -0.82747 0.455149 -0.21209 -0.864787 0.490644 -0.128931 -0.861769 0.471296 -0.128738 -0.872529 0.628419 -0.21256 -0.74827 0.525549 0.0181315 -0.85057 0.646216 -0.0870956 -0.758169 0.812334 -0.252889 -0.52551 0.808368 -0.335766 -0.483531 0.891484 -0.371352 -0.259526 0.888701 -0.401903 -0.220645 0.909752 -0.411281 -0.0565694 0.908371 -0.415425 -0.0477899 0.922094 -0.374189 0.0986174 0.918585 -0.384287 0.092331 0.896649 -0.283083 0.340418 0.873082 -0.316462 0.370917 0.651148 -0.0866845 0.753984 0.599116 -0.145704 0.787293 0.336806 0.148442 0.929799 0.306202 0.0485663 0.950727 0.145901 0.290115 0.945804 0.0896068 0.181264 0.979344 0.00315927 0.341745 0.939787 -0.064619 0.252661 0.965395 -0.0621176 0.348264 0.935336 -0.1269 0.274364 0.953216 -0.0814645 0.324427 0.942396 -0.158262 0.257123 0.953331 -0.0918277 0.283889 0.95445 -0.177079 0.212927 0.960888 -0.0936572 0.235755 0.967289 -0.1707 0.164316 0.971526 -0.0831363 0.193158 0.977639 -0.147781 0.118659 0.981876 -0.0695409 0.164807 0.983871 -0.124831 0.081455 0.988829 -0.0668143 0.146325 0.986978 -0.112795 0.0603167 0.991786 -0.0828731 0.136083 0.987225 -0.113863 0.0521825 0.992125 -0.0928709 0.165105 0.981894 -0.119747 0.0605256 0.990958 -0.0904877 0.184939 0.978575 -0.116228 0.0744136 0.990431 -0.0754348 0.208247 0.975163 -0.0875072 0.114634 0.989546 -0.080589 0.211838 0.973976 -0.060563 0.170821 0.983439 -0.131502 0.247671 0.959878 -0.083164 0.221038 0.971713 -0.172281 0.371758 0.912204 -0.106204 0.299056 0.948307 -0.0731957 0.232664 0.969799 -0.0633749 0.388133 0.919422 -0.0486554 0.301665 0.952172 -0.0353914 0.211604 0.976714 -0.0366536 0.348689 0.936521 -0.0359975 0.294123 0.955089 -0.0128774 0.161634 0.986767 -0.123732 0.359438 0.92493 -0.168576 0.301097 0.938575 -0.193473 0.135621 0.971687 -0.430541 0.282799 0.857122 -0.512154 0.219883 0.830271 -0.494456 0.223644 0.839939 -0.626216 0.165897 0.761795 -0.608997 0.252676 0.751849 -0.530603 0.382595 0.756361 -0.639185 0.271128 0.719675 -0.596109 0.417705 0.685694 -0.789547 0.254967 0.558219 -0.772127 0.349472 0.530743 -0.772127 0.349472 0.530743 -0.789547 0.254967 0.558219 -0.672503 0.148664 0.725009 -0.809161 0.18186 0.558735 -0.809161 0.18186 0.558735 -0.945157 0.161545 0.28387 -0.831194 0.144112 0.536981 -0.960711 0.128302 0.246117 -0.957362 0.143448 -0.25076 -0.974481 0.111279 0.194945 -0.937551 0.196264 -0.28719 -0.980747 0.118936 0.154882 -0.905133 0.259161 -0.337 -0.987364 0.0897649 0.130594 -0.891107 0.229018 -0.391765 -0.782876 0.275027 -0.558091 -0.887436 0.13062 -0.442035 -0.788966 0.171113 -0.590129 -0.687743 0.198561 -0.698272 -0.67747 0.277987 -0.680998 -0.551463 0.267017 -0.79031 -0.583473 0.303712 -0.753205 -0.325055 0.475594 -0.817404 -0.416619 0.395888 -0.818353 -0.354643 0.29753 -0.8864 -0.218177 0.234569 -0.947299 0.0441394 0.623873 -0.780278 0.0428079 0.405407 -0.913134 0.228515 0.280759 -0.932178 0.390214 0.322476 -0.862405 0.0601861 0.226712 -0.9721 0.377017 0.417957 -0.826541 0.301789 0.310983 -0.901228 0.00040538 0.0751584 -0.997171 -0.274494 -0.135283 -0.952025 0.238973 0.397193 -0.886075 0.213062 0.209844 -0.954238 0.0464796 -0.0135174 -0.998828 0.0855701 0.221406 -0.97142 0.133152 0.0478845 -0.989938 -0.096829 0.187859 -0.977412 -0.0382663 -0.00876308 -0.999229 -0.107723 -0.122095 -0.986655 0.0138486 -0.0535451 -0.998469 -0.0451194 -0.0863655 -0.995241 0.244305 -0.0471724 -0.96855 0.240347 -0.0989923 -0.965626 0.29663 -0.115435 -0.94799 0.325739 -0.192025 -0.925754 0.234366 -0.120717 -0.964624 0.217118 -0.222398 -0.950473 0.239104 -0.091646 -0.966659 0.183742 -0.187687 -0.96489 0.353687 -0.0970431 -0.930316 0.305825 -0.175607 -0.935753 0.499939 -0.132383 -0.855883 0.448705 -0.200886 -0.870809 0.59348 -0.108905 -0.797446 0.530882 -0.161257 -0.831962 0.610049 -0.0378816 -0.791457 0.560436 -0.111307 -0.820684 0.548808 0.0106351 -0.835881 0.692344 0.134489 -0.708924 0.591342 0.187086 -0.78442 0.529047 0.164059 -0.832583 0.558518 0.314661 -0.767493 0.474535 0.211846 -0.854364 0.58421 0.0838696 -0.807257 0.633008 0.0505739 -0.772491 0.770998 -0.0732409 -0.632611 0.809518 -0.130221 -0.572471 0.891246 -0.236757 -0.386817 0.90144 -0.297597 -0.31439 0.932013 -0.345773 -0.108597 0.921442 -0.380811 -0.0769947 0.919236 -0.375339 0.118852 0.922246 -0.369476 0.113796 0.864317 -0.36714 0.343751 0.890704 -0.29861 0.342752 0.572416 -0.249958 0.780936 0.639805 -0.121131 0.758931 0.138011 0.0350801 0.989809 0.287724 0.148968 0.946057 0.016844 0.190985 0.981448 0.143063 0.310724 0.939672 -0.0172556 0.235926 0.971618 0.0448122 0.36418 0.93025 -0.0526416 0.234641 0.970656 -0.0163698 0.357699 0.933693 -0.0580046 0.215806 0.974712 -0.0346219 0.321625 0.946234 -0.0397399 0.272472 0.961343 -0.0409126 0.238874 0.970188 -0.0505919 0.20986 0.976422 -0.0505445 0.290521 0.955533 -0.0422099 0.209417 0.976915 -0.031298 0.31402 0.9489 -0.025747 0.226183 0.973744 -0.0370395 0.366195 0.929801 -0.0565637 0.241258 0.968811 -0.0678215 0.372748 0.925451 -0.0777235 0.288301 0.95438 -0.0217828 0.367963 0.929585 -0.0665112 0.304267 0.950262 0.0245203 0.329283 0.943913 -0.0353327 0.279413 0.959521 0.0275988 0.402368 0.915062 -0.0309471 0.248424 0.968157 -0.136252 0.345264 0.928562 -0.242963 0.51054 0.824814 -0.204247 0.580725 0.788062 -0.108682 0.490391 0.8647 -0.037794 0.562226 0.826119 -0.0231022 0.431518 0.901808 0.0777237 0.579064 0.811569 0.109602 0.672907 0.731562 0.0242156 0.535886 0.843943 -0.00548185 0.489809 0.871812 0.0155099 0.670302 0.741926 0.000715758 0.479575 0.8775 0.0258496 0.588985 0.807731 -0.0942271 0.396217 0.913309 -0.162061 0.501857 0.849633 -0.307701 -0.0761816 0.948428 -0.479342 0.0311969 0.877073 -0.369157 -0.299523 0.879778 -0.587921 -0.222865 0.777612 -0.788177 -0.082345 0.609915 -0.588445 -0.191876 0.78544 -0.805414 -0.073605 0.588124 -0.959936 0.0606801 0.273571 -0.930587 0.108514 0.349617 -0.983238 0.174661 -0.0523228 -0.945221 0.3206 0.0614239 -0.945221 0.3206 0.0614239 -0.983238 0.174661 -0.0523228 -0.946413 0.22417 -0.232486 -0.905026 0.384024 -0.182905 -0.675114 0.72524 -0.135084 -0.751144 0.61122 0.249386 -0.196627 0.980428 0.00994305 -0.254212 0.801644 0.541057 0.413769 0.909045 0.0493209 0.263825 0.744113 0.613753 0.897562 0.412985 0.154359 0.65509 0.410664 0.634202 0.987358 0.0727725 0.140815 0.832988 -0.0128494 0.553141 0.65509 0.410664 0.634202 0.832988 -0.0128494 0.553141 0.585199 -0.139451 0.798809 0.457432 0.298135 0.837777 0.871771 -0.130256 0.472281 0.618599 -0.283974 0.732594 0.887183 -0.0815052 0.454162 0.671161 -0.187532 0.717199 0.36139 -0.329311 0.872325 0.696782 -0.0600014 0.714769 0.411294 -0.162084 0.896976 0.00172034 -0.228593 0.973521 0.00284049 -0.387782 0.921747 -0.393351 -0.183819 0.900825 -0.383299 -0.327957 0.863439 -0.67296 -0.115719 0.730571 -0.699021 -0.17935 0.692245 -0.645913 -0.159116 0.746645 -0.863159 -0.0897133 0.496899 -0.820866 0.0302597 0.570318 -0.820866 0.0302597 0.570318 -0.863159 -0.0897133 0.496899 -0.950402 -0.003915 0.310998 -0.906006 0.147015 0.396913 -0.988278 0.133168 0.0746518 -0.975322 0.213873 0.0548196 -0.8611 0.507021 -0.0379018 -0.450562 0.889327 -0.078043 -0.879764 0.125509 -0.458545 -0.991291 0.115069 0.0640402 -0.905256 0.143141 -0.400028 -0.5846 0.150938 -0.797157 -0.59134 0.181152 -0.785812 -0.344823 0.182674 -0.920721 -0.349707 0.231948 -0.907692 -0.00613474 0.145658 -0.989316 0.00781067 0.255672 -0.966732 -0.00569075 0.424801 -0.905269 0.0145803 0.490854 -0.87112 0.349948 0.175199 -0.92024 0.380993 0.327965 -0.864456 0.416912 0.484711 -0.768921 0.378126 0.583082 -0.719052 -0.0985104 0.488319 -0.867087 0.615186 0.229737 -0.754166 0.620671 0.126586 -0.773785 0.82048 0.110803 -0.560834 0.81602 0.164323 -0.554174 0.963124 0.060315 -0.262209 0.962463 0.0837567 -0.258167 0.993941 -0.000994013 0.109907 0.992696 -0.00280879 0.120609 0.887183 -0.0815052 0.454162 0.871771 -0.130256 0.472281 0.96698 0.0556434 -0.248702 0.990791 0.000377432 0.135399 0.877757 -0.0182465 0.478758 0.990691 0.0135876 0.13545 0.869193 -0.0148809 0.494248 0.877757 -0.0182465 0.478758 0.869193 -0.0148809 0.494248 0.710887 -0.0179427 0.703078 0.876086 -0.0438403 0.480158 0.700794 -0.0544822 0.71128 0.450955 -0.0163205 0.892398 0.476155 -0.0393665 0.87848 0.0606006 0.0341268 0.997578 0.0567334 -0.0626374 0.996423 -0.352761 0.0542127 0.934142 -0.396495 -0.0622085 0.915927 -0.658249 0.0342383 0.752022 -0.690637 -0.039375 0.722129 -0.841637 0.0163991 0.539795 -0.848002 -0.00873753 0.529921 -0.84285 -0.0609996 0.534681 -0.84285 -0.0609996 0.534681 -0.848002 -0.00873753 0.529921 -0.956027 0.0400919 0.290525 -0.955493 0.00766529 0.294915 -0.994081 0.0928683 0.056371 -0.957729 0.0430679 0.28443 -0.995746 0.0759339 0.0521864 -0.940857 0.10869 -0.320897 -0.926412 0.127968 -0.354097 -0.577649 0.125295 -0.806612 -0.579793 0.115682 -0.806509 -0.320411 0.167917 -0.932277 -0.341337 0.164181 -0.925491 -0.0308822 0.167663 -0.985361 -0.0246966 0.130033 -0.991202 0.335146 0.135225 -0.932411 0.342797 0.101986 -0.933857 0.337786 0.106336 -0.935197 0.639623 0.0662577 -0.765827 0.629702 0.0724679 -0.77345 0.848725 0.0678928 -0.524458 0.832719 0.0655377 -0.549803 0.968319 0.0540503 -0.243797 0.859507 0.0673907 -0.506661 0.96895 0.0320305 -0.245175 0.992342 -0.00721608 0.123305 0.967521 0.0287837 -0.251148 0.993096 -0.0100176 0.116877 0.881427 -0.0739813 0.46649 0.876086 -0.0438403 0.480158 0.992799 0.0288021 0.116277 0.903608 -0.0501067 0.42542 0.881427 -0.0739813 0.46649 0.903608 -0.0501067 0.42542 0.702807 -0.118555 0.701432 0.700014 -0.111405 0.705385 0.396286 -0.126064 0.909431 0.421525 -0.0772782 0.903518 -0.00121083 -0.0892589 0.996008 0.0312632 -0.017514 0.999358 -0.358228 -0.0486357 0.932367 -0.340787 0.0401421 0.939283 -0.603257 -0.0210502 0.797269 -0.614936 0.0446061 0.787315 -0.799672 -0.0155528 0.600236 -0.823592 0.0240104 0.566675 -0.823592 0.0240104 0.566675 -0.799672 -0.0155528 0.600236 -0.953563 0.00627771 0.301127 -0.959584 0.0268073 0.280144 -0.841637 0.0163991 0.539795 -0.999008 0.0325239 0.0304027 -0.997559 0.0526175 0.0459084 -0.931844 0.135837 -0.336474 -0.943698 0.111136 -0.311581 -0.565686 0.234537 -0.790564 -0.562631 0.178678 -0.807168 -0.319058 0.239904 -0.916869 -0.295915 0.189984 -0.936131 -0.0515129 0.23834 -0.969815 -0.0328768 0.186277 -0.981947 0.344961 0.197228 -0.917662 0.349767 0.149723 -0.924795 0.651915 0.142794 -0.744726 0.646304 0.132897 -0.751419 0.655646 0.113732 -0.746454 0.842307 0.0668204 -0.53484 0.849793 0.106686 -0.516208 0.974357 0.0619461 -0.216312 0.856688 0.203648 -0.473934 0.975041 0.125756 -0.182975 0.989762 0.0538035 0.132198 0.967887 0.190889 -0.163573 0.987574 0.0636889 0.143672 0.911857 -0.049079 0.407564 0.908336 -0.0229391 0.417612 0.908336 -0.0229391 0.417612 0.911857 -0.049079 0.407564 0.72879 -0.175413 0.661888 0.715725 -0.116876 0.688533 0.414278 -0.32076 0.851755 0.388307 -0.186403 0.902481 0.016236 -0.399879 0.916424 -0.00919665 -0.209719 0.977719 -0.344776 -0.408843 0.844971 -0.355188 -0.198642 0.913445 -0.605006 -0.349001 0.715658 -0.596869 -0.167754 0.784605 -0.816045 -0.22695 0.531568 -0.794528 -0.107953 0.597555 -0.794528 -0.107953 0.597555 -0.816045 -0.22695 0.531568 -0.956501 -0.0836446 0.279482 -0.947871 -0.0148909 0.318306 -0.997499 0.0445665 0.0548652 -0.997703 0.053473 0.0415839 -0.925165 0.217585 -0.31101 -0.91812 0.182007 -0.352035 -0.576301 0.399149 -0.713132 -0.562179 0.307471 -0.767735 -0.302466 0.446728 -0.84199 -0.319286 0.335685 -0.886212 -0.0424788 0.477183 -0.877777 -0.0644807 0.369104 -0.927149 0.284583 0.469284 -0.835934 0.316842 0.341133 -0.885008 0.633391 0.373298 -0.677838 0.651035 0.25536 -0.714804 0.853304 0.277332 -0.441543 0.604339 0.424484 -0.674231 0.863512 0.279418 -0.419848 0.973211 0.183858 -0.138049 0.867788 0.280494 -0.410204 0.979014 0.133505 -0.153971 0.996962 -0.0224621 0.0745738 0.992771 0.0321954 0.115625 0.924327 -0.201297 0.324188 0.921425 -0.112022 0.372057 0.921425 -0.112022 0.372057 0.924327 -0.201297 0.324188 0.765878 -0.33278 0.55017 0.767531 -0.248239 0.590993 0.517344 -0.460539 0.72129 0.471387 -0.411005 0.7803 0.146452 -0.557483 0.817169 0.0612133 -0.546657 0.835116 -0.324442 -0.562592 0.760413 -0.321919 -0.570676 0.755445 -0.658895 -0.458242 0.596551 -0.620281 -0.467485 0.629848 -0.848983 -0.322337 0.41872 -0.826422 -0.322732 0.461378 -0.826422 -0.322732 0.461378 -0.848983 -0.322337 0.41872 -0.963556 -0.161529 0.213232 -0.961716 -0.146173 0.231809 -0.999231 -0.0369209 0.0131861 -0.999931 0.000611229 0.0117336 -0.932827 0.161781 -0.321963 -0.923303 0.20803 -0.322854 -0.582537 0.380042 -0.718484 -0.585233 0.429676 -0.687663 -0.321292 0.472836 -0.820486 -0.321694 0.498513 -0.804983 -0.0615819 0.503392 -0.861861 -0.0499792 0.520063 -0.852664 0.252675 0.501803 -0.827254 0.272726 0.511431 -0.814898 0.583409 0.439495 -0.682992 0.273384 0.484516 -0.830967 0.587141 0.435883 -0.682108 0.848993 0.290276 -0.441533 0.56771 0.438592 -0.696665 0.836724 0.307628 -0.453054 0.971118 0.162036 -0.175141 0.971287 0.136901 -0.194577 0.997121 0.0252258 0.0715035 0.999181 -0.00449502 0.0402216 0.935207 -0.120207 0.333075 0.930519 -0.180578 0.318631 0.930519 -0.180578 0.318631 0.935207 -0.120207 0.333075 0.767133 -0.277101 0.578552 0.766759 -0.331051 0.549987 0.466921 -0.365513 0.805223 0.499957 -0.432571 0.750283 0.0816862 -0.398375 0.913578 0.0966198 -0.46806 0.878399 -0.311349 -0.369862 0.875365 -0.324296 -0.437936 0.838477 -0.634598 -0.296502 0.713703 -0.660264 -0.378727 0.648551 -0.8561 -0.192412 0.479657 -0.857919 -0.269347 0.437523 -0.857919 -0.269347 0.437523 -0.8561 -0.192412 0.479657 -0.966477 -0.0997394 0.236589 -0.967552 -0.141591 0.209275 -0.999154 -0.0293582 0.0288016 -0.999441 -0.0324 0.00823141 -0.94621 0.131159 -0.295778 -0.947897 0.123508 -0.293662 -0.604028 0.387313 -0.696519 -0.602098 0.353122 -0.716088 -0.320244 0.462625 -0.826693 -0.31207 0.442216 -0.840867 -0.0596563 0.504113 -0.861575 -0.0627815 0.480503 -0.874743 0.268619 0.493325 -0.827329 -0.0908966 0.563004 -0.82144 0.23704 0.572628 -0.784799 0.562052 0.514683 -0.647456 0.243571 0.704201 -0.666913 0.532659 0.622348 -0.573548 0.78965 0.445564 -0.421813 0.832981 0.368152 -0.413045 0.954844 0.225428 -0.193533 0.966538 0.192812 -0.169196 0.996927 0.056032 0.0547505 0.99733 0.046423 0.0563761 0.943852 -0.136556 0.300826 0.941152 -0.122213 0.315115 0.941152 -0.122213 0.315115 0.943852 -0.136556 0.300826 0.774383 -0.321964 0.544675 0.768298 -0.279358 0.575914 0.446481 -0.497169 0.74396 0.456225 -0.409607 0.789988 0.0392283 -0.575718 0.816707 0.0607454 -0.443938 0.893996 -0.360378 -0.53854 0.761645 -0.339248 -0.41363 0.844879 -0.678176 -0.435799 0.59174 -0.660433 -0.303062 0.687009 -0.852588 -0.30645 0.423298 -0.849038 -0.194788 0.491114 -0.849038 -0.194788 0.491114 -0.852588 -0.30645 0.423298 -0.947242 -0.199806 0.250621 -0.956211 -0.117019 0.268266 -0.995445 -0.0892282 0.0335801 -0.997982 -0.0439871 0.045785 -0.934223 0.18598 -0.304367 -0.940366 0.167018 -0.29634 -0.612141 0.48683 -0.623121 -0.599883 0.431274 -0.673901 -0.353964 0.609647 -0.709253 -0.332749 0.519345 -0.78712 -0.0886757 0.688436 -0.719856 -0.313069 0.727804 -0.610155 -0.0733431 0.814171 -0.575974 0.187554 0.80983 -0.555876 -0.0543241 0.847776 -0.527565 0.106783 0.843727 -0.526043 0.350154 0.771015 -0.53191 0.436569 0.717654 -0.542568 0.682135 0.593594 -0.427011 0.736397 0.530101 -0.420372 0.934669 0.306137 -0.180761 0.953132 0.244821 -0.17777 0.99875 0.0248275 0.0433884 0.997131 0.0462752 0.05991 0.949709 -0.161682 0.268163 0.948063 -0.156349 0.277003 0.948063 -0.156349 0.277003 0.949709 -0.161682 0.268163 0.792253 -0.370148 0.485103 0.784152 -0.36983 0.498329 0.474594 -0.574538 0.666833 0.476432 -0.569259 0.670042 0.0174905 -0.695592 0.718224 0.0464607 -0.678787 0.732864 -0.369901 -0.672531 0.640995 -0.363356 -0.637568 0.679323 -0.642168 -0.592707 0.486127 -0.680148 -0.538047 0.497901 -0.8512 -0.438056 0.289078 -0.854434 -0.412831 0.315455 -0.854434 -0.412831 0.315455 -0.8512 -0.438056 0.289078 -0.944934 -0.277578 0.17335 -0.937276 -0.278736 0.209332 -0.989416 -0.133446 0.0569964 -0.991095 -0.129666 0.0303034 -0.951151 0.189906 -0.243407 -0.936671 0.193834 -0.291678 -0.548662 0.617165 -0.563983 -0.592722 0.562856 -0.576085 -0.222165 0.786858 -0.575758 -0.53034 0.632252 -0.564798 -0.144463 0.764195 -0.628599 -0.0210797 0.798626 -0.601458 -0.135143 0.746658 -0.651335 -0.0103606 0.73243 -0.680763 0.0644231 0.727678 -0.682887 0.0736247 0.801078 -0.594015 0.252187 0.708953 -0.658625 0.270359 0.764349 -0.585385 0.601839 0.635511 -0.483649 0.639926 0.617295 -0.457648 0.890806 0.403323 -0.209272 0.910605 0.362579 -0.198331 0.979579 0.168824 0.109194 0.995112 0.08058 0.0570895 0.923085 -0.0823191 0.375682 0.933399 -0.151105 0.325473 0.933399 -0.151105 0.325473 0.923085 -0.0823191 0.375682 0.751851 -0.265472 0.603527 0.776341 -0.316015 0.54537 0.462758 -0.389856 0.796158 0.484376 -0.482768 0.729599 0.0623138 -0.447847 0.891936 0.0485338 -0.604573 0.79507 -0.345451 -0.46196 0.816858 -0.351645 -0.619849 0.701521 -0.677389 -0.341579 0.651512 -0.665492 -0.51459 0.540664 -0.870079 -0.203754 0.448828 -0.880848 -0.329633 0.339777 -0.880848 -0.329633 0.339777 -0.870079 -0.203754 0.448828 -0.951462 -0.125754 0.280901 -0.959371 -0.205115 0.193741 -0.987472 0.00813999 0.157583 -0.992766 -0.0831411 0.086616 -0.942113 0.31018 -0.127326 -0.960338 0.206672 -0.187185 -0.522422 0.689415 -0.501779 -0.832298 0.546977 -0.0899801 -0.4636 0.7712 -0.436262 -0.21042 0.763484 -0.610586 -0.446729 0.868031 -0.216692 -0.211356 0.860846 -0.462896 -0.101022 0.973261 -0.206296 0.120812 0.98487 0.124244 0.380234 0.908467 -0.17352 0.528441 0.769908 -0.357758 0.364377 0.804829 0.468486 0.62555 0.76341 0.160912 0.771273 0.635326 -0.0387097 0.852005 0.498391 -0.160293 0.580963 0.670132 -0.461958 0.948876 0.276588 0.1521 0.909356 0.0513116 0.412841 0.909356 0.0513116 0.412841 0.726824 -0.157096 0.668616 0.32168 -0.0198534 0.94664 0.388229 -0.265036 0.882629 -0.00510736 -0.0787948 0.996878 0.0276717 -0.295845 0.954835 0.244462 0.26964 0.931414 -0.125167 0.241411 0.962317 -0.125167 0.241411 0.962317 0.244462 0.26964 0.931414 0.123102 0.524781 0.842289 -0.213948 0.505371 0.835958 -0.507044 0.405826 0.760402 -0.436065 0.235747 0.868488 -0.754245 0.298074 0.585035 -0.705222 0.114137 0.699738 -0.781512 0.462035 0.419242 -0.95038 0.221201 0.218742 -0.917632 0.0281439 0.396434 -0.691138 0.71238 0.121831 -0.825069 -0.100812 0.555966 -0.161459 0.47046 -0.867524 -0.33021 0.459748 -0.824374 0.291952 0.543206 -0.787205 0.211535 0.38475 -0.898455 -0.118226 0.378395 -0.918063 -0.181961 0.324722 -0.928141 -0.278574 0.425531 -0.860999 -0.0134995 0.385703 -0.922524 -0.176814 0.481463 -0.858447 -0.236491 0.532103 -0.812981 0.129909 0.494158 -0.859611 0.0163063 0.608696 -0.793236 0.320638 0.573083 -0.754167 0.338706 0.606411 -0.719406 0.106775 0.669547 -0.735055 -0.884386 0.253218 -0.392099 -0.952431 0.168708 -0.253798 -0.880344 0.215586 -0.422512 -0.639584 0.247182 -0.727897 -0.670111 0.258049 -0.695961 -0.134711 0.232943 -0.963115 -0.178631 0.220429 -0.958907 0.166069 0.191322 -0.967376 0.1529 0.205125 -0.966719 0.102576 0.29357 -0.950418 0.0966371 0.480401 -0.871709 0.404482 0.183348 -0.895978 0.392667 0.264601 -0.880794 0.42273 0.391987 -0.817096 0.436016 0.495001 -0.751574 0.234536 0.577382 -0.782063 0.646542 0.19752 -0.736865 0.658505 0.329047 -0.67683 0.665087 0.438454 -0.604497 0.668885 0.413926 -0.61746 0.459025 0.462973 -0.758256 0.833158 0.252663 -0.491944 0.837896 0.34323 -0.424409 0.838517 0.328925 -0.434393 0.841129 0.206845 -0.499716 0.675045 0.320138 -0.664699 0.782475 0.290085 -0.550984 0.74804 0.287115 -0.598332 0.829193 0.151372 -0.538076 0.774428 0.142987 -0.616293 0.656508 0.105909 -0.746847 0.697728 0.194744 -0.689384 0.724583 0.273572 -0.632564 0.695722 0.0376738 -0.717323 0.580268 0.00300518 -0.81442 0.40661 0.0337545 -0.912978 0.449421 0.163375 -0.878254 0.280961 0.0639868 -0.957584 0.288652 0.2229 -0.931126 0.273379 0.378938 -0.884121 0.459112 0.314436 -0.830871 0.255265 0.428692 -0.866639 0.439685 0.406675 -0.800808 0.274018 0.503598 -0.819331 0.152374 0.457552 -0.87603 0.0814003 0.532291 -0.842639 0.221165 0.545359 -0.808498 0.0459721 0.579772 -0.813481 0.421794 0.5863 -0.691623 0.262456 0.602463 -0.753761 0.302249 0.470897 -0.828795 0.322773 0.281068 -0.90378 0.212065 0.43309 -0.876049 0.255679 0.265712 -0.92953 0.262235 0.0718182 -0.962328 0.31076 0.0735968 -0.947635 0.829771 0.15575 -0.53593 0.957114 0.104212 -0.27032 0.83603 0.0730771 -0.543796 0.95994 0.0252869 -0.279063 0.999459 -0.0284899 0.0164521 0.996253 0.0485046 0.0716108 0.920069 -0.1305 0.369382 0.900426 -0.0740974 0.428651 0.900426 -0.0740974 0.428651 0.920069 -0.1305 0.369382 0.723079 -0.209974 0.658079 0.698794 -0.168209 0.695264 0.612332 0.0113369 0.79052 0.84001 0.12724 0.52744 0.465491 -0.26558 0.844266 0.352253 -0.124664 0.927565 0.252401 0.301929 0.919311 0.114309 -0.170715 0.978667 0.0953344 0.310835 0.945671 0.120973 0.546712 0.828536 0.0307623 0.462409 0.886133 -0.0194292 0.336777 0.941384 0.0569978 0.578468 0.813711 -0.0103758 0.450856 0.892536 -0.107569 -0.184933 0.976846 0.198148 -0.336053 0.920764 -0.0999731 -0.350339 0.931272 0.248082 -0.286163 0.925509 -0.0482005 -0.2853 0.957225 -0.327798 -0.26905 0.905627 -0.0233354 -0.204102 0.978671 -0.322584 -0.187039 0.927877 -0.608364 -0.118365 0.784782 -0.27817 -0.0871561 0.956569 -0.593459 -0.0405638 0.803841 -0.830891 0.052114 0.553989 -0.822698 -0.0313952 0.567611 -0.961294 0.130907 0.242441 -0.95843 0.0831144 0.272954 -0.983445 0.17296 -0.0540472 -0.989723 0.136277 -0.0433173 -0.989723 0.136277 -0.0433173 -0.983445 0.17296 -0.0540472 -0.941045 0.197607 -0.274565 -0.981186 0.187378 -0.0465144 -0.940503 0.205557 -0.270556 -0.847036 0.223346 -0.482334 -0.863152 0.226271 -0.451409 -0.532635 0.278793 -0.799109 -0.597329 0.275456 -0.753207 -0.10399 0.266491 -0.958211 -0.104927 0.254643 -0.961326 0.12269 0.215215 -0.968829 0.161645 0.194058 -0.96758 0.37588 0.11626 -0.919347 0.381485 0.118187 -0.916788 0.39964 0.137564 -0.906291 0.61497 0.0649706 -0.785869 0.632995 0.0706247 -0.770927 0.641311 0.127567 -0.756603 0.828084 -0.000640154 -0.560604 0.817041 -0.0192301 -0.576258 0.950244 -0.0817636 -0.300584 0.955141 -0.0628905 -0.289396 0.993455 -0.113888 0.00879818 0.993889 -0.110383 -0.000346247 0.920783 -0.120877 0.370874 0.930234 -0.152602 0.333733 0.930234 -0.152602 0.333733 0.920783 -0.120877 0.370874 0.744685 -0.128253 0.654977 0.744974 -0.186105 0.640608 0.551906 -0.14275 0.821597 0.52096 -0.211457 0.826975 0.50606 -0.257009 0.823316 0.258428 -0.224434 0.939598 0.283523 -0.132156 0.949816 0.00553852 -0.11714 0.9931 0.293123 -0.106473 0.950127 0.0235862 -0.0728763 0.997062 -0.263377 -0.00730094 0.964665 -0.0267657 -0.158057 0.987067 -0.297667 -0.0882926 0.950578 -0.57743 -0.0131019 0.816335 -0.595636 0.0562958 0.801279 -0.819729 0.0515784 0.570424 -0.835376 0.116912 0.537102 -0.960311 0.110494 0.256113 -0.954977 0.156315 0.25216 -0.986565 0.155241 -0.0508969 -0.981186 0.187378 -0.0465144 -0.961089 0.0553604 0.270634 -0.987581 0.147207 -0.0548916 -0.986565 0.155241 -0.0508969 -0.987581 0.147207 -0.0548916 -0.927849 0.22989 -0.293678 -0.940365 0.204938 -0.271503 -0.81282 0.313582 -0.490907 -0.830474 0.252501 -0.496544 -0.454045 0.376174 -0.807673 -0.479956 0.297399 -0.825346 -0.0581382 0.365019 -0.929183 -0.0745501 0.291832 -0.95356 0.1188 0.340331 -0.932771 0.0985551 0.263321 -0.959661 0.31288 0.305933 -0.899172 0.340494 0.199596 -0.918817 0.612774 0.181246 -0.769193 0.625467 0.0653886 -0.777506 0.619093 0.0512315 -0.783645 0.839034 0.0106373 -0.543975 0.808507 -0.0049337 -0.588465 0.969941 -0.0423705 -0.239624 0.9588 -0.0615141 -0.277342 0.992187 -0.107608 0.0631354 0.994255 -0.091003 0.0563581 0.921858 -0.16263 0.351752 0.919214 -0.111579 0.377617 0.919214 -0.111579 0.377617 0.921858 -0.16263 0.351752 0.765026 -0.21588 0.606738 0.760595 -0.146576 0.632465 0.530833 -0.228467 0.8161 0.553064 -0.150444 0.819443 0.248164 -0.202462 0.947325 0.519842 -0.333887 0.78631 0.236388 -0.348097 0.907165 -0.0543248 -0.334395 0.940866 0.239877 -0.380727 0.893032 -0.06688 -0.389308 0.918676 -0.409408 -0.337695 0.847554 -0.347348 -0.27188 0.897458 -0.663524 -0.221386 0.71465 -0.629118 -0.149938 0.762712 -0.85442 -0.102266 0.509419 -0.843531 -0.0497373 0.534773 -0.971821 0.039329 0.232416 -0.872118 -0.0045663 0.489274 -0.974088 0.0970492 0.204291 -0.976393 0.201092 -0.0788646 -0.982903 0.175213 -0.0565822 -0.982903 0.175213 -0.0565822 -0.976393 0.201092 -0.0788646 -0.921045 0.243004 -0.304343 -0.912435 0.26027 -0.315789 -0.791597 0.30013 -0.532255 -0.787082 0.333733 -0.518772 -0.413388 0.441088 -0.796588 -0.445251 0.426517 -0.787296 -0.0558212 0.477531 -0.87684 -0.0592631 0.430809 -0.900495 0.108352 0.46492 -0.878697 0.116252 0.418041 -0.900959 0.32842 0.450788 -0.830018 0.306768 0.379109 -0.873023 0.63175 0.394709 -0.667156 0.61071 0.314822 -0.726581 0.860214 0.266873 -0.434523 0.880654 0.161603 -0.445347 0.873654 0.0586045 -0.483005 0.987771 0.0122744 -0.155428 0.978105 -0.0198792 -0.207162 0.992635 -0.0822823 0.0889068 0.992976 -0.0979586 0.0663583 0.93417 -0.162002 0.317933 0.921016 -0.187995 0.341156 0.921016 -0.187995 0.341156 0.93417 -0.162002 0.317933 0.788093 -0.245185 0.564618 0.760856 -0.280801 0.585021 0.531615 -0.324906 0.782191 0.762303 -0.212879 0.611209 0.563912 -0.251931 0.78647 0.301783 -0.284421 0.909962 0.517772 -0.270235 0.811718 0.261219 -0.228688 0.937799 -0.0578449 -0.176578 0.982585 -0.0219173 -0.283609 0.958689 -0.397221 -0.0956039 0.912729 -0.394113 -0.218781 0.892642 -0.6787 -0.0365565 0.733505 -0.695366 -0.131016 0.706612 -0.861373 0.0380457 0.506547 -0.67173 -0.139576 0.727528 -0.867219 -0.0538882 0.495002 -0.966793 0.0558134 0.249391 -0.966867 0.110068 0.230333 -0.991477 0.128657 -0.0205169 -0.986195 0.15902 -0.0461839 -0.986195 0.15902 -0.0461839 -0.991477 0.128657 -0.0205169 -0.930317 0.22394 -0.290449 -0.939825 0.200634 -0.276542 -0.683159 0.409666 -0.604539 -0.757379 0.324333 -0.566732 -0.27157 0.521233 -0.809053 -0.330275 0.481597 -0.811778 -0.0494811 0.528812 -0.847296 -0.0477849 0.510279 -0.85868 0.116774 0.514617 -0.849431 0.123585 0.494764 -0.860195 0.355725 0.473803 -0.805587 0.366932 0.476201 -0.799121 0.61987 0.398369 -0.676065 0.635784 0.399679 -0.660329 0.843129 0.275329 -0.461874 0.843886 0.277346 -0.459277 0.976562 0.121104 -0.177934 0.97036 0.130508 -0.203395 0.981273 0.0910644 -0.16974 0.993909 -0.0316647 0.105561 0.991033 -0.0681354 0.114937 0.904414 -0.172483 0.390237 0.909602 -0.163825 0.38182 0.909602 -0.163825 0.38182 0.904414 -0.172483 0.390237 0.740224 -0.258729 0.620587 0.91168 -0.199514 0.359213 0.706627 -0.315248 0.63348 0.417233 -0.378609 0.826179 0.698461 -0.388419 0.601068 0.418174 -0.485046 0.768024 0.0868722 -0.521186 0.84901 0.15899 -0.352586 0.922174 -0.1824 -0.484932 0.855319 -0.111852 -0.284379 0.952165 -0.453075 -0.440932 0.774791 -0.404411 -0.225116 0.886439 -0.70555 -0.328011 0.628178 -0.424756 -0.621736 0.658048 -0.710912 -0.507342 0.487041 -0.892914 -0.33133 0.304835 -0.892397 -0.182168 0.412848 -0.986428 -0.126148 0.105098 -0.980662 -0.0344178 0.19266 -0.995226 0.0571541 -0.0791136 -0.995172 0.0981411 0.000458594 -0.995172 0.0981411 0.000458594 -0.995226 0.0571541 -0.0791136 -0.910301 0.284444 -0.300738 -0.922497 0.265229 -0.280451 -0.613204 0.532651 -0.58332 -0.647536 0.483948 -0.588635 -0.329362 0.639854 -0.69434 -0.288114 0.584477 -0.758536 -0.128733 0.64865 -0.750121 -0.0625416 0.575005 -0.815756 0.110099 0.647165 -0.754358 0.105744 0.557974 -0.823094 0.408556 0.592525 -0.694259 0.374365 0.514425 -0.771504 0.696961 0.4484 -0.559628 0.654798 0.428854 -0.622353 0.872936 0.29603 -0.387749 0.858043 0.31293 -0.407232 0.967906 0.14026 -0.208532 0.968655 0.163541 -0.186979 0.997995 -0.0472591 0.0421027 0.997474 -0.0334518 0.0626612 0.993647 -0.0509095 0.100366 0.894537 -0.247491 0.372225 0.91168 -0.199514 0.359213 0.907656 -0.276304 0.315938 0.894537 -0.247491 0.372225 0.907656 -0.276304 0.315938 0.679986 -0.478102 0.555911 0.89175 -0.312502 0.327297 0.637885 -0.530103 0.558653 0.361176 -0.641874 0.676424 0.375089 -0.574183 0.727752 0.141486 -0.711838 0.687945 0.0806241 -0.634049 0.769079 -0.119134 -0.754425 0.645484 -0.161688 -0.657028 0.736322 -0.405416 -0.713353 0.571634 -0.106117 -0.749765 0.65314 -0.413748 -0.701275 0.580539 -0.706772 -0.561472 0.430375 -0.688593 -0.596841 0.41185 -0.915217 -0.343717 0.210325 -0.903636 -0.380782 0.196078 -0.985664 -0.167367 0.0213426 -0.984646 -0.17178 0.0310557 -0.989122 -0.0206743 -0.145641 -0.988948 0.00889551 -0.147996 -0.988948 0.00889551 -0.147996 -0.989122 -0.0206743 -0.145641 -0.892395 0.212261 -0.398216 -0.888839 0.252893 -0.382112 -0.547563 0.507623 -0.665201 -0.593596 0.51809 -0.615813 -0.197207 0.65231 -0.731848 -0.311887 0.644691 -0.697926 -0.0248478 0.722707 -0.690708 -0.11107 0.713122 -0.692186 0.11111 0.752009 -0.649721 0.123396 0.727514 -0.674905 0.317303 0.728026 -0.607698 0.360796 0.679283 -0.639062 0.609114 0.622656 -0.491203 0.632073 0.541807 -0.554011 0.85785 0.418603 -0.298102 0.855795 0.345726 -0.384823 0.975338 0.193212 -0.106702 0.975734 0.141283 -0.167276 0.993347 -0.0466287 0.105301 0.994315 -0.0758082 0.0747734 0.886227 -0.306484 0.347375 0.89175 -0.312502 0.327297 0.993698 -0.0318386 0.107475 0.863103 -0.317427 0.392803 0.886227 -0.306484 0.347375 0.863103 -0.317427 0.392803 0.611719 -0.528511 0.588622 0.633667 -0.523666 0.569421 0.394818 -0.642342 0.656899 0.384057 -0.653887 0.651868 0.170714 -0.689347 0.704029 0.176491 -0.71944 0.671756 -0.125978 -0.695514 0.707383 0.133143 -0.644221 0.753162 -0.175638 -0.614951 0.768756 -0.494253 -0.514924 0.700405 -0.453036 -0.615877 0.644557 -0.753263 -0.373886 0.541113 -0.739985 -0.46018 0.490568 -0.911399 -0.237559 0.336033 -0.923702 -0.266843 0.274899 -0.984997 -0.102564 0.138788 -0.986352 -0.142337 0.0827645 -0.995638 0.0672537 -0.0646732 -0.995268 0.0040233 -0.0970853 -0.995268 0.0040233 -0.0970853 -0.995638 0.0672537 -0.0646732 -0.907399 0.273607 -0.319008 -0.906692 0.237002 -0.348912 -0.576325 0.538264 -0.614916 -0.567676 0.516939 -0.640716 -0.110606 0.678408 -0.726312 -0.159344 0.65743 -0.736475 0.124048 0.702021 -0.701269 0.0532291 0.712927 -0.699215 0.236124 0.712031 -0.661254 0.175738 0.744732 -0.643809 0.391339 0.68626 -0.613108 0.342838 0.743495 -0.574176 0.564864 0.621126 -0.543259 0.603648 0.66261 -0.443347 0.78568 0.475772 -0.39541 0.823677 0.470051 -0.317186 0.958773 0.241414 -0.149913 0.960463 0.244478 -0.133196 0.989985 -0.0234567 0.13921 0.96217 0.233091 -0.141059 0.98731 -0.0105569 0.15845 0.873163 -0.274208 0.402984 0.857797 -0.293801 0.42174 0.857797 -0.293801 0.42174 0.873163 -0.274208 0.402984 0.650533 -0.47143 0.595451 0.636073 -0.501684 0.58628 0.357977 -0.575914 0.734966 0.385414 -0.620099 0.683325 0.0662675 -0.582301 0.810268 -0.234608 -0.401911 0.885114 -0.223135 -0.522142 0.823151 -0.466627 -0.302361 0.831166 -0.503063 -0.434839 0.746888 -0.697904 -0.183609 0.692255 -0.724654 -0.325861 0.6072 -0.871959 -0.0214949 0.489106 -0.89991 -0.173549 0.400054 -0.951951 0.115583 0.283601 -0.981381 -0.00452676 0.192016 -0.950712 0.291475 0.105781 -0.989682 0.143242 -0.00321011 -0.989682 0.143242 -0.00321011 -0.950712 0.291475 0.105781 -0.846131 0.515405 -0.135719 -0.900264 0.346517 -0.263536 -0.517838 0.609467 -0.600328 -0.0719913 0.686995 -0.723087 0.14463 0.687582 -0.711557 0.208872 0.696614 -0.686369 0.233669 0.676139 -0.698738 0.341034 0.686071 -0.642653 0.351073 0.631125 -0.691686 0.5973 0.611409 -0.519048 0.590961 0.540684 -0.598686 0.819526 0.471123 -0.326221 0.810696 0.434665 -0.392222 0.95444 0.283627 -0.0927317 0.983631 0.0669657 0.167286 0.742196 0.0528867 0.668092 0.884335 -0.13856 0.445817 0.884335 -0.13856 0.445817 0.742196 0.0528867 0.668092 0.467537 0.353201 0.810345 0.467537 0.353201 0.810345 0.209287 0.540672 0.814783 0.209287 0.540672 0.814783 -0.0359747 0.243657 0.969194 -0.199006 -0.140981 0.969805 -0.046012 0.592694 0.804112 -0.251197 0.306749 0.918044 -0.421463 -0.0206701 0.90661 -0.444761 0.3875 0.807485 -0.600866 0.0591892 0.797155 -0.211084 0.681299 0.70091 -0.211084 0.681299 0.70091 -0.046012 0.592694 0.804112 0.233352 0.81356 0.532603 -0.0383517 0.926977 0.373153 -0.261082 0.933938 0.244123 -0.443277 0.727353 0.523893 0.253188 0.967362 -0.0103377 -0.0323259 0.993393 -0.110119 -0.448692 0.89147 0.0629014 -0.66207 0.691043 0.290039 -0.679378 0.73152 -0.0576601 -0.847751 0.503453 0.166895 0.349167 0.842481 -0.410253 0.137531 0.831747 -0.53785 0.396402 0.914263 0.0836005 0.551315 0.782081 -0.290518 -0.224852 -0.0159545 0.974262 -0.216843 0.0987155 0.971202 -0.451541 -0.179698 0.873968 -0.507641 0.155397 0.847439 -0.628713 -0.0647791 0.774935 -0.734316 0.206356 0.646682 -0.754638 0.373182 0.539682 -0.758571 0.160207 0.631588 -0.864634 0.272805 0.421882 -0.853144 0.512868 0.0954515 -0.84053 0.35381 0.410278 -0.857158 0.514212 0.0294339 -0.766192 0.566384 -0.303578 -0.694785 0.660613 -0.284367 -0.694785 0.660613 -0.284367 -0.766192 0.566384 -0.303578 -0.647866 0.490436 -0.582874 -0.51052 0.659744 -0.551459 -0.231057 0.408154 -0.883189 -0.161226 0.545054 -0.822753 0.23173 0.245104 -0.941396 0.248403 0.319911 -0.914304 0.393596 0.184584 -0.900561 0.425734 0.197098 -0.883121 0.591023 0.0535816 -0.804873 0.609417 0.0288697 -0.792324 0.627579 0.0484637 -0.777043 0.666354 -0.0143973 -0.745497 0.837564 -0.123927 -0.532098 0.819803 -0.148218 -0.553132 0.829295 -0.238953 -0.505144 0.861712 -0.247841 -0.44275 0.721963 -0.0903736 -0.686004 0.93043 -0.324234 -0.170801 0.911502 -0.370766 -0.178035 0.923868 -0.353382 -0.146929 0.904191 -0.419921 0.0781375 0.912678 -0.398614 0.0901376 0.843234 -0.429068 0.323816 0.851285 -0.420923 0.31327 0.494235 -0.38209 0.780858 0.512128 -0.337555 0.789798 0.00946895 -0.294344 0.955653 -0.00244605 -0.120779 0.992676 -0.178289 -0.337178 0.924405 -0.146771 -0.0677598 0.986847 -0.318247 -0.332767 0.887685 -0.191344 -0.0576351 0.979829 -0.0722362 -0.411978 0.908326 -0.343728 -0.338729 0.87585 -0.0118595 -0.271137 0.962468 -0.323072 -0.123287 0.93831 -0.627496 0.0560354 0.776601 -0.240278 -0.00463398 0.970693 -0.54803 0.119159 0.827928 -0.733705 0.201588 0.648876 -0.498335 0.114599 0.859377 -0.713746 0.234854 0.659857 -0.838003 0.401776 0.369224 -0.764657 0.186101 0.616981 -0.871592 0.369737 0.321905 -0.872308 0.488765 -0.0137059 -0.854586 0.519269 0.00654743 -0.813109 0.520324 -0.260992 -0.799674 0.537893 -0.266818 -0.799674 0.537893 -0.266818 -0.813109 0.520324 -0.260992 -0.632359 0.546965 -0.54859 -0.672593 0.496874 -0.548393 -0.138249 0.481917 -0.865241 -0.171652 0.405524 -0.897823 0.248078 0.300247 -0.921037 0.263793 0.238247 -0.934693 0.43377 0.184313 -0.88197 0.40638 0.17586 -0.896621 0.600976 0.129466 -0.788712 0.583713 0.112285 -0.804159 0.819253 7.98966e-05 -0.573433 0.82511 -0.089354 -0.557861 0.833303 -0.132789 -0.536632 0.940614 -0.258447 -0.220113 0.939419 -0.272494 -0.207941 0.943076 -0.27807 -0.182441 0.929269 -0.361177 0.0775275 0.923606 -0.373042 0.0882718 0.906271 -0.408293 0.109405 0.838265 -0.427175 0.338871 0.822849 -0.441229 0.3581 0.494867 -0.444158 0.74688 0.484639 -0.443818 0.753758 0.139568 -0.349636 0.926432 0.112991 -0.385689 0.915684 0.548823 -0.373864 0.747675 0.0966778 -0.264771 0.959453 -0.0359198 -0.130666 0.990776 0.0819662 -0.22952 0.969846 -0.115067 -0.103405 0.987961 -0.26632 -0.000812106 0.963884 -0.160427 -0.19853 0.966876 -0.31947 -0.127532 0.938975 -0.569881 0.00342147 0.82172 -0.365736 -0.276338 0.888749 -0.63384 -0.0974944 0.767295 -0.838618 0.138955 0.526698 -0.717117 -0.084987 0.691752 -0.8815 0.0969681 0.462119 -0.937518 0.259124 0.232195 -0.916096 0.318216 0.243942 -0.929751 0.36792 -0.0140748 -0.906322 0.420622 -0.0407167 -0.867943 0.426611 -0.254318 -0.842969 0.461927 -0.27573 -0.842969 0.461927 -0.27573 -0.867943 0.426611 -0.254318 -0.582894 0.538277 -0.608681 -0.630388 0.52748 -0.56954 -0.099526 0.556567 -0.82482 -0.167839 0.534393 -0.828404 0.195451 0.482602 -0.853753 0.1899 0.418612 -0.888089 0.432467 0.394994 -0.810526 0.438196 0.283347 -0.853053 0.691786 0.26043 -0.673505 0.658905 0.166028 -0.733675 0.897244 0.0972445 -0.430694 0.861708 0.0648667 -0.50324 0.986062 -0.0660971 -0.152685 0.979501 -0.0971759 -0.176452 0.954069 -0.184292 -0.236196 0.962332 -0.237095 0.133051 0.950643 -0.29662 0.091068 0.931055 -0.356047 0.0797951 0.85563 -0.35744 0.374344 0.85638 -0.382215 0.347167 0.861103 -0.384078 0.333144 0.595187 -0.355191 0.720827 0.559473 -0.363931 0.744677 0.0453377 -0.262392 0.963896 0.54984 -0.385906 0.740779 0.0591383 -0.339236 0.938841 -0.184914 -0.345564 0.919996 0.133848 -0.390429 0.910851 -0.107747 -0.390439 0.914302 -0.414195 -0.270006 0.869217 -0.125654 -0.353225 0.927061 -0.38736 -0.255749 0.885746 -0.662809 -0.0808669 0.744409 -0.457639 -0.274044 0.845852 -0.734242 -0.0563164 0.676548 -0.8981 0.1197 0.423189 -0.891079 0.126399 0.435892 -0.95635 0.220244 0.192059 -0.94079 0.288435 0.178098 -0.961459 0.274924 0.00372595 -0.933194 0.358942 -0.0176275 -0.863875 0.408104 -0.295249 -0.868348 0.4321 -0.243436 -0.868348 0.4321 -0.243436 -0.863875 0.408104 -0.295249 -0.54029 0.566509 -0.622217 -0.558602 0.580954 -0.591993 -0.169715 0.559119 -0.811531 -0.117232 0.566796 -0.815475 0.17588 0.483645 -0.857411 0.197536 0.480856 -0.854258 0.47095 0.372392 -0.799707 0.472837 0.381987 -0.794047 0.728443 0.215758 -0.650246 0.702929 0.267542 -0.659024 0.911122 0.0638691 -0.407158 0.894371 0.104265 -0.435005 0.978809 -0.0970668 -0.180306 0.982052 -0.0593387 -0.179032 0.96952 -0.237975 0.0583035 0.969732 -0.22991 0.0822218 0.970845 -0.226222 0.0792626 0.807352 -0.370604 0.459168 0.846422 -0.371404 0.381613 0.852976 -0.35666 0.381085 0.454545 -0.409034 0.791252 0.432433 -0.415802 0.800069 0.141881 -0.399392 0.905735 0.406729 -0.448048 0.796131 0.162343 -0.439274 0.883563 -0.0863194 -0.402721 0.911243 0.161408 -0.532137 0.831131 -0.127138 -0.496791 0.858507 -0.491146 -0.387658 0.780062 -0.119439 -0.613013 0.780992 -0.462567 -0.54798 0.696957 -0.770794 -0.407232 0.489937 -0.778509 -0.245522 0.577618 -0.943952 -0.22981 0.236943 -0.935234 -0.0732853 0.346361 -0.998441 -0.0378855 0.0409987 -0.988953 0.0482977 0.140139 -0.978957 0.16271 -0.123159 -0.981483 0.187097 -0.04105 -0.839163 0.36923 -0.399343 -0.854144 0.385025 -0.349561 -0.854144 0.385025 -0.349561 -0.839163 0.36923 -0.399343 -0.501387 0.544966 -0.672029 -0.527699 0.549157 -0.648044 -0.16836 0.618453 -0.767575 -0.179955 0.582811 -0.792431 0.193291 0.610352 -0.768185 0.187651 0.527965 -0.828275 0.525757 0.524445 -0.669729 0.48763 0.425786 -0.762184 0.788554 0.389551 -0.475849 0.759344 0.264377 -0.59456 0.923238 0.22138 -0.314042 0.921073 0.0929015 -0.378145 0.986833 0.0590464 -0.15058 0.976941 -0.0780888 -0.198716 0.960293 -0.22469 0.165381 0.959361 -0.273482 0.0695287 0.691949 -0.438328 0.57365 0.753989 -0.430862 0.495841 0.804136 -0.392807 0.44617 0.405999 -0.498642 0.765847 0.434662 -0.527671 0.729817 0.2037 -0.591946 0.779811 0.471757 -0.490176 0.732921 0.267253 -0.542457 0.79644 -0.0743248 -0.580629 0.810768 0.258349 -0.407336 0.875975 -0.0497447 -0.38324 0.922309 -0.463237 -0.317764 0.827308 -0.457817 -0.519315 0.721606 -0.754775 -0.168762 0.633904 -0.746813 -0.367789 0.554077 -0.919775 -0.0141401 0.392192 -0.946182 -0.179254 0.26946 -0.986253 0.137029 0.0923482 -0.999534 0.0305168 -0.000284402 -0.95832 0.255045 -0.128742 -0.971528 0.177347 -0.157103 -0.859923 0.381509 -0.339091 -0.854306 0.356341 -0.378394 -0.854306 0.356341 -0.378394 -0.859923 0.381509 -0.339091 -0.484376 0.569892 -0.663779 -0.490228 0.527238 -0.694043 -0.0268394 0.66476 -0.746575 -0.106361 0.637593 -0.762996 0.290681 0.658951 -0.693749 0.255213 0.649038 -0.716671 0.608742 0.551959 -0.569889 0.585599 0.570693 -0.575659 0.800524 0.440389 -0.406471 0.796138 0.462962 -0.389654 0.895623 0.341524 -0.284993 0.910725 0.324087 -0.256024 0.97189 0.205524 -0.114844 0.974175 0.191342 -0.119877 0.95988 -0.0308613 0.278709 0.966833 -0.0896201 0.239171 0.725631 -0.304037 0.617269 0.685646 -0.377521 0.622389 0.478596 -0.397698 0.782804 0.7236 -0.220795 0.653951 0.383386 -0.333316 0.861345 0.166534 -0.292786 0.941564 0.396381 -0.0613468 0.916034 0.0531998 -0.102015 0.993359 -0.0774133 -0.203443 0.976022 -0.420543 -0.0932046 0.902472 -0.708477 0.011978 0.705632 -0.830685 0.280665 0.480822 -0.870448 0.144064 0.470708 -0.899212 0.342053 0.272794 -0.939128 0.291224 0.182282 -0.942618 0.332473 -0.0305315 -0.850068 0.439146 -0.29075 -0.850068 0.439146 -0.29075 -0.425058 0.677524 -0.600238 0.00665082 0.773437 -0.633838 0.0266111 0.698152 -0.715455 0.325212 0.683149 -0.653869 0.303202 0.654966 -0.692162 0.627556 0.553462 -0.547588 0.598179 0.541218 -0.590986 0.324114 0.804941 -0.497011 0.66248 0.638655 -0.391459 0.66248 0.638655 -0.391459 0.324114 0.804941 -0.497011 0.363165 0.918011 -0.159271 0.676493 0.731228 -0.0875394 0.868567 0.495165 0.0200686 0.964344 0.243195 0.104392 0.734439 0.480804 0.478986 0.823324 0.103147 0.55812 0.977306 0.0590772 0.203425 0.394857 0.358015 0.846117 0.00658899 0.193629 0.981053 -0.104502 0.874989 -0.472729 -0.0601085 0.977341 -0.202956 -0.56076 0.739483 0.372444 -0.822538 0.471889 0.317414 -0.700631 0.341858 0.626297 -0.489449 0.583411 0.648129 -0.104502 0.874989 -0.472729 0.416955 0.718761 -0.556355 0.148369 0.693979 -0.704542 0.491146 0.68245 -0.54133 0.253132 0.562789 -0.786887 0.545708 0.521935 -0.655581 0.336866 0.339888 -0.878065 0.606999 0.342672 -0.717027 0.796418 0.337216 -0.501999 0.633208 0.253686 -0.731225 0.825134 0.269875 -0.496308 0.947286 0.253056 -0.196498 0.926672 0.315122 -0.204883 0.96877 0.204428 0.140337 0.956489 0.242725 0.161904 0.853945 0.11021 0.508558 0.855056 0.0763726 0.51288 0.797635 0.0943597 0.595713 0.635195 0.265904 0.725136 0.797635 0.0943597 0.595713 0.855056 0.0763726 0.51288 0.627324 -0.0542456 0.776867 0.625052 -0.082109 0.776253 0.456503 0.132925 0.879737 0.635195 0.265904 0.725136 0.363614 -0.167683 0.916334 0.305805 -0.106926 0.946071 -0.0324213 -0.15496 0.987389 -0.0101552 -0.205052 0.978698 -0.352422 -0.221365 0.909283 -0.344413 -0.253541 0.903934 -0.655208 -0.223178 0.72173 -0.644949 -0.22257 0.731098 -0.595041 -0.0412341 0.802637 -0.586931 0.147552 0.796078 -0.831936 -0.161914 0.530723 -0.821894 -0.021614 0.56923 -0.838295 0.0940524 0.537043 -0.846614 0.117777 0.519011 -0.633665 0.159749 0.756934 -0.838295 0.0940524 0.537043 -0.821894 -0.021614 0.56923 -0.992932 0.0129294 0.117974 -0.846614 0.117777 0.519011 -0.831936 -0.161914 0.530723 -0.990744 -0.0772612 0.111607 -0.89362 0.0360908 -0.447372 -0.986465 -0.139185 0.0866866 -0.907315 -0.0225663 -0.419846 -0.81346 -0.0196409 -0.581289 -0.790677 0.0463707 -0.610475 -0.647174 0.00756468 -0.762304 -0.659206 0.0809437 -0.747593 -0.345199 0.1159 -0.931346 -0.457119 0.197623 -0.867172 -0.00827757 0.266718 -0.963739 -0.145356 0.434231 -0.888997 -0.341801 0.0947973 -0.934979 0.0533278 0.164264 -0.984974 0.388992 0.225427 -0.893235 0.0321259 0.180728 -0.983008 0.395698 0.240396 -0.886359 0.650575 0.266197 -0.711261 0.405597 0.338316 -0.849137 0.639928 0.350377 -0.683907 0.806715 0.339803 -0.483471 0.826404 0.278382 -0.489448 0.928598 0.308756 -0.205852 0.948272 0.236268 -0.212033 0.94967 0.266924 0.163948 0.972795 0.189788 0.132852 0.836089 0.178043 0.518899 0.853599 0.128067 0.504944 0.853599 0.128067 0.504944 0.836089 0.178043 0.518899 0.609831 0.0869594 0.787746 0.611743 0.0307836 0.790457 0.592912 0.0116386 0.805183 0.853945 0.11021 0.508558 0.302451 -0.0702389 0.950573 0.278496 -0.0648434 0.958246 -0.0143246 -0.13364 0.990926 -0.00345035 -0.116264 0.993212 -0.364891 -0.14008 0.920452 -0.332226 -0.176333 0.92657 -0.664715 -0.152821 0.7313 -0.662126 -0.185933 0.72596 -0.831984 -0.173419 0.527 -0.83007 -0.198109 0.521283 -0.838513 -0.204608 0.505007 -0.838513 -0.204608 0.505007 -0.83007 -0.198109 0.521283 -0.986658 -0.144463 0.0750746 -0.831984 -0.173419 0.527 -0.995708 -0.0656442 0.0652454 -0.92721 -0.0196675 -0.374025 -0.908157 -0.0419854 -0.416519 -0.839695 -0.0161682 -0.542817 -0.83377 -0.0414983 -0.55055 -0.663266 0.0404801 -0.747288 -0.672092 0.0142885 -0.74033 -0.360732 0.119502 -0.924982 -0.695624 0.123419 -0.707725 -0.37794 0.243875 -0.893133 0.0398933 0.317482 -0.947425 -0.383127 0.398845 -0.833148 -0.0320485 0.469742 -0.882222 0.365038 0.455265 -0.812084 -0.0541338 0.490323 -0.869858 0.317116 0.511642 -0.798536 0.624226 0.454687 -0.635296 0.633355 0.435183 -0.639904 0.814016 0.401107 -0.420109 0.797814 0.406782 -0.444996 0.937223 0.311675 -0.156433 0.915396 0.372934 -0.151561 0.976405 0.166592 0.137407 0.937915 0.29848 0.176705 0.886794 0.0367604 0.4607 0.842463 0.182119 0.507039 0.842463 0.182119 0.507039 0.886794 0.0367604 0.4607 0.657917 -0.0878925 0.747944 0.595958 0.0480053 0.801579 0.377817 -0.238669 0.89459 0.308111 -0.0421974 0.950414 0.297039 0.0129475 0.954777 -0.0130518 -0.140399 0.990009 -0.0434879 -0.0776584 0.996031 -0.376073 -0.213207 0.901727 -0.394474 -0.100372 0.913409 -0.629892 -0.241844 0.73807 -0.655186 -0.127392 0.744649 -0.84412 -0.214469 0.49139 -0.844656 -0.136937 0.517498 -0.844656 -0.136937 0.517498 -0.84412 -0.214469 0.49139 -0.996066 -0.0762682 0.0451197 -0.997819 -0.000519633 0.0660023 -0.976612 0.0149574 -0.214489 -0.954525 0.029523 -0.296665 -0.887176 0.108174 -0.448573 -0.873903 0.0263651 -0.485384 -0.662665 0.280162 -0.694538 -0.873342 0.171436 -0.455943 -0.667268 0.325327 -0.670012 -0.384707 0.430169 -0.816673 -0.663465 0.250386 -0.705068 -0.419259 0.346873 -0.838988 -0.0624015 0.439206 -0.896216 -0.385211 0.309302 -0.869451 -0.0307136 0.428721 -0.902915 0.318702 0.455476 -0.831246 0.312994 0.48065 -0.819152 0.593587 0.422454 -0.684972 0.609226 0.437018 -0.661709 0.807899 0.341012 -0.480636 0.813156 0.356453 -0.460129 0.940276 0.255654 -0.22477 0.936755 0.258652 -0.235775 0.989057 0.120777 0.0847286 0.992498 0.092883 0.0794968 0.885485 -0.0724954 0.458977 0.88243 -0.10339 0.458943 0.88243 -0.10339 0.458943 0.885485 -0.0724954 0.458977 0.68667 -0.248296 0.683253 0.668834 -0.222138 0.709447 0.49363 -0.347052 0.797424 0.443268 -0.350233 0.825136 0.166137 -0.478691 0.862121 0.12585 -0.487917 0.86377 0.06056 -0.339877 0.938518 -0.270951 -0.527976 0.804877 -0.303989 -0.413268 0.858371 -0.575675 -0.466776 0.671355 -0.588706 -0.403233 0.700592 -0.792036 -0.386908 0.472209 -0.816098 -0.341413 0.466284 -0.816098 -0.341413 0.466284 -0.792036 -0.386908 0.472209 -0.977088 -0.211944 -0.0194673 -0.983491 -0.180705 -0.00952605 -0.928378 -0.00248051 -0.371628 -0.957199 0.0101474 -0.289254 -0.843048 0.13904 -0.519555 -0.918666 -0.0206931 -0.394494 -0.840118 0.0846686 -0.535754 -0.677285 0.171313 -0.715498 -0.850712 0.111439 -0.513683 -0.692862 0.238492 -0.680488 -0.376554 0.396899 -0.837065 -0.68418 0.359263 -0.634687 -0.387799 0.50931 -0.768254 -0.0653418 0.564276 -0.822997 -0.0241703 0.479556 -0.877178 0.253763 0.548825 -0.796489 0.297285 0.48299 -0.823615 0.558602 0.482086 -0.674949 0.579375 0.432513 -0.690838 0.803575 0.380578 -0.457634 0.807659 0.358342 -0.468271 0.952798 0.258056 -0.159949 0.940387 0.264089 -0.21431 0.971406 0.154905 0.179933 0.979656 0.16519 0.113954 0.888892 0.0197277 0.457692 0.882389 0.00475251 0.470497 0.882389 0.00475251 0.470497 0.888892 0.0197277 0.457692 0.715298 -0.121453 0.688185 0.697936 -0.183509 0.692249 0.487283 -0.247746 0.837363 0.48193 -0.291511 0.826296 0.16726 -0.354228 0.92008 0.142689 -0.39265 0.908551 -0.25115 -0.435172 0.864609 -0.307645 -0.450015 0.838356 -0.298682 -0.51086 0.806108 -0.595223 -0.449029 0.666395 -0.602257 -0.45402 0.656622 -0.772276 -0.382128 0.507512 -0.783515 -0.385419 0.487397 -0.783515 -0.385419 0.487397 -0.772276 -0.382128 0.507512 -0.971098 -0.217082 0.0992201 -0.971664 -0.23299 0.0398035 -0.928748 0.00711286 -0.370644 -0.973243 -0.187365 0.133011 -0.937145 0.056536 -0.344331 -0.843305 0.188147 -0.503425 -0.945138 0.105668 -0.309109 -0.815904 0.282521 -0.504461 -0.641278 0.470255 -0.606319 -0.790202 0.38393 -0.477681 -0.594335 0.559342 -0.577842 -0.380583 0.685364 -0.620831 -0.391495 0.602252 -0.695719 -0.151597 0.744197 -0.65053 -0.105444 0.65663 -0.746805 0.136623 0.742306 -0.655984 0.20111 0.639209 -0.742271 0.465379 0.668754 -0.579818 0.513951 0.568608 -0.642292 0.771302 0.514644 -0.37448 0.791614 0.432326 -0.431789 0.950358 0.302411 -0.0732588 0.956633 0.266695 -0.117161 0.977482 0.0633364 0.201291 0.978373 0.107978 0.176429 0.892681 -0.109684 0.437139 0.892154 -0.0381977 0.450114 0.892154 -0.0381977 0.450114 0.892681 -0.109684 0.437139 0.756415 -0.273255 0.594279 0.721134 -0.177532 0.669663 0.565561 -0.419547 0.710015 0.525366 -0.294574 0.798259 0.251002 -0.52601 0.812595 0.215913 -0.408206 0.886989 -0.219401 -0.568086 0.793184 -0.250811 -0.461426 0.850987 -0.580724 -0.503328 0.63986 -0.595646 -0.403879 0.694325 -0.589879 -0.412242 0.694333 -0.768857 -0.335524 0.544318 -0.791807 -0.34214 0.505946 -0.791807 -0.34214 0.505946 -0.768857 -0.335524 0.544318 -0.965024 -0.167126 0.201983 -0.77287 -0.39049 0.50019 -0.944009 -0.211102 0.253541 -0.964721 0.136073 -0.225382 -0.940827 -0.253402 0.225013 -0.96584 0.156756 -0.206353 -0.781114 0.425399 -0.457051 -0.975549 0.100637 -0.195389 -0.77027 0.422509 -0.477671 -0.511991 0.622789 -0.591607 -0.549329 0.614619 -0.56611 -0.307185 0.727157 -0.613906 -0.341005 0.735523 -0.585425 -0.180785 0.768498 -0.613782 -0.167952 0.788606 -0.591518 0.00100179 0.786952 -0.617013 0.0613238 0.797841 -0.59974 0.362588 0.743165 -0.562348 0.401627 0.733341 -0.548549 0.752947 0.548199 -0.364074 0.766916 0.552121 -0.327112 0.959703 0.250501 -0.127357 0.948411 0.30917 -0.0702183 0.993585 0.0204513 0.111224 0.982241 0.0604432 0.177621 0.933035 -0.189991 0.305531 0.909722 -0.187018 0.370716 0.909722 -0.187018 0.370716 0.933035 -0.189991 0.305531 0.79297 -0.344803 0.502304 0.790308 -0.3487 0.503808 0.577194 -0.471698 0.666595 0.589274 -0.50901 0.627427 0.233346 -0.595124 0.769011 0.266843 -0.61912 0.73857 -0.174418 -0.629028 0.757563 -0.184569 -0.648005 0.738934 -0.519097 -0.597476 0.611196 -0.562499 -0.579903 0.589328 -0.752689 -0.493798 0.435457 -0.752724 -0.481227 0.449252 -0.77287 -0.39049 0.50019 -0.752724 -0.481227 0.449252 -0.752689 -0.493798 0.435457 -0.936083 -0.273213 0.221594 -0.735169 -0.48575 0.472836 -0.922318 -0.29442 0.250292 -0.983444 0.0767762 -0.164143 -0.934165 -0.200564 0.295145 -0.982181 0.147401 -0.116592 -0.764579 0.451345 -0.460116 -0.762259 0.42536 -0.487884 -0.513283 0.578558 -0.633886 -0.492744 0.602006 -0.628325 -0.308439 0.618506 -0.722714 -0.285155 0.676096 -0.679397 -0.181215 0.629067 -0.755934 -0.158336 0.705077 -0.691228 0.00216522 0.656782 -0.754077 0.00933602 0.719372 -0.694563 0.340184 0.660988 -0.668857 0.32285 0.706995 -0.629226 0.688468 0.571182 -0.446949 0.690742 0.563812 -0.45276 0.925402 0.37111 -0.0768709 0.938249 0.297123 -0.177218 0.965262 0.117165 0.233543 0.989284 0.0256878 0.143724 0.887348 -0.105514 0.448866 0.891935 -0.19706 0.406962 0.891935 -0.19706 0.406962 0.887348 -0.105514 0.448866 0.710437 -0.283373 0.644189 0.724683 -0.337238 0.60092 0.506078 -0.39904 0.764625 0.54069 -0.412357 0.733223 0.246718 -0.462877 0.851396 0.255372 -0.503403 0.825452 -0.0817524 -0.506841 0.858154 -0.12498 -0.575543 0.808165 -0.429167 -0.500591 0.751814 -0.482758 -0.567217 0.66724 -0.730567 -0.387652 0.562136 -0.735169 -0.48575 0.472836 -0.446351 -0.316952 0.836847 -0.716628 -0.188726 0.671436 -0.730567 -0.387652 0.562136 -0.716628 -0.188726 0.671436 -0.909972 -0.0754268 0.407751 -0.884283 0.462704 0.0628354 -0.964923 0.260548 -0.032226 -0.701419 0.637127 -0.3195 -0.773166 0.511788 -0.374549 -0.705045 0.607112 0.366506 -0.565473 0.811908 -0.14507 -0.415853 0.745395 0.521012 -0.300135 0.943472 0.140637 -0.234748 0.94371 -0.233032 -0.0617538 0.840866 -0.537709 0.208774 0.915584 -0.343685 0.270898 0.764378 -0.585099 -0.0223008 0.691548 -0.721986 0.50915 0.858376 -0.0629035 0.662501 0.68293 -0.307734 0.729767 0.650802 0.209515 0.862118 0.504181 0.0505324 0.786973 0.386772 0.480708 0.924965 0.26342 0.273951 0.675788 0.168013 0.717692 0.836126 0.0299244 0.54772 0.50942 0.42914 0.745875 0.469521 0.122651 0.874361 0.123547 0.506608 0.853279 0.1874 0.163904 0.968513 0.1874 0.163904 0.968513 0.217666 -0.115758 0.969135 -0.127713 0.448438 0.884643 -0.142043 0.180408 0.973282 -0.142043 0.180408 0.973282 -0.0935946 -0.118924 0.988482 -0.0788683 -0.372804 0.924552 0.218416 -0.35294 0.909795 -0.669358 0.120318 0.733132 -0.492851 0.202844 0.84614 -0.843876 0.12276 0.522306 -0.831194 0.144112 0.536981 -0.68128 0.109694 0.723758 -0.843876 0.12276 0.522306 -0.581376 0.162615 0.797219 -0.30912 0.317455 0.896475 -0.516633 -0.236576 -0.822874 -0.747175 0.10431 -0.656391 -0.712142 0.364468 -0.600014 -0.620092 -0.234073 0.748796 </float_array>
          <technique_common>
            <accessor count="4616" offset="0" source="#meshId0-normals-array" stride="3">
              <param name="X" type="float" />
              <param name="Y" type="float" />
              <param name="Z" type="float" />
            </accessor>
          </technique_common>
        </source>
        <source id="meshId0-tangents" name="meshId0-tangents">
          <float_array id="meshId0-tangents-array" count="13848"> -0.691161 0.548049 0.471104 -0.711122 0.384368 0.588699 -0.677114 0.357238 0.643348 -0.645585 0.5747 0.502932 -0.613842 0.646673 0.452782 -0.681208 0.556816 0.475302 -0.733011 0.4489 0.511061 -0.519238 -0.701659 0.48792 -0.448168 -0.62583 0.638344 -0.223426 -0.829185 0.51238 -0.468125 -0.76982 0.433862 -0.636465 -0.382828 0.669592 -0.625805 -0.25794 0.736094 -0.656589 -0.528503 0.538121 -0.672837 0.319249 0.667361 -0.653759 0.354895 0.668317 -0.742364 -0.164084 0.649593 -0.77135 -0.250528 0.585025 0.57012 0.118914 -0.81291 0.796524 0.187578 -0.574772 0.733918 0.192517 -0.651384 0.433651 0.183619 -0.882174 -0.446393 0.733278 0.512871 -0.470514 0.710522 0.523236 0.805886 -0.142364 0.5747 0.679088 -0.174844 0.71293 0.55983 -0.279058 0.780203 0.749016 -0.208462 0.628903 0.945197 -0.0861074 0.314943 0.879763 -0.0914167 0.466541 0.942112 -0.102053 0.319389 0.134982 0.687559 0.713472 0.168095 0.653149 0.738336 0.158125 0.762706 0.627118 0.0842504 0.766106 0.637169 0.0642696 0.697923 0.713284 0.135725 0.589822 0.796046 0.155345 0.524412 0.837174 0.257989 -0.445097 0.857514 0.227406 -0.222423 0.948058 0.255559 0.0172441 0.96664 0.297904 -0.231706 0.926048 0.355342 -0.566011 0.743884 0.220506 -0.682801 0.696534 0.13038 -0.52543 0.840788 -0.984964 -0.106448 0.136071 -0.99611 0.013335 0.0871095 -0.85557 -0.376203 0.355629 -0.899865 -0.349911 0.260396 -0.972301 -0.191822 0.133547 -0.997591 0.0465071 0.0514664 -0.979386 0.200622 -0.0235288 0.542637 -0.0129702 0.839867 0.440189 0.0453536 0.896759 0.18792 -0.00914786 0.982142 0.372044 -0.0344965 0.927574 0.715161 -0.0317283 0.698239 0.760969 -0.00353398 0.648778 0.613384 -0.058415 0.787621 -0.563121 0.816715 -0.125983 -0.792458 0.590722 -0.151849 -0.803262 0.588509 -0.0918019 -0.567725 0.813806 -0.124131 -0.196532 0.967056 -0.161792 -0.421421 0.883784 -0.203299 -0.655408 0.729044 -0.197318 0.728043 -0.391479 0.562759 0.647025 -0.19738 0.736478 0.582447 0.237564 0.777379 0.759289 0.0470349 0.649052 0.63728 -0.683352 0.356236 0.595635 -0.563002 0.57293 0.807932 -0.101695 0.580435 0.757808 -0.187525 0.624949 0.897465 -0.113501 0.426232 0.919843 -0.0984285 0.379738 0.789126 0.180798 -0.58702 0.895796 0.148476 -0.418933 0.880059 0.177335 -0.440509 0.741163 0.238647 -0.627474 0.692969 0.187017 -0.696289 0.863082 0.144995 -0.483803 0.521983 0.263505 -0.811233 0.956157 0.201094 -0.212897 0.990839 0.13485 0.00730504 0.986522 0.153288 0.0572393 0.942491 0.262761 -0.206559 0.808129 0.275728 -0.520483 0.953886 0.146315 -0.262095 0.766003 0.40059 -0.50276 0.855691 0.159288 -0.492361 0.772159 -0.152736 -0.6168 0.910262 0.238032 -0.338768 0.876789 0.410377 -0.250663 0.874324 0.431868 -0.221466 0.770254 0.191022 -0.608456 0.567555 -0.130127 -0.812987 -0.822236 -0.525213 0.219269 -0.940028 -0.300102 0.162129 -0.937205 -0.294237 0.187275 -0.618009 -0.676282 0.400884 0.600469 0.54594 0.584283 0.219839 0.596232 0.772126 0.329133 0.581062 0.744338 0.558057 0.693551 0.455588 0.855684 0.517428 0.00853901 0.889551 0.423175 0.172111 -0.428781 0.288944 -0.855954 -0.592478 0.416289 -0.689691 -0.365415 0.0850261 -0.926953 -0.242781 0.223143 -0.944068 -0.423886 0.363438 -0.829598 -0.59387 0.411573 -0.691322 -0.233962 0.349231 -0.907359 0.815369 0.524969 0.24409 0.742377 0.577799 0.339154 0.697368 0.514591 0.498873 0.789407 0.495938 0.361776 0.852456 0.513812 0.0965221 0.793767 0.5859 0.163263 0.868868 0.461925 0.178027 -0.210338 0.434432 0.875801 -0.107304 0.523858 0.84502 -0.340419 0.349549 0.872886 -0.332243 -0.0213566 0.942952 -0.13194 0.652776 0.745972 0.00756588 0.70896 0.705208 -0.351399 -0.349137 0.86869 -0.295131 0.164918 0.941116 -0.327018 0.562803 0.759152 -0.283514 0.643421 0.711076 -0.373466 0.453008 0.809511 -0.459615 0.541087 0.704258 -0.527144 0.476557 0.703571 -0.567233 0.601711 0.562308 -0.552469 0.633182 0.542087 -0.555657 0.640117 0.530561 -0.512538 0.644555 0.567322 -0.351956 0.298473 0.887154 -0.434123 0.304592 0.847798 -0.465439 0.63572 0.615814 -0.346298 0.329726 0.87827 -0.504305 0.706687 0.496256 -0.446523 0.889097 0.100612 -0.274488 0.961555 -0.00823931 -0.152702 0.988136 -0.0164065 -0.36092 0.927865 0.0938265 -0.491904 0.859106 0.141303 -0.425745 0.902393 0.0665377 -0.744428 0.600819 0.291279 -0.695393 0.672472 0.253398 -0.595967 0.78661 0.161455 -0.562136 0.807498 0.178747 -0.750626 0.609275 0.255626 -0.805869 0.0594667 0.5891 -0.731487 -0.0163007 0.68166 -0.91933 0.259708 0.295608 -0.883748 0.219064 0.413523 -0.86451 0.401827 0.301922 -0.852866 0.36779 0.370608 -0.835303 0.428154 0.344896 -0.847455 0.220288 0.483004 -0.857372 0.106424 0.503574 -0.678441 -0.167328 0.715346 -0.479687 -0.23832 0.844455 -0.324738 0.84803 0.418797 -0.357693 0.744396 0.563853 -0.378435 0.73404 0.56389 -0.394167 0.82812 0.398561 -0.294844 0.913548 0.280175 -0.294786 0.821362 0.48833 -0.375961 0.88425 0.277047 0.984388 0.173184 0.0314216 0.938564 -0.00516292 -0.345067 0.958775 0.0154474 -0.283746 0.99162 0.0921791 -0.0905181 -0.195653 -0.809669 0.553314 0.280271 -0.780303 0.559085 0.196003 -0.533469 0.822796 -0.163029 -0.603011 0.780897 -0.455451 -0.668948 0.587429 0.993576 0.112009 0.0161391 0.968936 0.173231 0.176505 0.877469 0.151046 0.455229 0.832826 0.240747 0.498439 0.995708 0.0763766 0.0522696 0.944095 0.128752 0.303493 0.959457 0.176875 0.219448 0.976475 0.155128 0.149773 0.960988 0.0101107 -0.276404 0.957772 0.0178906 -0.28697 0.996269 0.0344401 0.0791285 0.916977 0.0486598 0.395961 0.987589 0.0197704 -0.155811 0.94094 -0.0177707 -0.338107 0.995538 0.0939309 -0.00900896 0.389393 0.544755 0.742708 0.310591 0.589988 0.745284 0.257232 0.735412 0.626898 0.373621 0.622398 0.687771 0.509606 0.391796 0.766027 0.492601 0.265817 0.828665 0.366815 0.365182 0.855622 0.863604 -0.370276 -0.342176 0.833589 -0.43513 -0.340282 0.954293 -0.237413 -0.181547 0.923986 -0.283056 -0.257157 0.859576 -0.358497 -0.364156 0.765458 -0.470957 -0.438491 0.681532 -0.56796 -0.46145 0.982357 0.160552 0.0959089 0.974002 0.0167449 -0.225922 0.960087 -0.0164149 -0.279218 0.986806 0.0376374 -0.157472 0.736621 0.318556 0.596584 0.597011 0.467759 0.651751 0.966059 0.183929 0.181382 0.949504 -0.0883248 -0.301066 0.994009 0.0566127 -0.0934976 0.978239 0.160472 0.131516 0.802437 0.238782 0.54688 -0.649132 0.757871 0.0652709 -0.604053 0.794872 0.0574268 -0.608834 0.778965 0.150115 -0.633231 0.766898 0.104338 -0.692322 0.714146 0.103376 -0.646712 0.762124 0.0304994 -0.587711 0.807473 -0.0508237 0.995014 0.0964816 0.0252798 0.99842 0.0561717 -0.00135863 0.94582 0.0534643 0.320259 0.947904 0.097422 0.303293 0.913838 0.1548 0.375417 0.974235 0.146144 0.171777 0.97558 0.0397142 -0.216026 0.945413 0.022846 -0.325074 0.991347 0.1284 0.0272946 0.99346 0.0992545 -0.0564441 0.990084 0.0857833 -0.111246 -0.140847 0.980379 0.13791 -0.324536 0.945781 -0.0132085 -0.33658 0.9416 0.0101575 -0.134284 0.966281 0.2197 0.023431 0.953187 0.301472 -0.151954 0.98436 0.0891332 0.136418 0.889774 0.435537 0.560208 0.170199 0.810678 0.649318 0.182885 0.7382 0.489901 0.203944 0.847587 0.395841 0.11561 0.911013 0.426201 0.055299 0.902937 0.565037 0.100349 0.81894 0.738124 0.127397 0.662528 -0.612689 0.789926 0.0250713 -0.604074 0.789185 0.110818 -0.615164 0.776962 0.133803 -0.604373 0.749137 0.271159 -0.628476 0.777824 0.00270049 -0.625463 0.779007 0.0440845 -0.679294 0.733777 0.0114907 -0.650171 0.759095 -0.0324459 -0.641954 0.757945 -0.115819 -0.630324 0.757324 -0.170739 -0.4157 0.839621 -0.349613 -0.280186 0.847129 -0.451517 -0.174402 0.914117 -0.366024 0.00939626 0.968555 -0.24862 -0.597325 0.784279 -0.167658 -0.997713 -0.0122477 -0.0664715 -0.968957 0.169232 0.180232 -0.80775 0.585056 -0.0724566 -0.514488 0.786755 -0.341056 -0.90528 0.408169 0.117752 0.997972 0.0139381 0.0621084 0.708936 -0.343213 -0.616128 0.885589 -0.0589371 -0.460715 0.968845 0.0163134 -0.247131 0.987625 0.122988 -0.0973173 0.923437 0.284534 0.257496 -0.804304 -0.406846 0.433095 -0.881091 -0.0411313 0.471155 0.609704 0.444203 0.656464 0.643691 0.473046 0.601572 -0.380123 0.881684 0.279537 -0.33796 0.883467 0.324454 -0.428991 0.882497 0.192782 -0.470157 0.867832 0.160685 -0.522931 0.844463 0.115872 -0.497921 0.85127 0.165568 -0.205403 0.875296 0.437797 -0.220886 0.86649 0.447665 -0.244594 0.879697 0.407809 -0.0725335 0.857955 0.508579 -0.389538 0.870721 0.300175 -0.838643 0.541779 -0.0561635 -0.839279 0.535513 -0.0940083 -0.73815 0.618512 -0.269402 -0.744304 0.627038 -0.229859 -0.919112 0.309528 0.243773 -0.790243 0.600118 -0.123995 -0.789401 0.597858 -0.139324 -0.770275 0.616892 -0.161622 -0.669027 0.66683 -0.328238 0.980063 0.104549 -0.168957 0.984304 0.171986 -0.0395871 0.984211 0.156806 -0.0820999 0.961436 0.0361706 -0.272641 0.973462 0.207032 0.0975132 0.8816 0.284629 0.37652 0.981696 0.190048 -0.0124622 0.556919 -0.441449 -0.703537 0.290723 -0.610047 -0.737104 0.436571 -0.454508 -0.77642 0.553035 -0.385159 -0.738786 -0.0636263 0.235293 0.96984 0.0150191 0.614659 0.78865 -0.0488247 0.720614 0.691616 -0.202064 0.561406 0.802492 0.125085 0.2584 0.957906 0.0649853 0.687486 0.723284 0.696415 -0.274821 -0.662933 0.76778 -0.176519 -0.615918 -0.213673 -0.3465 0.91339 0.0430895 -0.315644 0.947899 -0.599259 0.794101 0.10145 -0.485189 0.814219 0.318809 -0.571763 0.80432 0.161731 -0.601591 0.788807 0.125982 -0.603924 0.785802 0.133381 -0.644926 0.763883 0.0235266 -0.662073 0.749148 -0.0208954 -0.608603 0.789713 0.0771722 -0.386735 0.834972 0.391483 -0.428398 0.822945 0.373144 -0.417222 0.816118 0.399847 0.320365 0.276948 0.905906 0.101822 0.650173 0.752932 -0.0906963 0.808048 0.582093 -0.0430843 0.805935 0.590434 -0.0557388 0.875027 0.480854 -0.00423049 0.901493 0.432772 -0.0574201 0.835185 0.546963 0.927437 0.151883 0.341749 0.921367 0.081989 0.379947 0.81338 -0.0321228 0.580845 0.817274 0.0738554 0.571497 0.773121 0.139611 0.618703 0.85823 0.165479 0.485859 0.961051 0.144926 0.235326 0.953871 0.0987355 0.283515 0.948249 0.204001 0.243324 0.961841 0.194878 0.192053 0.915105 0.224467 0.33496 0.431184 0.89577 0.10806 0.194751 0.980257 0.0341871 0.281566 0.958617 -0.0421089 0.552992 0.827211 0.099611 0.54588 0.822676 0.158804 0.266742 0.954934 0.130195 0.700832 0.696483 0.154095 0.830028 -0.409757 0.378356 0.7437 -0.509904 0.432329 0.633762 -0.69443 0.340752 0.800272 -0.501258 0.329098 0.901652 -0.325114 0.285174 0.897412 -0.282264 0.339087 0.864418 -0.267521 0.425693 0.98354 -0.148518 0.10292 0.982257 -0.166113 0.0870446 0.989276 -0.0810203 0.12153 0.986805 -0.068231 0.146837 0.97784 -0.18795 0.0922118 0.965726 -0.25398 0.0535509 0.985114 -0.10824 0.133549 0.968721 -0.19783 0.149807 0.959147 -0.245355 0.140845 0.966554 -0.217456 0.135967 0.975791 -0.154487 0.154805 0.980197 -0.100543 0.170599 0.974413 -0.155506 0.162287 0.960086 -0.235678 0.150636 0.976643 -0.120556 0.177861 0.964519 -0.206564 0.164421 0.945496 -0.2881 0.151774 0.943367 -0.303646 0.133634 0.94472 -0.304282 0.122133 0.914123 -0.388202 0.116956 0.918064 -0.384332 0.0971928 0.926155 -0.36701 0.0868362 0.951845 -0.282643 0.118762 0.939221 -0.332853 0.0840963 0.960795 -0.251817 0.116019 0.97321 -0.184062 0.13778 0.968876 -0.219072 0.115272 0.978586 -0.15023 0.140715 0.98339 -0.0887127 0.158347 0.97995 -0.123725 0.156172 0.984212 -0.0208168 0.175765 0.983034 -0.0641727 0.171829 0.981849 0.028288 0.187543 0.982731 -0.0212379 0.183819 0.981162 -0.0650807 0.181896 0.981109 0.0106763 0.193158 0.980717 -0.0445257 0.190294 0.976675 -0.103874 0.187923 0.979394 -0.0134237 0.20151 0.976738 -0.0799926 0.198957 0.967804 -0.156841 0.196867 0.966451 -0.180813 0.182427 0.953075 -0.235903 0.189729 0.949028 -0.264865 0.170857 0.930277 -0.321839 0.176082 0.922444 -0.355222 0.151377 0.914975 -0.381191 0.132342 0.872315 -0.468925 0.138476 0.865571 -0.489542 0.10553 0.865721 -0.493384 0.0842634 0.750251 -0.655949 0.0827915 0.740304 -0.671643 0.0290886 0.756966 -0.653411 -0.00752073 0.879869 -0.469288 0.0748345 0.790011 -0.612356 -0.0300224 0.885264 -0.461719 0.0558918 0.81359 -0.579047 -0.0526937 0.898153 -0.437598 0.0427562 0.840984 -0.536642 -0.0690027 0.916563 -0.398281 0.0358366 0.953376 -0.288354 0.0890284 0.932335 -0.360422 0.0291136 0.959527 -0.26926 0.0825003 0.975639 -0.185508 0.11711 0.983342 -0.109809 0.144849 0.969023 -0.232083 0.0844477 0.981678 -0.14313 0.125784 0.985755 -0.0792963 0.14832 0.986772 -0.039348 0.157263 0.984299 0.0268414 0.174455 0.985599 -0.0149041 0.168443 0.985353 -0.0488274 0.163385 0.982185 0.0458987 0.182225 0.983671 0.0145008 0.179391 0.976449 0.0968961 0.192765 0.980097 0.0596258 0.189353 0.966403 0.157893 0.202816 0.974298 0.107817 0.197785 0.979223 0.0570306 0.194604 0.965159 0.166049 0.202225 0.975669 0.0904265 0.199734 0.979232 0.0342135 0.199833 0.968511 0.147742 0.200397 0.976352 0.0760833 0.202356 0.978094 0.0145609 0.207651 0.971657 0.121492 0.202788 0.976015 0.0524241 0.211298 0.975457 -0.00947281 0.219986 0.975444 -0.0522157 0.213967 0.971367 -0.073083 0.226066 0.968626 -0.122454 0.216259 0.957752 -0.165115 0.235474 0.95605 -0.200569 0.213869 0.9393 -0.252593 0.232191 0.935543 -0.287907 0.204621 0.900486 -0.369944 0.228618 0.898305 -0.398901 0.184193 0.88473 -0.437554 0.160621 0.779483 -0.59459 0.197155 0.760162 -0.631001 0.154894 0.759587 -0.639699 0.117525 0.519051 -0.835582 0.179968 0.508158 -0.855832 0.0965803 0.496129 -0.867536 0.0351748 0.182601 -0.977396 0.106556 0.17854 -0.98347 -0.0301569 0.210789 -0.96652 -0.146311 0.493149 -0.86963 -0.0233986 0.266596 -0.932943 -0.24196 0.505326 -0.857182 -0.0994207 0.344152 -0.882515 -0.320511 0.56132 -0.812425 -0.157753 0.43873 -0.816041 -0.376288 0.621517 -0.756315 -0.204216 0.557222 -0.733029 -0.390092 0.699828 -0.681115 -0.215227 0.689935 -0.632833 -0.351442 0.776091 -0.591315 -0.219157 0.868645 -0.487671 -0.0873649 0.844303 -0.497362 -0.199457 0.904044 -0.421351 -0.0718848 0.946856 -0.320762 0.0239766 0.948818 -0.314454 -0.0293849 0.925381 -0.358633 -0.122687 0.974951 -0.220858 -0.0263024 0.979329 -0.19736 0.0443149 0.99258 -0.0748532 0.0958231 0.990957 -0.0852582 0.103609 0.970129 0.0895157 0.225468 0.98059 0.0526743 0.188864 0.986209 0.0144014 0.164876 0.986682 -0.00165653 0.162655 0.946835 0.193351 0.257138 0.972725 0.11249 0.20286 0.979775 0.0698991 0.187495 0.946614 0.218281 0.237225 0.970282 0.133726 0.20167 0.978767 0.0798894 0.188767 0.949291 0.221018 0.2236 0.968677 0.142998 0.203018 0.932333 0.279639 0.229251 0.952086 0.216641 0.215868 0.91582 0.328567 0.230904 0.939811 0.262661 0.218552 0.956287 0.205866 0.207689 0.922596 0.317981 0.218414 0.946728 0.245948 0.207881 0.957602 0.205556 0.201853 0.933305 0.295667 0.203769 0.949954 0.241219 0.198498 0.961718 0.190565 0.196936 0.94217 0.275336 0.191062 0.955912 0.223756 0.190173 0.96658 0.165542 0.19575 0.945915 0.27429 0.173236 0.960887 0.210392 0.180089 0.970073 0.13928 0.198896 0.973088 0.0914526 0.211509 0.971425 0.0681291 0.22736 0.972987 0.0279542 0.229162 0.971427 0.0254704 0.235966 0.969219 -0.0337511 0.243877 0.961736 -0.0555775 0.268281 0.959326 -0.110471 0.259786 0.933939 -0.179548 0.309064 0.944117 -0.194103 0.266396 0.956888 -0.00850367 0.290333 0.924671 -0.150425 0.349793 0.954557 0.0341083 0.29607 0.905883 -0.097759 0.41209 0.821366 -0.26316 0.506068 0.91333 0.0173378 0.406851 0.831677 -0.0827363 0.549061 0.74802 -0.0395954 0.662494 0.636669 -0.574404 0.514503 0.25014 -0.88918 0.383131 0.204153 -0.893495 0.399984 0.401538 -0.832704 0.381276 0.119661 -0.927655 0.353748 0.315113 -0.881429 0.351832 0.576703 -0.761352 0.296238 0.799092 -0.552356 0.237392 0.249029 -0.930701 0.267918 0.532363 -0.806355 0.257646 0.219601 -0.955866 0.195182 0.0466097 -0.9564 0.288318 -0.0121936 -0.982061 0.188171 -0.0434884 -0.995723 0.0815177 -0.109232 -0.970937 0.212956 -0.14767 -0.987839 0.0486505 -0.136964 -0.984905 -0.105842 -0.0466581 -0.99867 -0.0219516 -0.0802576 -0.967706 -0.238962 -0.0103391 -0.987977 -0.154256 0.00809321 -0.935611 -0.35294 0.0654172 -0.960311 -0.27115 0.141612 -0.891877 -0.429536 0.180653 -0.91579 -0.358738 0.283719 -0.830467 -0.479404 0.310117 -0.852418 -0.420965 0.436004 -0.752358 -0.49382 0.453167 -0.770653 -0.448033 0.602668 -0.656622 -0.453473 0.6158 -0.669323 -0.41569 0.759953 -0.537257 -0.365823 0.771093 -0.538233 -0.340178 0.800613 -0.521178 -0.295621 0.890561 -0.395554 -0.224585 0.902483 -0.387213 -0.188653 0.971216 -0.227294 -0.0712459 0.971653 -0.228951 -0.0589246 0.994201 -0.0500942 0.0951595 0.993325 -0.0636446 0.0962017 0.957895 0.125378 0.258298 0.962638 0.10795 0.248343 0.867739 0.295375 0.399728 0.887696 0.268175 0.37427 0.917866 0.235614 0.319386 0.765868 0.429803 0.478242 0.842849 0.367874 0.392777 0.904488 0.299751 0.303398 0.742795 0.506129 0.43828 0.85979 0.394975 0.32366 0.916411 0.301917 0.262749 0.804279 0.494983 0.328826 0.897415 0.355663 0.261056 0.725112 0.600036 0.33789 0.857651 0.438516 0.268586 0.639812 0.693826 0.330523 0.80583 0.525689 0.272562 0.888852 0.393344 0.234994 0.75888 0.598771 0.256076 0.867364 0.441232 0.230206 0.9067 0.363632 0.213699 0.829219 0.51513 0.216881 0.889009 0.410561 0.202736 0.917409 0.348308 0.192463 0.852233 0.489467 0.184717 0.89047 0.422381 0.169284 0.921818 0.350059 0.166464 0.840597 0.526084 0.12897 0.885681 0.449194 0.117448 0.91788 0.378176 0.120326 0.81169 0.583531 0.0255129 0.878944 0.474322 0.0497515 0.908866 0.416864 0.0136955 0.943217 0.308581 0.122964 0.94122 0.33683 0.0255096 0.964292 0.216424 0.152648 0.967577 0.214356 0.133593 0.969636 0.124276 0.21062 0.97181 0.108915 0.209102 0.968119 0.063992 0.242179 0.955462 0.294899 0.011244 0.973903 0.170173 0.150181 0.963952 0.0794125 0.253949 0.968939 0.234865 0.0774374 0.970397 0.128541 0.204469 0.930254 0.088482 0.356087 0.967626 0.204215 0.148314 0.94201 0.147631 0.301368 0.887066 0.170756 0.4289 0.874156 0.0934969 0.476561 0.825826 0.218021 0.520075 0.796141 0.12077 0.592937 0.155491 -0.853034 0.498152 0.0834751 -0.833566 0.546076 0.0075115 -0.85038 0.526115 0.089402 -0.864279 0.495003 -0.071959 -0.900864 0.428095 0.0239043 -0.904995 0.424749 -0.124088 -0.943979 0.305788 -0.0417168 -0.940657 0.336785 -0.157234 -0.966509 0.202825 0.260488 0.807102 0.529841 0.387625 0.796069 0.46478 0.418946 0.79175 0.44454 0.272863 0.804897 0.52696 0.156594 0.80568 0.571277 0.162927 0.808443 0.565574 -0.185775 -0.978111 0.0937338 0.0571097 0.799454 0.598006 0.0715362 0.801196 0.59411 -0.185103 -0.981411 -0.0506868 -0.0405359 0.790927 0.610566 -0.0306256 0.794077 0.607045 -0.137315 -0.972136 -0.189989 -0.14166 0.7809 0.60838 -0.131869 0.784184 0.606355 -0.0521749 -0.947829 -0.314481 -0.246065 0.770046 0.588626 -0.237595 0.773689 0.587328 0.0737128 -0.909837 -0.408366 -0.354128 0.757897 0.547892 -0.3421 0.76036 0.552105 0.229951 -0.854876 -0.465091 -0.447554 0.741002 0.500612 -0.434073 0.741829 0.511147 0.394006 -0.777723 -0.489801 -0.534036 0.723307 0.437758 -0.527337 0.724725 0.443496 0.574004 -0.67867 -0.458178 -0.615858 0.706367 0.348948 -0.611048 0.706039 0.357952 0.745436 -0.551207 -0.374828 -0.68204 0.688294 0.247128 -0.680443 0.686559 0.256193 0.888398 -0.390048 -0.242098 0.88775 -0.39321 -0.239342 0.972537 -0.218646 -0.0797843 0.971462 -0.223453 -0.079563 0.994709 -0.0273973 0.0990112 0.99449 -0.0354009 0.0986722 0.949211 0.15501 0.273809 0.954207 0.136124 0.266381 0.8437 0.330212 0.423239 0.855562 0.307573 0.416428 0.70331 0.476212 0.527805 0.71659 0.456057 0.527741 0.736005 0.44587 0.509408 0.545014 0.607224 0.578134 0.587549 0.574403 0.569953 0.630233 0.556197 0.541712 0.419252 0.708477 0.567704 0.493791 0.667814 0.556952 0.63467 0.614157 0.469047 0.333811 0.784369 0.522816 0.511302 0.720146 0.468998 0.195652 0.858141 0.474673 0.393599 0.808017 0.438394 0.0737604 0.914337 0.39818 0.272913 0.878796 0.391454 0.558909 0.768738 0.310905 0.164673 0.9406 0.296909 0.456681 0.844868 0.278641 0.69202 0.681079 0.239248 0.362328 0.908569 0.207896 0.621122 0.755433 0.208637 0.77288 0.604134 0.194108 0.782639 0.606659 0.139429 0.649837 0.757537 0.0620406 0.73676 0.675775 0.0226496 0.401065 0.911563 -0.0905567 0.540902 0.822962 -0.173664 0.675091 0.713968 -0.185746 0.301649 0.905772 -0.297632 0.535613 0.752129 -0.383955 0.722717 0.63392 -0.275365 0.797721 0.593691 -0.105699 0.824886 0.51744 -0.227637 0.865715 0.488195 -0.11047 0.864674 0.410678 -0.289279 0.903823 0.40475 -0.138857 0.938353 0.324103 -0.120207 0.856765 0.416106 -0.304646 0.927528 0.334378 -0.166981 0.95938 0.27593 0.0587638 0.917421 0.37006 -0.146268 0.941467 0.322951 0.0966507 0.955902 0.252402 0.150148 0.91922 0.369541 0.135922 0.93506 0.298849 0.190662 0.936197 0.260866 0.235551 0.943374 0.223389 0.245241 0.882505 0.295702 0.365713 0.886118 0.256463 0.386034 0.814195 0.343518 0.468062 0.824069 0.295713 0.48318 0.70467 0.687167 0.176754 0.679238 0.708058 0.193107 0.632973 0.729931 0.257966 0.659902 0.713051 0.236829 0.65615 0.713064 0.246996 0.716271 0.676863 0.169742 0.573917 0.749498 0.329957 0.578434 0.747488 0.326613 0.540938 0.760279 0.35967 0.431089 0.787851 0.439833 0.536845 0.772705 0.338711 0.424226 0.792379 0.438369 0.237687 0.814851 0.5287 0.256867 0.812717 0.522982 0.103963 0.816669 0.567664 0.136589 0.814402 0.563998 -0.00641156 0.813004 0.582223 0.0327661 0.810589 0.584698 -0.0988026 0.805238 0.584663 -0.0627599 0.803476 0.59202 -0.189586 0.796025 0.574805 -0.159834 0.795123 0.585007 -0.283322 0.785859 0.549685 -0.261478 0.786183 0.559952 -0.383283 0.775139 0.502249 -0.362897 0.775211 0.517062 -0.472792 0.762647 0.441404 -0.454908 0.76141 0.461858 -0.547737 0.747791 0.375223 -0.531606 0.744617 0.403659 -0.616083 0.732498 0.289635 -0.603972 0.728417 0.323462 -0.671466 0.716747 0.188168 -0.665646 0.711956 0.223684 -0.70993 0.700278 0.0749071 -0.714754 0.689225 0.118725 -0.725811 0.673587 0.139569 -0.731187 0.665299 0.150808 -0.741505 0.670862 0.0106822 -0.752117 0.658449 0.0276442 -0.771203 0.635885 0.0299464 -0.752355 0.649009 -0.112913 -0.763079 0.639301 -0.0948945 -0.782511 0.615831 -0.0918127 -0.7404 0.630873 -0.231962 -0.754452 0.620259 -0.214664 -0.772426 0.5972 -0.216125 -0.709739 0.612325 -0.348322 -0.727115 0.601039 -0.331746 -0.74503 0.577257 -0.334222 -0.658939 0.592116 -0.463894 -0.688068 0.575679 -0.441764 -0.704154 0.554574 -0.443413 0.53387 0.623803 0.570835 -0.621066 0.555886 -0.552511 -0.635354 0.541886 -0.550169 0.375909 0.719837 0.583547 0.380745 0.709555 0.592929 0.198547 0.827515 0.525164 0.222309 0.789187 0.572506 0.2642 0.787115 0.557358 0.0659749 0.880047 0.470282 0.127048 0.849366 0.512285 -0.0379126 0.927669 0.371473 0.0113009 0.904322 0.426701 -0.107841 0.955816 0.273469 -0.0763534 0.9423 0.325946 -0.00786025 0.948711 0.316046 -0.131726 0.970574 0.201578 -0.0668848 0.970842 0.230199 0.079499 0.972564 0.218631 -0.102094 0.988692 0.109843 0.00971075 0.99029 0.138678 -0.100496 0.994803 0.016383 -0.0117023 0.999136 0.0398805 -0.0770976 0.995605 -0.0531624 0.0270745 0.998407 -0.0494967 -0.0382448 0.994017 -0.102306 0.127182 0.981565 -0.142671 0.206728 0.916197 -0.343288 -0.177954 0.983945 -0.0135574 -0.216535 0.97597 0.0244008 0.541633 0.476463 -0.692543 0.615519 0.516703 -0.595108 0.535414 0.675829 -0.506545 0.725529 0.528015 -0.441371 0.704737 0.604304 -0.371702 0.827481 0.487114 -0.279277 0.820322 0.519041 -0.240141 0.867375 0.412141 -0.278928 0.844439 0.433043 -0.315272 0.874841 0.386131 -0.292499 0.918676 0.370969 -0.135709 0.894159 0.364912 -0.25946 0.924889 0.359424 -0.124076 0.915318 0.375469 0.145654 0.931825 0.355158 -0.0745981 0.914608 0.371656 0.159263 0.902701 0.352598 0.246588 0.913422 0.340455 0.22305 0.902889 0.333491 0.271248 0.918358 0.309189 0.247023 0.859466 0.355994 0.366861 0.873742 0.334095 0.353491 0.798031 0.387972 0.461112 0.809253 0.371469 0.455105 0.649034 0.735875 0.192984 0.606279 0.766443 0.21211 0.576396 0.774318 0.261149 0.599514 0.75612 0.262422 0.512661 0.790079 0.336087 0.511073 0.812047 0.281753 0.466817 0.815242 0.342727 0.338384 0.828469 0.446245 0.397169 0.810734 0.430079 0.157989 0.837269 0.52347 0.210952 0.82926 0.517519 -0.0133241 0.833949 0.55168 0.0609848 0.829215 0.555593 -0.11423 0.827659 0.549483 -0.0441317 0.824741 0.563787 -0.197695 0.820408 0.536515 -0.139885 0.817827 0.558203 -0.267552 0.812823 0.517431 -0.220852 0.809398 0.54415 -0.362675 0.804356 0.470615 -0.30537 0.800352 0.515933 -0.48262 0.789534 0.379096 -0.404036 0.790887 0.459622 -0.573905 0.768862 0.28193 -0.488922 0.778232 0.394095 -0.627645 0.750763 0.205953 -0.560454 0.764172 0.319268 -0.669286 0.733724 0.117069 -0.630088 0.748247 0.207642 -0.699268 0.714473 0.0235037 -0.682435 0.726341 0.0819214 -0.718995 0.692935 -0.0537373 -0.710931 0.702678 -0.0286491 -0.73392 0.669988 -0.111702 -0.72159 0.681382 -0.12258 -0.725255 0.687016 -0.0448761 -0.712221 0.663748 -0.228429 -0.71905 0.670107 -0.184185 -0.685243 0.643709 -0.340705 -0.69874 0.645519 -0.308329 -0.667208 0.618117 -0.41565 -0.671039 0.621633 -0.404078 -0.64197 0.591784 -0.487511 -0.629835 0.600276 -0.492927 -0.590831 0.569728 -0.571251 -0.574749 0.578684 -0.578609 -0.585667 0.572118 -0.574173 -0.49849 0.556381 -0.664792 -0.495185 0.547581 -0.674498 -0.533421 0.53251 -0.657187 -0.558546 0.517188 -0.648493 -0.388509 0.522942 -0.758678 -0.444351 0.502588 -0.741591 -0.471677 0.478784 -0.740464 0.0615634 0.895522 0.440738 -0.348768 0.474267 -0.808351 -0.359555 0.461777 -0.810853 -0.0264192 0.922354 0.38544 -0.228259 0.443251 -0.866849 -0.226626 0.436355 -0.870767 -0.0969345 0.951152 0.293109 -0.0936071 0.411604 -0.906543 -0.0921239 0.402383 -0.910824 -0.144539 0.971056 0.190153 -0.15393 0.968159 0.197419 -0.159054 0.983505 0.0861355 -0.174554 0.976777 0.12425 -0.156069 0.980415 0.120123 -0.179527 0.983232 0.0320003 -0.168455 0.984022 0.057647 -0.171271 0.985006 -0.0207326 -0.162901 0.986641 -0.00141641 -0.187165 0.981573 -0.0385254 -0.155415 0.987845 -0.00301872 -0.155971 0.986886 -0.0415806 -0.153673 0.986927 -0.0485741 -0.202142 0.978875 -0.0307108 0.58695 0.317513 -0.744765 0.602223 0.22479 -0.766027 0.701442 0.319071 -0.637317 0.681227 0.38259 -0.624143 0.810508 0.395744 -0.431815 0.775485 0.439484 -0.453296 0.870147 0.404807 -0.281028 0.835854 0.361356 -0.413244 0.893598 0.386951 -0.22749 0.910939 0.362618 -0.19672 0.912238 0.36725 -0.181518 0.925206 0.365681 -0.101346 0.932734 0.36044 0.0094809 0.93844 0.33924 -0.0651588 0.93549 0.350426 0.045389 0.890355 0.358777 0.280262 0.900095 0.369085 0.231528 0.850261 0.354147 0.389405 0.876578 0.360697 0.318605 0.856169 0.350067 0.380036 0.883144 0.348175 0.314374 0.819767 0.359832 0.445537 0.84456 0.364607 0.392149 0.720927 0.37714 0.581403 0.77077 0.38709 0.506039 0.518964 0.815584 0.255927 0.417138 0.842796 0.340135 0.372001 0.840216 0.394529 0.399152 0.858849 0.321023 0.311736 0.849244 0.426151 0.252744 0.845887 0.469676 0.329109 0.841642 0.428166 0.187373 0.847657 0.496356 0.229984 0.843788 0.484902 0.0432659 0.845664 0.531959 0.0741965 0.840836 0.53618 -0.110785 0.838312 0.533816 -0.0788372 0.834995 0.544581 -0.244407 0.827277 0.505844 -0.196484 0.828191 0.524875 -0.35301 0.812918 0.463193 -0.286304 0.820234 0.495223 -0.433831 0.798155 0.418019 -0.356253 0.811814 0.462646 -0.49343 0.784595 0.375417 -0.447973 0.797134 0.404842 -0.558071 0.764283 0.323153 -0.559964 0.770125 0.305529 -0.617628 0.742954 0.257981 -0.634381 0.74386 0.210318 -0.645936 0.734186 0.209135 -0.664331 0.729801 0.161417 -0.676461 0.724627 0.131592 -0.688113 0.717475 0.108308 -0.704464 0.709498 0.018518 -0.708586 0.704888 0.0322274 -0.712395 0.69861 -0.0666079 -0.714399 0.698516 -0.041342 -0.705365 0.690291 -0.161117 -0.711117 0.691407 -0.127547 -0.681448 0.676092 -0.280229 -0.709822 0.671641 -0.212254 -0.741349 0.648017 -0.174571 -0.684716 0.653291 -0.323071 -0.713623 0.640806 -0.283035 -0.640967 0.633187 -0.43386 -0.680327 0.630504 -0.373658 -0.581915 0.616807 -0.530023 -0.642305 0.618216 -0.453048 -0.508672 0.599084 -0.618346 -0.589539 0.597485 -0.543558 -0.436435 0.577741 -0.689739 -0.52815 0.573255 -0.626447 -0.519132 0.559668 -0.645968 -0.443944 0.553809 -0.704422 -0.420873 0.544171 -0.725771 -0.372993 0.532389 -0.759893 -0.315656 0.520319 -0.793492 -0.258935 0.508938 -0.820935 -0.297432 0.494627 -0.816626 -0.176514 0.480231 -0.859198 -0.206475 0.466973 -0.859828 -0.058199 0.447203 -0.892537 -0.082138 0.437886 -0.89527 0.0843651 0.418276 -0.904393 0.0491665 0.400814 -0.914839 0.043526 0.380595 -0.923717 0.0501842 0.369664 -0.927809 0.189357 0.375442 -0.907296 0.188901 0.34353 -0.919948 0.200398 0.318726 -0.92642 -0.162563 0.986141 0.0331451 0.33934 0.307424 -0.88901 0.352967 0.290474 -0.889404 0.333513 0.332212 -0.882272 0.462895 0.307325 -0.831432 0.478235 0.273211 -0.834654 0.500074 0.209414 -0.84028 0.570766 0.302118 -0.763512 0.582624 0.256175 -0.771313 0.693221 0.323261 -0.644164 0.699405 0.309815 -0.644086 0.835041 0.350971 -0.423704 0.72067 0.331459 -0.608909 0.846105 0.346811 -0.404756 0.923274 0.347422 -0.1639 0.864915 0.328309 -0.379651 0.927045 0.330631 -0.176836 0.943144 0.311188 -0.116798 0.931584 0.328455 -0.155783 0.944603 0.321214 -0.0674289 0.949635 0.313197 -0.01003 0.95066 0.307372 -0.0420516 0.932572 0.317168 0.172377 0.923911 0.325838 0.200544 0.919625 0.305488 0.246914 0.886544 0.328125 0.32615 0.91805 0.294587 0.265335 0.877285 0.322519 0.355461 0.883891 0.301259 0.357743 0.837011 0.325602 0.439769 0.834217 0.306235 0.458587 0.761781 0.330133 0.557406 0.853254 0.289038 0.434067 0.797441 0.320119 0.51148 0.49193 0.852772 0.175456 0.512011 0.847901 0.137508 0.507491 0.84434 0.171878 0.459562 0.851661 0.251946 0.453931 0.85007 0.267071 0.39192 0.854338 0.341328 0.334888 0.863462 0.377204 0.275318 0.862465 0.424682 0.137757 0.872709 0.468404 0.0948093 0.865977 0.491015 -0.0880908 0.85954 0.503419 -0.0980767 0.852445 0.513535 -0.253845 0.835032 0.488144 -0.238943 0.832904 0.499176 -0.361722 0.813886 0.454694 -0.325817 0.816862 0.476004 -0.421926 0.801922 0.422964 -0.388942 0.804053 0.449692 -0.531671 0.776608 0.337943 -0.484843 0.785807 0.383972 -0.635161 0.742318 0.213389 -0.558815 0.769937 0.308095 -0.692575 0.714629 0.0982106 -0.629294 0.747682 0.21204 -0.716995 0.696637 0.0247847 -0.661106 0.731674 0.16611 -0.720034 0.693731 -0.016984 -0.684583 0.721126 0.106411 -0.722505 0.686537 -0.0815668 -0.709093 0.70511 -0.00259495 -0.719384 0.67941 -0.144533 -0.715841 0.692027 -0.0931109 -0.710689 0.673289 -0.203971 -0.71287 0.683329 -0.157727 -0.692613 0.6644 -0.280819 -0.700127 0.672366 -0.240304 -0.667437 0.654761 -0.354706 -0.674944 0.660904 -0.328111 -0.639784 0.654006 -0.403674 -0.632147 0.643276 -0.431956 -0.578917 0.627611 -0.520537 -0.577421 0.62217 -0.528667 -0.508574 0.602876 -0.614731 -0.504248 0.601114 -0.619997 -0.433572 0.579718 -0.689885 -0.41673 0.576253 -0.703043 -0.359588 0.558944 -0.747181 -0.311327 0.546592 -0.777376 -0.282472 0.536477 -0.795237 -0.364805 0.557697 -0.745581 -0.216673 0.518137 -0.827397 -0.289575 0.531293 -0.796162 -0.342727 0.529052 -0.7763 -0.209256 0.507562 -0.835818 -0.249161 0.501405 -0.82856 -0.222341 0.488949 -0.843501 -0.129846 0.474099 -0.870844 -0.0847438 0.462723 -0.882443 0.00238845 0.441352 -0.897331 0.0684542 0.433475 -0.898562 0.131215 0.41237 -0.901517 0.230114 0.40225 -0.886139 0.228148 0.392617 -0.890955 0.397634 0.372604 -0.838483 0.369004 0.364731 -0.854873 0.530693 0.348774 -0.772478 0.493485 0.343763 -0.798937 0.645635 0.335121 -0.686185 0.606582 0.331198 -0.722749 0.759039 0.330525 -0.560904 0.577877 0.336275 -0.743625 0.725219 0.321212 -0.608999 0.862755 0.318468 -0.392724 0.676453 0.336167 -0.655288 0.836269 0.325102 -0.441546 0.931967 0.327425 -0.155662 0.84059 0.327113 -0.431747 0.932784 0.32078 -0.164361 0.952048 0.305673 0.0129806 0.949439 0.313938 -0.0028692 0.952649 0.289298 0.0936308 0.952524 0.300071 0.051522 0.925975 0.28104 0.252164 0.93411 0.296376 0.198996 0.895748 0.277416 0.347383 0.918811 0.28565 0.272379 0.883546 0.268514 0.383727 0.909606 0.274057 0.312266 0.833573 0.277665 0.477554 0.873062 0.222218 0.43403 0.818236 0.243141 0.520934 0.779623 0.209897 0.590027 0.786238 0.283971 0.548808 0.415998 0.892065 0.176535 0.246474 0.922831 0.296028 0.244208 0.915292 0.320317 0.396717 0.890611 0.222322 0.22905 0.90704 0.353292 0.351076 0.88863 0.295096 0.20983 0.896348 0.390554 0.280504 0.88552 0.370368 0.13291 0.887128 0.441971 0.149576 0.88407 0.442773 -0.0245072 0.873087 0.486949 -0.0600748 0.871219 0.487205 -0.191088 0.846319 0.497221 -0.265623 0.836996 0.478417 -0.340105 0.811652 0.474922 -0.429062 0.793427 0.431716 -0.466768 0.771624 0.432116 -0.539846 0.757206 0.367703 -0.534154 0.749655 0.390763 -0.616017 0.731948 0.291162 -0.601842 0.734229 0.314157 -0.696068 0.69748 0.170329 -0.667675 0.717812 0.197372 -0.725105 0.683531 0.0837149 -0.688992 0.710184 0.144671 -0.722687 0.688187 0.0641988 -0.693314 0.705573 0.146569 -0.719363 0.692479 0.0546797 -0.703834 0.700651 0.117072 -0.724566 0.689192 0.0042787 -0.717319 0.694913 0.0504933 -0.72859 0.681561 -0.0680509 -0.725897 0.687351 -0.024941 -0.726339 0.672077 -0.144029 -0.727538 0.67816 -0.10386 -0.71018 0.660382 -0.244008 -0.719647 0.666383 -0.195045 -0.678953 0.646601 -0.347749 -0.704083 0.653967 -0.276755 -0.636305 0.636687 -0.435597 -0.630318 0.644321 -0.43307 -0.583115 0.620971 -0.523806 -0.5866 0.626008 -0.513824 -0.521747 0.603342 -0.603124 -0.532578 0.609857 -0.586885 -0.443291 0.582326 -0.681461 -0.453304 0.588502 -0.669464 -0.346438 0.557498 -0.754438 -0.346156 0.559888 -0.752796 -0.230439 0.528665 -0.816953 -0.214045 0.524637 -0.823979 -0.199124 0.515814 -0.833238 -0.0713168 0.486169 -0.87095 -0.118056 0.494998 -0.860837 -0.163461 0.503195 -0.848573 -0.0824027 0.483578 -0.871414 -0.111132 0.488251 -0.865598 -0.110017 0.485377 -0.867356 0.0349535 0.463499 -0.885408 0.0306677 0.457796 -0.888528 0.195253 0.435333 -0.878841 0.140916 0.43132 -0.891126 0.31354 0.413182 -0.85497 0.260968 0.40323 -0.877098 0.292557 0.383878 -0.875813 0.394795 0.378893 -0.837005 0.444179 0.359028 -0.820855 0.523434 0.355602 -0.774315 0.445469 0.390563 -0.805616 0.570181 0.364702 -0.736129 0.698884 0.344297 -0.626913 0.617349 0.362524 -0.69818 0.740416 0.340306 -0.579634 0.848801 0.320233 -0.420699 0.78773 0.321466 -0.52549 0.873994 0.30971 -0.374453 0.94486 0.290189 -0.151757 0.934545 0.304003 -0.184955 0.961655 0.268009 0.0582244 0.956229 0.291781 0.0221426 0.954615 0.261775 0.142071 0.949663 0.281168 0.13815 0.938883 0.254951 0.231299 0.926885 0.25969 0.271007 0.89753 0.240268 0.369744 0.959769 0.233563 0.155859 0.954185 0.226094 0.19599 0.962066 0.237689 0.133916 0.958698 0.22021 0.180016 0.967785 0.216426 0.128658 0.964139 0.205859 0.167506 0.968624 0.197888 0.150358 0.963143 0.207465 0.171213 0.975681 0.202772 0.0832416 0.979123 0.201977 0.0228736 0.969967 0.188768 0.153401 0.980242 0.197746 -0.00469141 0.972332 0.161756 0.16854 0.977944 0.196937 -0.069578 0.979863 0.140528 0.141847 0.954238 0.0768532 0.289004 0.984089 0.134581 0.116002 0.948067 0.0483214 0.314378 0.890686 -0.0490942 0.451961 0.91249 0.022125 0.408499 0.800225 -0.144587 0.58201 0.808224 -0.0923878 0.581582 0.703506 -0.231634 0.671882 0.624321 -0.22567 0.747861 0.679885 -0.15399 0.716968 0.731553 0.00394548 0.681773 -0.0825129 0.915845 0.392963 -0.223349 0.884914 0.408709 -0.241979 0.869569 0.43046 0.00820091 0.939786 0.341666 0.0924995 0.936488 0.33828 0.0525504 0.928332 0.368018 0.119211 0.922419 0.36733 0.0948912 0.925068 0.367756 0.0605383 0.943176 0.326732 0.0865719 0.930295 0.35645 0.119879 0.917453 0.379355 0.0315103 0.916204 0.399471 0.112359 0.911283 0.396155 -0.0912803 0.881922 0.462473 0.0346523 0.896081 0.442536 -0.259396 0.82937 0.494833 -0.107489 0.866726 0.487064 -0.322418 0.803017 0.501208 -0.199054 0.838359 0.507476 -0.318335 0.798306 0.511244 -0.240827 0.819851 0.519468 -0.351605 0.785288 0.509605 -0.310071 0.800471 0.512935 -0.442366 0.763231 0.470947 -0.407184 0.776899 0.480238 -0.525476 0.745577 0.409865 -0.50551 0.756184 0.415506 -0.583003 0.734634 0.347015 -0.601011 0.741579 0.298071 -0.620094 0.722772 0.305098 -0.656926 0.729526 0.19037 -0.641736 0.708037 0.294719 -0.679466 0.718417 0.149006 -0.662396 0.692634 0.285464 -0.696749 0.708343 0.113101 -0.69381 0.684615 0.223451 -0.714005 0.699529 0.0292611 -0.726222 0.680233 0.0994209 -0.719574 0.689566 -0.0819265 -0.737958 0.673584 -0.041252 -0.709997 0.6797 -0.184153 -0.727417 0.665237 -0.168302 -0.693879 0.669565 -0.264979 -0.708177 0.6555 -0.262308 -0.686337 0.658598 -0.308531 -0.702327 0.642808 -0.305833 -0.684617 0.645738 -0.338115 -0.668599 0.641574 -0.375978 -0.65691 0.632086 -0.411018 -0.606975 0.625649 -0.490045 -0.588499 0.614159 -0.525812 -0.516634 0.601792 -0.609045 -0.48323 0.590751 -0.646144 -0.408063 0.573715 -0.710166 -0.355537 0.562343 -0.746568 -0.290935 0.544529 -0.786667 -0.219822 0.53064 -0.818596 -0.158221 0.51215 -0.844197 -0.0821704 0.489382 -0.86819 -0.0230263 0.478356 -0.877864 0.0555841 0.455653 -0.88842 0.0399308 0.46181 -0.88608 0.160415 0.429958 -0.888484 0.103451 0.446694 -0.888686 -0.0152172 0.470708 -0.882158 0.151178 0.440719 -0.884823 0.138619 0.448516 -0.88296 0.270391 0.425539 -0.8636 0.299249 0.422403 -0.855585 0.465124 0.389091 -0.795152 0.462969 0.391698 -0.79513 0.656349 0.350008 -0.668357 0.42541 0.380319 -0.821209 0.648725 0.345708 -0.677969 0.833036 0.295372 -0.467767 0.500061 0.353502 -0.790554 0.769057 0.313371 -0.557091 0.88215 0.285607 -0.374487 0.907109 0.280224 -0.314049 0.933751 0.268926 -0.236192 0.945281 0.274842 -0.175801 0.968364 0.248211 -0.0257463 0.96666 0.253741 0.0343971 0.928239 0.279241 -0.245759 0.969416 0.244307 -0.0233814 0.912633 0.283738 -0.29427 0.964528 0.2587 -0.0525436 0.96485 0.220025 0.143711 0.958415 0.252925 -0.132175 0.968144 0.228693 0.101962 0.958345 0.219733 0.182461 0.971553 0.228686 0.0615497 0.947632 0.226801 0.224843 0.958416 0.226006 0.174239 0.973403 0.220251 0.0630529 0.977437 0.210819 0.0131604 0.97411 0.21443 -0.0716153 0.975027 0.190778 -0.113689 0.969711 0.201372 -0.138239 0.959863 0.170574 -0.222638 0.960363 0.185738 -0.207858 0.939771 0.154246 -0.305023 0.953118 0.174786 -0.247013 0.974305 0.191773 -0.118126 0.952873 0.164472 -0.254915 0.977228 0.175424 -0.119384 0.985423 0.129872 0.109884 0.985467 0.155803 -0.0676707 0.984436 0.113716 0.133998 0.938913 0.00718149 0.34408 0.942446 0.0230422 0.333563 0.887894 -0.0782227 0.45335 0.885987 -0.0715477 0.458157 0.848315 -0.156226 0.50592 0.819222 -0.159647 0.550807 0.830194 -0.215597 0.514097 0.778876 -0.219322 0.58758 -0.513771 0.745649 0.42432 -0.638211 0.63735 0.431823 -0.634066 0.65115 0.41709 -0.524594 0.730756 0.436803 -0.411594 0.792164 0.450629 -0.321167 0.866629 0.381846 -0.593202 0.644203 0.482819 -0.381427 0.801235 0.461017 -0.102168 0.924334 0.367651 -0.233643 0.863287 0.447378 -0.0711403 0.915278 0.396491 -0.0136803 0.916427 0.399967 -0.10605 0.876529 0.469522 -0.141003 0.871958 0.468837 -0.163832 0.847202 0.505379 -0.298841 0.818544 0.490592 -0.309122 0.810151 0.498094 -0.392971 0.780662 0.485944 -0.420523 0.777892 0.466952 -0.4286 0.773582 0.466769 -0.480468 0.758878 0.439607 -0.450876 0.767342 0.455957 -0.497379 0.749218 0.437363 -0.483419 0.754623 0.443679 -0.515194 0.738829 0.434403 -0.510943 0.739529 0.438217 -0.548556 0.730989 0.405883 -0.537842 0.722828 0.433874 -0.58458 0.726906 0.360379 -0.56601 0.712192 0.415229 -0.610061 0.719577 0.331714 -0.586994 0.703634 0.400421 -0.631526 0.713897 0.302533 -0.611607 0.694739 0.378516 -0.659456 0.708824 0.25037 -0.646899 0.687815 0.32929 -0.689591 0.7043 0.168599 -0.689264 0.685521 0.234471 -0.711377 0.701321 0.0457376 -0.722034 0.683692 0.10598 -0.713634 0.695032 -0.0874966 -0.735472 0.67729 -0.0189471 -0.701971 0.684888 -0.19536 -0.733399 0.667668 -0.12785 -0.6885 0.671641 -0.273617 -0.725278 0.654682 -0.212984 -0.675912 0.655978 -0.33591 -0.719526 0.63552 -0.279996 -0.695598 0.628992 -0.347149 -0.697883 0.618932 -0.360392 -0.653131 0.61839 -0.43705 -0.638594 0.601389 -0.480135 -0.564732 0.603227 -0.563201 -0.526223 0.586038 -0.616156 -0.433968 0.582298 -0.68746 -0.369746 0.564246 -0.738183 -0.279414 0.553815 -0.784357 -0.195499 0.534098 -0.822508 -0.127738 0.518702 -0.845358 -0.0836596 0.498701 -0.862727 0.00861754 0.487457 -0.873105 0.0265731 0.469512 -0.882526 0.0755753 0.448874 -0.890393 0.121453 0.445321 -0.887095 0.159361 0.426429 -0.890372 0.231774 0.413009 -0.880741 0.241658 0.40614 -0.881278 0.296442 0.40319 -0.865771 0.322095 0.376924 -0.868437 0.218567 0.422797 -0.879472 0.305919 0.393783 -0.866803 0.43964 0.367844 -0.819395 0.352296 0.405051 -0.843695 0.496951 0.371852 -0.78407 0.688815 0.335772 -0.642488 0.669612 0.336401 -0.662158 0.822249 0.310011 -0.477283 0.836302 0.305245 -0.45544 0.698803 0.315319 -0.642066 0.822817 0.293262 -0.486795 0.899624 0.276869 -0.337668 0.796323 0.272957 -0.539782 0.878693 0.266431 -0.396123 0.946834 0.247191 -0.205917 0.839142 0.246638 -0.484779 0.91553 0.240243 -0.322628 0.969978 0.232134 -0.0724967 0.883537 0.225271 -0.410629 0.950971 0.228458 -0.208472 0.965709 0.254757 0.0500567 0.955301 0.243116 0.168211 0.944695 0.267347 0.189938 0.944659 0.245729 0.217339 0.95869 0.244853 0.144778 0.967349 0.227321 0.112074 0.977714 0.209926 0.00232499 0.979543 0.196781 -0.042102 0.972411 0.169905 -0.159843 0.969277 0.164558 -0.182819 0.948276 0.126273 -0.291252 0.945419 0.138769 -0.294833 0.926036 0.0984293 -0.364376 0.930253 0.126116 -0.344563 0.934427 0.144199 -0.325659 0.931623 0.118583 -0.343534 0.942643 0.138039 -0.303924 0.963257 0.156455 -0.218307 0.959293 0.13552 -0.247774 0.977129 0.145464 -0.155112 0.989875 0.141206 -0.0144408 0.985534 0.138755 -0.097314 0.991338 0.12735 0.0320954 0.978468 0.0851672 0.188006 0.98143 0.0989267 0.164341 0.93703 0.00353708 0.349232 0.935337 0.00135252 0.353756 0.893741 -0.0730528 0.442595 0.887401 -0.0802125 0.453966 0.861959 -0.138932 0.48757 0.858346 -0.146019 0.491855 0.832145 -0.199065 0.517598 0.834651 -0.200922 0.512824 -0.701763 0.601552 0.381659 -0.738415 0.584564 0.336198 -0.737924 0.587741 0.331706 -0.70154 0.603869 0.378397 -0.737471 0.601449 0.307239 -0.735207 0.567798 0.370237 -0.696361 0.574796 0.429757 -0.73195 0.590349 0.340202 -0.660994 0.631683 0.405048 -0.495136 0.748145 0.441723 -0.622988 0.681524 0.383942 -0.368099 0.814025 0.449296 -0.128511 0.89009 0.437293 -0.318729 0.828024 0.46129 -0.0716219 0.869644 0.488457 -0.27973 0.832262 0.478635 -0.159101 0.845128 0.510339 -0.34592 0.813334 0.467789 -0.263957 0.815903 0.51442 -0.472187 0.783365 0.404202 -0.374996 0.789955 0.485127 -0.561434 0.765096 0.315309 -0.473015 0.775835 0.417536 -0.613193 0.755015 0.232264 -0.549732 0.765066 0.335363 -0.641522 0.748181 0.169337 -0.594208 0.756673 0.272697 -0.652559 0.743958 0.143855 -0.61518 0.752609 0.234804 -0.656356 0.739023 0.151795 -0.624446 0.745065 0.234406 -0.653845 0.734425 0.181952 -0.639658 0.73445 0.226761 -0.671582 0.726273 0.146648 -0.664882 0.723989 0.183771 -0.696509 0.714973 0.060737 -0.686645 0.715635 0.128007 -0.706139 0.708073 0.000432837 -0.702136 0.71112 0.0362515 -0.706659 0.703193 -0.078438 -0.700702 0.704407 -0.113256 -0.6966 0.692719 -0.186784 -0.67992 0.693006 -0.239689 -0.678758 0.683694 -0.268049 -0.655448 0.682735 -0.322894 -0.657794 0.676355 -0.331437 -0.63304 0.671731 -0.384756 -0.616002 0.666752 -0.419504 -0.603216 0.656068 -0.453547 -0.658007 0.64118 -0.394862 -0.568197 0.639216 -0.518223 -0.625504 0.622478 -0.47039 -0.511866 0.617609 -0.59712 -0.550289 0.603523 -0.577012 -0.416923 0.593294 -0.688605 -0.42625 0.582203 -0.692352 -0.283641 0.563246 -0.776081 -0.261624 0.554209 -0.790193 -0.120806 0.52569 -0.842054 -0.0800605 0.516549 -0.852507 -0.0275819 0.501739 -0.864579 0.0569175 0.481116 -0.874807 0.0933078 0.470781 -0.877302 0.115979 0.45853 -0.881078 0.202129 0.442993 -0.873442 0.230982 0.433812 -0.870893 0.351174 0.403223 -0.845037 0.157223 0.447391 -0.88041 0.318701 0.404896 -0.857024 0.508177 0.35224 -0.785928 0.51718 0.361791 -0.77565 0.67443 0.304111 -0.6728 0.487072 0.334363 -0.806822 0.639284 0.295387 -0.709974 0.748706 0.266723 -0.606876 0.600448 0.284346 -0.747402 0.704001 0.2605 -0.660698 0.79964 0.236702 -0.551859 0.668705 0.253174 -0.699097 0.771491 0.228817 -0.59367 0.863695 0.216593 -0.455102 0.744822 0.226275 -0.627726 0.844281 0.208333 -0.493748 0.914859 0.204643 -0.348072 0.93072 0.221128 -0.291313 0.956459 0.215772 -0.196539 0.963906 0.248771 -0.0948607 0.969207 0.233709 -0.0775681 0.959405 0.276516 0.0555104 0.970859 0.229832 -0.0678972 0.965352 0.255585 0.0526517 0.971868 0.17636 -0.156106 0.978217 0.202232 -0.0468253 0.959706 0.124853 -0.251746 0.971896 0.152865 -0.179028 0.935716 0.0804487 -0.343457 0.939938 0.100116 -0.326334 0.90264 0.0388184 -0.428643 0.905486 0.0614524 -0.419903 0.891865 0.0267117 -0.451512 0.895086 0.0474011 -0.443367 0.917855 0.0823984 -0.38827 0.902105 0.0450132 -0.429163 0.924682 0.0842798 -0.371295 0.945094 0.116585 -0.305294 0.939877 0.0923566 -0.328789 0.95862 0.118622 -0.258797 0.972253 0.135338 -0.190811 0.965735 0.115427 -0.232448 0.979119 0.130191 -0.156131 0.989183 0.132969 -0.0619323 0.981328 0.119358 -0.150829 0.99043 0.12613 -0.0560283 0.992098 0.118425 0.0414322 0.991265 0.122316 0.0493161 0.980321 0.092157 0.174582 0.978689 0.0862708 0.186345 0.94523 0.0312468 0.324905 0.943158 0.017566 0.331879 0.893218 -0.0471925 0.44714 0.89713 -0.0608309 0.437558 0.840064 -0.122643 0.528443 0.857627 -0.130074 0.497551 0.7775 -0.210795 0.592503 0.814373 -0.200033 0.544778 -0.761057 0.58095 0.288599 -0.761936 0.595257 0.25519 -0.752491 0.609504 0.249523 -0.754005 0.590602 0.287517 -0.733827 0.636987 0.236103 -0.728052 0.630692 0.268641 -0.739399 0.636138 0.220494 -0.757385 0.602684 0.251275 -0.761924 0.581633 0.284911 -0.781137 0.582273 0.22535 -0.795513 0.549267 0.255862 -0.756765 0.575101 0.310749 -0.777288 0.579948 0.243892 -0.746165 0.600331 0.28782 -0.613287 0.702154 0.361745 -0.695479 0.656549 0.291979 -0.566091 0.737795 0.367694 -0.663558 0.689167 0.291101 -0.58993 0.735267 0.333714 -0.630581 0.715837 0.299907 -0.640451 0.718424 0.27146 -0.632081 0.725688 0.271755 -0.674755 0.710979 0.198029 -0.656605 0.727493 0.199059 -0.687229 0.715381 0.126276 -0.667843 0.730996 0.14011 -0.676102 0.72758 0.116248 -0.665259 0.736938 0.119807 -0.658229 0.738158 0.147842 -0.671753 0.734272 0.0979434 -0.651459 0.741052 0.162614 -0.683509 0.725485 0.08054 -0.656295 0.738662 0.153805 -0.681439 0.726984 0.0844691 -0.676653 0.72907 0.102943 -0.693736 0.717743 0.0597914 -0.70276 0.711405 0.00562043 -0.706877 0.706946 -0.0235146 -0.712476 0.699508 -0.0553804 -0.703865 0.701511 -0.111607 -0.714038 0.694024 -0.0920907 -0.693973 0.698147 -0.176047 -0.702267 0.693679 -0.160092 -0.677734 0.693808 -0.24353 -0.688624 0.691535 -0.21812 -0.669255 0.687805 -0.281109 -0.677293 0.685784 -0.26641 -0.650416 0.681751 -0.334925 -0.645158 0.678682 -0.350944 -0.594886 0.670274 -0.44367 -0.579178 0.663431 -0.473722 -0.555125 0.651562 -0.517014 -0.496295 0.640002 -0.586591 -0.482994 0.631532 -0.606534 -0.401005 0.609232 -0.684128 -0.390748 0.60363 -0.694944 -0.290445 0.573303 -0.766137 -0.277735 0.56993 -0.773333 -0.18147 0.536142 -0.824391 -0.150788 0.531661 -0.833427 -0.0841696 0.499851 -0.862012 -0.0310941 0.492798 -0.869588 0.0213112 0.483776 -0.874932 0.0787913 0.450909 -0.889085 0.129173 0.447042 -0.885137 0.224976 0.402096 -0.887527 0.280797 0.399269 -0.872776 0.435519 0.334256 -0.83582 0.142151 0.413238 -0.89946 0.344994 0.349057 -0.871285 0.544047 0.288427 -0.787923 0.257651 0.362262 -0.895758 0.4604 0.299846 -0.835538 0.626258 0.253267 -0.737331 0.406348 0.308722 -0.859984 0.588807 0.254402 -0.767194 0.727987 0.223764 -0.648047 0.56977 0.253412 -0.781757 0.726184 0.21853 -0.651844 0.84634 0.216174 -0.486803 0.836379 0.211792 -0.505584 0.924182 0.248407 -0.290141 0.915626 0.231048 -0.329006 0.949183 0.297656 -0.102233 0.948788 0.272014 -0.160652 0.941661 0.334976 0.0326421 0.95737 0.28278 -0.0589764 0.942004 0.329427 0.0640825 0.964782 0.258776 -0.0472209 0.956572 0.290667 0.0219654 0.971795 0.210897 -0.105532 0.971477 0.217751 -0.0938978 0.967278 0.148873 -0.20545 0.963569 0.13392 -0.231519 0.95162 0.101891 -0.289892 0.943713 0.0788588 -0.321227 0.934764 0.0724306 -0.347808 0.937853 0.069953 -0.339909 0.926574 0.0636735 -0.370683 0.940278 0.0770012 -0.331585 0.928684 0.0682746 -0.364534 0.901703 0.0321722 -0.431156 0.927483 0.0589227 -0.369192 0.913396 0.0378396 -0.405311 0.92125 0.0613002 -0.384109 0.926938 0.051127 -0.371714 0.93779 0.0745841 -0.339097 0.949993 0.0939083 -0.297815 0.945751 0.0756342 -0.315965 0.954346 0.0847438 -0.286431 0.967684 0.101151 -0.230988 0.955254 0.0669471 -0.288113 0.966171 0.078165 -0.245773 0.981594 0.0976478 -0.164128 0.96326 0.0479468 -0.264257 0.980416 0.0745457 -0.182281 0.992823 0.0950484 -0.072582 0.990955 0.115489 -0.0683467 0.992614 0.100578 0.0678355 0.992575 0.114498 0.0410471 0.971903 0.0816327 0.220771 0.978915 0.0915286 0.182614 0.924139 0.031434 0.380761 0.94142 0.0358358 0.335327 0.84333 -0.0558184 0.534489 0.880701 -0.046037 0.471431 0.744559 -0.150707 0.650322 0.809373 -0.133378 0.571949 0.642006 -0.247405 0.725685 0.726309 -0.230755 0.647477 -0.745138 0.628851 0.222072 -0.689154 0.695948 0.201803 -0.693412 0.691016 0.204149 -0.736745 0.638382 0.222879 -0.691169 0.695244 0.197284 -0.720927 0.658428 0.216186 -0.699525 0.691074 0.181884 -0.720766 0.6622 0.204907 -0.712924 0.682228 0.162187 -0.738926 0.648991 0.181106 -0.760908 0.616948 0.200984 -0.73237 0.660751 0.164446 -0.753342 0.630555 0.186751 -0.763419 0.608066 0.217823 -0.727092 0.662893 0.178634 -0.710807 0.661855 0.238121 -0.706054 0.655351 0.268332 -0.666407 0.701129 0.253615 -0.626796 0.709321 0.322474 -0.65635 0.717731 0.232521 -0.608709 0.724102 0.324268 -0.668186 0.721335 0.182216 -0.635875 0.72523 0.264016 -0.694029 0.713291 0.0976751 -0.661575 0.72405 0.195116 -0.717734 0.696316 -0.00136928 -0.682678 0.720902 0.119378 -0.726516 0.684125 -0.0643996 -0.700559 0.712069 0.0466337 -0.723188 0.687307 -0.0678826 -0.712786 0.701163 -0.0174963 -0.710289 0.701928 -0.052789 -0.711885 0.70099 -0.0428216 -0.702699 0.709048 -0.0588626 -0.708892 0.704755 -0.0281635 -0.696728 0.713298 -0.0759991 -0.700587 0.713536 -0.00661764 -0.689949 0.710876 -0.136474 -0.694801 0.717295 -0.0523332 -0.669111 0.697628 -0.256134 -0.682382 0.706701 -0.186894 -0.646892 0.6841 -0.336953 -0.665007 0.693365 -0.277507 -0.659794 0.683403 -0.312461 -0.656767 0.690242 -0.303681 -0.653922 0.682168 -0.327158 -0.651406 0.686773 -0.322509 -0.648705 0.680789 -0.340161 -0.646557 0.681125 -0.343559 -0.646949 0.674988 -0.354751 -0.618291 0.67217 -0.407313 -0.613568 0.670575 -0.416969 -0.557526 0.658362 -0.505692 -0.517268 0.648247 -0.558757 -0.484161 0.637953 -0.598836 -0.433776 0.620933 -0.652902 -0.3715 0.600927 -0.707725 -0.321942 0.58405 -0.745143 -0.236758 0.556072 -0.796699 -0.210034 0.544446 -0.812074 -0.130578 0.514525 -0.847475 -0.117037 0.507585 -0.853615 -0.0390551 0.473806 -0.879763 -0.0311915 0.46913 -0.882578 0.00773692 0.461256 -0.887233 0.0859494 0.420098 -0.903399 0.0673518 0.422914 -0.903664 0.219212 0.366363 -0.904281 0.0775909 0.430026 -0.899476 0.221588 0.36569 -0.903975 0.388711 0.305178 -0.86935 0.250104 0.368311 -0.89543 0.402992 0.300868 -0.864336 0.560188 0.248003 -0.79037 0.445753 0.304619 -0.841731 0.585739 0.250269 -0.770892 0.714298 0.216474 -0.66552 0.710485 0.215651 -0.669855 0.821187 0.202541 -0.533507 0.82812 0.208481 -0.520339 0.901841 0.211817 -0.376586 0.909506 0.226721 -0.34842 0.945242 0.240033 -0.221137 0.948556 0.261506 -0.178485 0.958497 0.261345 -0.113941 0.953907 0.297399 -0.0402011 0.961834 0.268314 -0.0536967 0.951645 0.306419 0.0218871 0.964836 0.260175 -0.0374095 0.959185 0.282696 0.00690808 0.967189 0.250847 -0.0402673 0.970719 0.228983 -0.0726091 0.972346 0.204304 -0.11315 0.966064 0.133661 -0.221033 0.964355 0.132704 -0.22893 0.936995 0.048536 -0.345953 0.951736 0.090458 -0.293285 0.920957 0.0176373 -0.389266 0.953111 0.0979746 -0.286324 0.927103 0.0301441 -0.373592 0.959687 0.113137 -0.257294 0.924288 0.021447 -0.381092 0.934707 0.0595672 -0.350393 0.91036 -0.0104639 -0.413684 0.92107 0.022218 -0.388762 0.927109 0.0499723 -0.371446 0.914856 -0.000405435 -0.403779 0.934911 0.0566655 -0.350328 0.938923 0.0665277 -0.337637 0.94793 0.0807425 -0.308075 0.949495 0.0784709 -0.303812 0.950334 0.0682312 -0.303659 0.957481 0.085596 -0.275506 0.952266 0.051034 -0.300972 0.95376 0.0398872 -0.29791 0.944791 0.00412218 -0.327647 0.947427 -0.00119923 -0.319968 0.959583 0.0124395 -0.281152 0.934631 -0.0520366 -0.351791 0.957391 -0.022982 -0.287879 0.9848 0.0167659 -0.172883 0.980021 0.0470033 -0.193262 0.998306 0.0581325 -0.00256238 0.995642 0.0809019 -0.0463901 0.98056 0.0658276 0.184849 0.988493 0.0874565 0.123424 0.930232 0.0357751 0.365224 0.954926 0.0622813 0.290238 0.845573 -0.0270222 0.533175 0.893214 0.00895698 0.449543 0.703917 -0.126068 0.699005 0.780477 -0.0956841 0.617818 0.587025 -0.1971 0.785209 0.661804 -0.189368 0.725366 0.473999 -0.261676 0.840744 0.554991 -0.26817 0.787445 -0.594181 0.783066 0.18373 -0.48161 0.857596 0.180501 -0.505753 0.840068 0.19621 -0.614471 0.764232 0.195895 -0.527643 0.823972 0.206552 -0.632153 0.749457 0.196715 -0.559066 0.80347 0.20465 -0.667161 0.723076 0.179046 -0.572168 0.795417 0.199838 -0.67788 0.717118 0.161928 -0.54781 0.806857 0.221104 -0.648807 0.741161 0.172424 -0.701907 0.694576 0.157768 -0.614965 0.763869 0.19576 -0.684633 0.711743 0.157163 -0.720639 0.676903 0.149943 -0.675031 0.723761 0.143187 -0.718391 0.68458 0.123553 -0.71435 0.68027 0.164123 -0.704249 0.70168 0.108069 -0.699717 0.696589 0.158618 -0.677354 0.725833 0.119825 -0.691069 0.709977 0.135491 -0.652509 0.743423 0.146814 -0.707513 0.7037 0.0650484 -0.622194 0.760253 0.186786 -0.710099 0.703802 0.0205257 -0.613614 0.765641 0.193056 -0.695132 0.718089 0.0337618 -0.642179 0.756201 0.125567 -0.680094 0.731469 0.0492458 -0.673665 0.738748 0.0206784 -0.688214 0.725489 -0.00519672 -0.68971 0.720626 -0.0706904 -0.698371 0.711088 -0.0814332 -0.693647 0.708639 -0.129168 -0.69786 0.701514 -0.144463 -0.69315 0.706051 -0.145038 -0.695049 0.698558 -0.170068 -0.686482 0.702357 -0.188247 -0.682779 0.692217 -0.233771 -0.673036 0.695232 -0.252338 -0.662634 0.681656 -0.31026 -0.665532 0.691845 -0.280032 -0.664275 0.688622 -0.290756 -0.622248 0.695483 -0.35932 -0.650162 0.690678 -0.316628 -0.582862 0.692064 -0.425816 -0.626303 0.689565 -0.363655 -0.620172 0.696293 -0.361334 -0.640947 0.685739 -0.34489 -0.652326 0.692663 -0.307716 -0.648014 0.679165 -0.344692 -0.609076 0.679626 -0.408821 -0.590369 0.670091 -0.449936 -0.548102 0.655406 -0.519641 -0.457838 0.637702 -0.619452 -0.426787 0.623773 -0.654797 -0.285305 0.584127 -0.759867 -0.263847 0.573069 -0.775871 -0.147237 0.535807 -0.831404 -0.136129 0.526058 -0.839483 -0.034612 0.488542 -0.871853 -0.035757 0.48142 -0.87576 0.0932277 0.433678 -0.896232 -0.0458421 0.500524 -0.864508 0.0982563 0.440563 -0.892329 0.279458 0.369187 -0.886343 0.0762055 0.456445 -0.886482 0.278676 0.380389 -0.881841 0.493927 0.30548 -0.814075 0.227091 0.410156 -0.88329 0.497802 0.319295 -0.806377 0.699676 0.256635 -0.666777 0.643894 0.259522 -0.719756 0.81033 0.235844 -0.536416 0.756234 0.23419 -0.610954 0.887317 0.234724 -0.396956 0.845972 0.225665 -0.483123 0.940491 0.252988 -0.226878 0.915214 0.237345 -0.325654 0.955783 0.290438 -0.0460988 0.949995 0.269174 -0.158285 0.944601 0.319792 0.0739098 0.95534 0.292109 -0.0446977 0.941027 0.320285 0.109024 0.956433 0.291952 0.000297306 0.946713 0.305322 0.102536 0.958865 0.283474 0.014826 0.946969 0.30098 0.11252 0.957469 0.285753 0.0399692 0.946588 0.298138 0.12282 0.958962 0.280356 0.0423374 0.959935 0.272587 0.0649712 0.969823 0.241871 -0.0306887 0.970683 0.239434 -0.0210967 0.973517 0.212247 -0.0849422 0.973277 0.225984 -0.0407757 0.974473 0.202905 -0.0960834 0.974606 0.221982 -0.0294468 0.974 0.215166 -0.0709015 0.975399 0.219879 -0.0158005 0.97432 0.201359 -0.100769 0.957947 0.0874626 -0.273291 0.971595 0.151801 -0.18155 0.941025 0.040108 -0.335953 0.891449 -0.0385607 -0.451477 0.915057 -0.00717382 -0.40326 0.897318 -0.0394605 -0.439618 0.925005 0.00797124 -0.379871 0.918303 -0.0206577 -0.395338 0.948308 0.0554719 -0.312465 0.958785 0.0989629 -0.266341 0.969137 0.177946 -0.170613 0.968805 0.125843 -0.213497 0.956256 0.0502771 -0.288177 0.967698 0.139055 -0.210297 0.946345 0.00343164 -0.32314 0.926655 -0.0573095 -0.371518 0.917442 -0.0861253 -0.388436 0.913056 -0.0897828 -0.397829 0.926503 -0.0796944 -0.367752 0.871577 -0.175382 -0.457816 0.905301 -0.129004 -0.404708 0.961984 -0.0527566 -0.26796 0.958563 -0.0385921 -0.282255 0.993995 -0.00154397 -0.109411 0.989679 0.0129697 -0.142713 0.998975 0.0220794 0.0395095 0.997856 0.0538327 0.0372083 0.978751 0.0232707 0.203729 0.972031 0.0591738 0.227274 0.913661 -0.00524549 0.406442 0.911842 0.0242459 0.409825 0.794166 -0.0634767 0.604377 0.799311 -0.0464499 0.59912 0.66608 -0.135957 0.733385 0.663773 -0.132478 0.736108 0.534049 -0.203066 0.820704 0.550748 -0.200231 0.810299 0.399069 -0.260709 0.879076 0.422434 -0.266109 0.86645 -0.390869 0.90191 0.183795 -0.342862 0.918593 0.196551 -0.370672 0.904027 0.212927 -0.418561 0.885763 0.200577 -0.367604 0.900562 0.232066 -0.424592 0.878977 0.217072 -0.330756 0.90736 0.259421 -0.41065 0.879778 0.239495 -0.336789 0.899182 0.279366 -0.420266 0.870805 0.2551 -0.373869 0.884731 0.27834 -0.437817 0.860356 0.260967 -0.393197 0.873797 0.286139 -0.459636 0.849268 0.259765 -0.532655 0.811874 0.23904 -0.485509 0.837794 0.249763 -0.537874 0.809191 0.236435 -0.603452 0.771371 0.20207 -0.549835 0.804618 0.224211 -0.581641 0.780854 0.227949 -0.658325 0.737907 0.148666 -0.554278 0.788347 0.266993 -0.61582 0.758752 0.212275 -0.550294 0.791374 0.266276 -0.564805 0.775218 0.2829 -0.566644 0.791853 0.227779 -0.559783 0.781558 0.275335 -0.581745 0.789126 0.197112 -0.585409 0.779788 0.221873 -0.610699 0.779179 0.141162 -0.625355 0.76889 0.133188 -0.656916 0.75356 0.0246598 -0.660588 0.749653 0.0405325 -0.665486 0.745811 0.0298941 -0.679136 0.73335 -0.031183 -0.674619 0.737069 0.0402295 -0.683144 0.728891 -0.0450746 -0.669111 0.735444 -0.106833 -0.672582 0.722839 -0.158544 -0.65262 0.71895 -0.239161 -0.673938 0.711606 -0.198555 -0.651768 0.712448 -0.260032 -0.662658 0.707336 -0.246089 -0.648865 0.703492 -0.289955 -0.654778 0.698754 -0.288112 -0.586976 0.695779 -0.413945 -0.591427 0.695861 -0.40742 -0.527683 0.686149 -0.500749 -0.542342 0.687413 -0.483041 -0.592419 0.703585 -0.392438 -0.606967 0.70097 -0.374477 -0.648458 0.712879 -0.267033 -0.652308 0.706024 -0.275727 -0.609382 0.703576 -0.365561 -0.619051 0.691276 -0.372712 -0.500794 0.66092 -0.558918 -0.485478 0.650376 -0.584228 -0.467771 0.643315 -0.606083 -0.357073 0.614185 -0.703758 -0.313609 0.595202 -0.739854 -0.247858 0.577748 -0.777671 -0.180866 0.552578 -0.8136 -0.0870377 0.518766 -0.850474 -0.30772 0.600976 -0.737656 -0.144522 0.542131 -0.827772 0.0298654 0.477236 -0.878267 -0.18672 0.559374 -0.807611 -0.00961714 0.495143 -0.868758 0.161458 0.436131 -0.88528 -0.0264038 0.507089 -0.861489 0.132473 0.450899 -0.88269 0.352472 0.385869 -0.852566 0.428842 0.356979 -0.829856 0.662291 0.291309 -0.690296 0.705904 0.268811 -0.655317 0.840214 0.234911 -0.488731 0.839129 0.232567 -0.491706 0.918377 0.221842 -0.327674 0.912018 0.227304 -0.341404 0.959643 0.23081 -0.160663 0.95576 0.241976 -0.167245 0.966315 0.25718 0.00971612 0.961397 0.274832 0.0135025 0.949728 0.285604 0.128247 0.943457 0.3053 0.129156 0.945863 0.289574 0.146596 0.941741 0.306095 0.13939 0.959803 0.265977 0.0896332 0.953497 0.284948 0.0982221 0.970752 0.238575 0.0268856 0.960411 0.268928 0.0727149 0.97271 0.231841 0.00917323 0.960768 0.266488 0.0768692 0.973104 0.230285 0.00613802 0.968069 0.247683 0.0386826 0.977027 0.210668 -0.0322264 0.975641 0.215216 -0.0425101 0.978916 0.190967 -0.0724891 0.976075 0.201849 -0.0808402 0.979166 0.187181 -0.0787189 0.975875 0.209077 -0.0628826 0.978953 0.190567 -0.0730453 0.977545 0.204342 -0.0514876 0.977972 0.184639 -0.0973624 0.979531 0.184266 -0.081023 0.978293 0.199682 -0.055405 0.980616 0.1649 -0.105831 0.977268 0.146439 -0.153306 0.96288 0.0934597 -0.253232 0.974727 0.111208 -0.193755 0.960215 0.0637906 -0.271878 0.915677 -0.0185346 -0.401487 0.979106 0.131909 -0.154762 0.967358 0.0927648 -0.235823 0.967811 0.104697 -0.228867 0.968973 0.244314 -0.0374493 0.963292 0.263582 -0.0509314 0.965621 0.244877 -0.0872371 0.96866 0.226075 -0.1029 0.971087 0.177194 -0.159978 0.955121 0.0367102 -0.293933 0.955431 0.04192 -0.292224 0.911441 -0.0879572 -0.40192 0.865485 -0.175301 -0.469261 0.886648 -0.142996 -0.439782 0.837234 -0.217908 -0.501553 0.835011 -0.226115 -0.501626 0.850289 -0.184685 -0.492849 0.817186 -0.234733 -0.52641 0.838952 -0.218726 -0.498315 0.875892 -0.178013 -0.44847 0.930408 -0.122849 -0.345324 0.944473 -0.0906919 -0.315825 0.988109 -0.0237413 -0.151914 0.993706 -0.0019813 -0.112007 0.994559 -0.0427875 -0.0949855 0.999884 -0.000551236 -0.0152119 0.997934 -0.0428751 0.0478413 0.992525 -0.00192902 0.122023 0.951874 -0.0473749 0.302805 0.933188 -0.0160747 0.359028 0.837354 -0.0910254 0.539029 0.813725 -0.067064 0.577368 0.686226 -0.162239 0.709065 0.673657 -0.140896 0.725489 0.530737 -0.233979 0.814599 0.525472 -0.212268 0.823906 0.381283 -0.300723 0.874179 0.386218 -0.274668 0.880564 -0.339483 0.920725 0.192396 -0.363636 0.915717 0.170975 -0.361193 0.915741 0.175947 -0.346309 0.916615 0.199716 -0.333851 0.923863 0.18714 -0.332849 0.918811 0.212127 -0.306724 0.928411 0.209698 -0.297224 0.92479 0.237532 -0.296225 0.925301 0.236787 -0.298082 0.919082 0.257749 -0.281844 0.918835 0.276234 -0.314781 0.909134 0.272741 -0.217226 0.900229 0.37736 -0.299694 0.899008 0.319324 -0.132869 0.851825 0.506695 -0.264269 0.879491 0.395801 -0.400406 0.866068 0.299336 -0.248665 0.855262 0.454634 -0.427999 0.856471 0.288572 -0.526343 0.824923 0.206071 -0.493705 0.839704 0.226168 -0.587685 0.801192 0.112775 -0.578371 0.796549 0.176059 -0.648528 0.761179 0.00414462 -0.605119 0.786793 0.121607 -0.603246 0.787232 0.127908 -0.59044 0.792123 0.154666 -0.598529 0.787147 0.148871 -0.613343 0.782497 0.107275 -0.639426 0.768813 0.00780441 -0.641944 0.76666 0.0118114 -0.654577 0.752416 0.0734721 -0.6553 0.755366 0.00206609 -0.66608 0.74571 0.0159401 -0.664146 0.746584 -0.0390339 -0.669725 0.742253 -0.0229853 -0.64607 0.733814 -0.210025 -0.645983 0.730843 -0.220397 -0.636678 0.722768 -0.26879 -0.644563 0.720769 -0.255012 -0.612895 0.713791 -0.338912 -0.631296 0.711169 -0.309362 -0.577555 0.698781 -0.42206 -0.583813 0.695759 -0.418427 -0.547396 0.689339 -0.47452 -0.53628 0.68623 -0.491419 -0.567333 0.702502 -0.429679 -0.577822 0.704743 -0.411654 -0.591974 0.71151 -0.378578 -0.624368 0.716661 -0.310743 -0.565162 0.704721 -0.428905 -0.592856 0.711095 -0.377976 -0.528866 0.696963 -0.484297 -0.510485 0.679548 -0.526896 -0.453243 0.668971 -0.589108 -0.429177 0.650964 -0.626141 -0.408786 0.635182 -0.655315 -0.32685 0.610879 -0.721108 -0.306392 0.607196 -0.733101 -0.186286 0.561426 -0.806287 -0.309496 0.617579 -0.723055 -0.159348 0.554565 -0.816741 -0.0212601 0.510183 -0.859803 -0.140733 0.553697 -0.82074 -0.000173693 0.506002 -0.862532 0.140161 0.461258 -0.876125 0.129664 0.46042 -0.87818 0.303499 0.413599 -0.858385 0.313317 0.405419 -0.858759 0.590345 0.326162 -0.738316 0.617718 0.314983 -0.720563 0.84489 0.237358 -0.479397 0.839607 0.238999 -0.487791 0.941114 0.213979 -0.261756 0.927525 0.217867 -0.303695 0.971132 0.225571 -0.0775902 0.965756 0.226034 -0.127377 0.963107 0.252676 0.0926239 0.9663 0.253292 0.0459181 0.929373 0.284699 0.234974 0.942274 0.283943 0.177471 0.894381 0.303444 0.328641 0.925173 0.297199 0.236068 0.888445 0.300662 0.346796 0.934224 0.284374 0.215306 0.90797 0.282598 0.309402 0.953201 0.259446 0.155226 0.935463 0.260086 0.2393 0.967347 0.23622 0.0918719 0.951184 0.242214 0.191261 0.969498 0.231274 0.0811522 0.954895 0.227798 0.190485 0.971861 0.224196 0.0722602 0.96233 0.213537 0.168296 0.975775 0.213543 0.0475729 0.970989 0.200136 0.130867 0.979205 0.201784 0.0210157 0.980535 0.189857 0.0500459 0.980782 0.193536 -0.0247134 0.982165 0.180913 -0.0512085 0.978789 0.186119 -0.0856253 0.984058 0.171128 -0.0484271 0.982993 0.171519 -0.0656233 0.982084 0.170677 -0.0798782 0.985753 0.163981 0.0374336 0.986197 0.164988 0.0139797 0.985775 0.156631 -0.060955 0.980791 0.172035 0.0919376 0.9837 0.175511 0.0391328 0.985567 0.149007 -0.0803422 0.978337 0.195906 0.0669161 0.977318 0.209465 0.0311997 0.977132 0.21249 -0.00781886 0.979825 0.191896 -0.0558447 0.976395 0.190817 -0.101201 0.968424 0.222779 -0.111913 0.968411 0.121357 -0.217838 0.966614 0.107603 -0.232547 0.96572 0.107611 -0.236228 0.984365 0.142247 -0.103878 0.977303 0.0859976 -0.193607 0.952487 -0.0152704 -0.304196 0.98879 0.10573 -0.105432 0.963017 0.00241444 -0.269431 0.907226 -0.10723 -0.406747 0.977667 0.103884 -0.18269 0.922924 -0.0190999 -0.384508 0.812827 -0.196202 -0.548468 0.911044 0.0415853 -0.410207 0.766646 -0.267821 -0.583546 0.723401 -0.29022 -0.626469 0.793039 -0.253523 -0.55391 0.815302 -0.228881 -0.53188 0.891818 -0.160442 -0.422989 0.899618 -0.164471 -0.404519 0.954021 -0.0863501 -0.287034 0.948946 -0.135182 -0.285004 0.980366 -0.0756263 -0.182108 0.989356 -0.109979 -0.0952852 0.997568 -0.0654841 -0.023863 0.979865 -0.100755 0.172372 0.973368 -0.0655584 0.219674 0.883487 -0.135162 0.448532 0.868663 -0.104227 0.484316 0.731735 -0.196243 0.652728 0.708574 -0.177035 0.683068 0.582846 -0.267882 0.767157 0.554514 -0.249978 0.793741 0.437074 -0.35161 0.827851 0.398229 -0.329526 0.856053 -0.42597 0.897667 0.112886 -0.49478 0.867853 0.0449798 -0.484718 0.873753 0.0400638 -0.430797 0.895125 0.114743 -0.444456 0.895075 0.0360407 -0.397079 0.909864 0.120312 -0.377443 0.924298 0.0566584 -0.351517 0.925518 0.140898 -0.289186 0.949471 0.121972 -0.297503 0.937546 0.180276 -0.181558 0.952299 0.24528 -0.230034 0.937917 0.259607 -0.096227 0.921543 0.376163 -0.131705 0.901065 0.413201 -0.159221 0.976446 0.145607 -0.0805878 0.964658 0.250878 -0.124232 0.992235 0.00605178 -0.0317551 0.987261 0.155906 0.0303606 0.904678 0.425012 0.0166109 0.980136 0.197631 0.0193651 0.905905 0.423038 -0.0391532 0.822231 0.567805 0.0544975 0.92816 0.368171 0.00611131 0.917466 0.397767 -0.102596 0.910357 0.400905 -0.182874 0.755287 0.629364 0.0639404 -0.665534 -0.743623 -0.164493 -0.653954 -0.738435 0.0326165 -0.569299 -0.821483 0.263002 -0.526659 -0.808369 0.208425 -0.502752 -0.838928 0.402281 -0.451121 -0.796655 0.549796 -0.38924 -0.739065 0.650903 -0.333675 -0.681899 0.520613 -0.39744 -0.755648 0.651854 -0.336228 -0.679733 0.729968 -0.288876 -0.619434 0.763054 -0.283642 -0.580772 0.834068 -0.220036 -0.50588 0.892737 -0.227955 -0.38866 0.924961 -0.170326 -0.339758 0.975012 -0.189331 -0.116217 0.98446 -0.137634 -0.109065 0.965009 -0.184792 0.186036 0.978745 -0.131951 0.156992 0.859839 -0.204607 0.467774 0.87946 -0.16042 0.448124 0.72383 -0.238449 0.647466 0.730747 -0.212169 0.64884 0.559153 -0.288891 0.777104 0.598305 -0.267331 0.755358 0.325421 -0.358656 0.87491 0.414387 -0.355016 0.838002 -0.438547 0.898637 -0.0113409 -0.289736 0.956354 -0.0379579 -0.267184 0.96272 -0.04222 -0.421048 0.906937 -0.0135684 -0.247989 0.967718 -0.0449839 -0.389421 0.920937 -0.0150532 -0.238123 0.96976 -0.053499 -0.348673 0.937159 -0.0126566 -0.2023 0.978151 -0.0478995 -0.264694 0.963344 0.0436427 -0.147753 0.987253 -0.0591583 -0.120617 0.990854 -0.0604993 -0.0442973 0.998836 0.0190778 -0.0233732 0.999575 0.0174107 0.0489358 0.988133 0.145599 0.0757869 0.957356 0.278792 0.0797151 0.985584 0.149228 0.0832912 0.970169 0.227671 0.0704693 0.965686 0.249968 0.057482 0.992031 0.112118 0.0396034 0.980223 0.193893 -0.0195121 0.956873 0.289849 0.030197 0.954506 0.296658 -0.100732 0.928954 0.356225 -0.0402507 0.942381 0.332112 -0.258097 -0.627929 -0.734228 -0.188879 -0.673136 -0.714991 0.0401549 -0.604254 -0.795779 -0.0599639 -0.581058 -0.81165 0.294956 -0.522082 -0.80027 0.176734 -0.514505 -0.839077 0.526641 -0.434976 -0.730373 0.423633 -0.435623 -0.794209 0.407428 -0.429215 -0.806087 0.628261 -0.360424 -0.68948 0.60675 -0.356791 -0.71032 0.670686 -0.33543 -0.661564 0.820267 -0.289564 -0.49327 0.860372 -0.263324 -0.436371 0.955952 -0.245006 -0.16164 0.965593 -0.222579 -0.134493 0.959263 -0.229046 0.165386 0.95666 -0.215965 0.195348 0.873431 -0.232957 0.427609 0.853635 -0.22841 0.468119 0.736097 -0.255491 0.626807 0.728272 -0.253382 0.636723 0.536017 -0.298571 0.789646 0.549878 -0.29697 0.780668 0.266585 -0.357134 0.895203 0.278855 -0.358791 0.890791 -0.21195 0.975495 -0.0590405 -0.208689 0.974216 -0.0857413 -0.171917 0.981333 -0.0861935 -0.170583 0.98351 -0.0600866 -0.140982 0.986895 -0.0785004 -0.147505 0.987605 -0.0536503 -0.0947511 0.993919 -0.0561062 -0.111168 0.988767 -0.0999088 -0.0500326 0.997374 -0.0523659 0.0311662 0.998873 0.0358052 -0.041909 0.994681 -0.094087 0.0182034 0.999654 -0.0189785 0.0477765 0.997928 0.0430963 -0.018205 0.996888 -0.0767053 0.00606769 0.999282 -0.037401 0.0211175 0.998905 0.041743 -0.0517015 0.994544 -0.0906008 -0.0103446 0.998686 0.0501895 -0.0221179 0.967913 0.250309 -0.00492427 0.979802 0.199911 -0.0877427 0.912869 0.398713 -0.0673935 0.943105 0.325594 -0.188812 0.848599 0.494197 -0.18261 0.887422 0.423245 -0.053777 -0.700812 -0.711316 0.0579623 -0.757524 -0.650229 0.23648 -0.678415 -0.69558 0.159483 -0.619474 -0.768646 0.445369 -0.5768 -0.684798 0.386364 -0.534786 -0.751483 0.631616 -0.468661 -0.617591 0.596061 -0.44085 -0.671091 0.781021 -0.370172 -0.50297 0.739996 -0.368697 -0.562555 0.696621 -0.360515 -0.62028 0.884514 -0.293545 -0.362581 0.85545 -0.295399 -0.425376 0.830659 -0.29402 -0.472819 0.965637 -0.236507 -0.107749 0.956255 -0.246299 -0.157837 0.952524 -0.208645 0.221731 0.959931 -0.22454 0.167672 0.846359 -0.206927 0.490773 0.861989 -0.228089 0.452715 0.695465 -0.22001 0.684049 0.707295 -0.248072 0.661963 0.499737 -0.250511 0.829161 0.527354 -0.282174 0.801421 0.250912 -0.281191 0.926269 0.277183 -0.326481 0.903648 -0.179663 0.977919 -0.106747 -0.117477 0.983212 -0.139622 -0.091669 0.986449 -0.136067 -0.142958 0.98345 -0.111303 -0.0797828 0.989104 -0.123728 -0.161822 0.970552 -0.178445 -0.125667 0.978283 -0.164833 -0.0670881 0.990038 -0.123786 -0.237493 0.949022 -0.207256 -0.148104 0.973815 -0.172479 -0.10166 0.98498 -0.139567 -0.251601 0.947572 -0.196987 -0.173602 0.97234 -0.156258 -0.0833519 0.995872 -0.0359495 -0.204673 0.973804 -0.0990653 -0.0958784 0.994169 0.0493452 -0.0189719 0.967963 0.250376 -0.0357491 0.986783 0.158054 0.00269031 0.886147 0.463397 -0.0410765 0.938889 0.341761 -0.0324537 0.771177 0.635793 -0.0910662 0.868192 0.487801 -0.123063 0.641598 0.757104 -0.181791 0.783726 0.593907 0.178147 -0.781735 -0.597623 0.413238 -0.747379 -0.520248 0.504017 -0.671141 -0.543632 0.338126 -0.687378 -0.642793 0.651187 -0.542101 -0.531115 0.524678 -0.576726 -0.62618 0.796722 -0.398836 -0.454052 0.701657 -0.451915 -0.550863 0.887808 -0.298234 -0.350505 0.835629 -0.340287 -0.431195 0.961882 -0.192415 -0.194318 0.930666 -0.240683 -0.275559 0.906552 -0.273625 -0.321391 0.98983 -0.137685 -0.0357761 0.978727 -0.192851 -0.0700083 0.972031 -0.223977 -0.0706457 0.952523 -0.144051 0.268235 0.951393 -0.190171 0.242254 0.820061 -0.125134 0.558427 0.835056 -0.184144 0.518433 0.686568 -0.131221 0.715126 0.681417 -0.193049 0.705977 0.528257 -0.156543 0.834529 0.494177 -0.217774 0.841643 0.335388 -0.209313 0.918533 0.275567 -0.249877 0.928237 -0.180549 0.967578 -0.176618 -0.356984 0.910866 -0.207087 -0.305839 0.927339 -0.21565 -0.482892 0.849147 -0.213926 -0.422207 0.877152 -0.228791 -0.342063 0.912397 -0.224776 -0.4531 0.869501 -0.19664 -0.382122 0.90214 -0.200312 -0.316595 0.93071 -0.183156 -0.386306 0.91396 -0.124274 -0.337042 0.932939 -0.126603 -0.21902 0.974552 -0.0477379 0.0107694 0.963312 0.268167 -0.0939561 0.989036 0.113927 0.134052 0.860893 0.490808 0.00785321 0.939191 0.343305 0.193594 0.696044 0.691407 0.0506517 0.821623 0.567777 0.202273 0.504728 0.839247 0.0234984 0.663256 0.748024 0.169441 0.282154 0.944287 -0.0269503 0.506536 0.861797 0.62692 -0.645169 -0.436724 0.820284 -0.472263 -0.322647 0.3233 0.105128 0.940439 0.963306 -0.205488 -0.172675 0.542096 -0.0423396 0.839249 0.996072 0.0490071 0.0737434 0.998489 -0.054345 -0.00809391 0.982368 -0.154864 -0.104739 0.852904 0.280138 0.440541 0.969881 0.0977458 0.223106 0.994649 0.00164159 0.103302 0.994938 -0.0926822 -0.0388508 0.936077 -0.245316 -0.25215 0.831728 0.218711 0.510288 0.933744 0.124253 0.335685 0.978422 0.0335673 0.203874 0.995864 -0.0620635 0.0663527 0.81131 0.176588 0.557308 0.890924 0.0981792 0.443413 0.929205 0.0149365 0.369263 0.952969 -0.0605055 0.296966 0.803449 0.0441074 0.593738 0.816297 -0.0487797 0.575569 0.650764 0.0360524 0.758423 0.681747 -0.0652749 0.72867 0.469736 -0.0137508 0.8827 0.5298 -0.095201 0.842762 0.288759 -0.0861087 0.953521 0.342629 -0.162156 0.925371 0.224103 -0.0195326 0.97437 -0.495296 0.847447 -0.19109 -0.421722 0.902297 -0.0895017 -0.395958 0.912646 -0.101463 -0.253014 0.960591 0.115101 -0.312464 0.946449 0.0812472 0.0908053 0.919924 0.381437 -0.0320651 0.952093 0.304121 0.435972 0.685344 0.583294 0.285983 0.809016 0.513525 0.617302 0.357536 0.70079 0.462863 0.60027 0.652252 0.334195 0.735366 0.589534 0.156013 0.872119 0.463754 0.632554 0.102199 0.767744 0.617328 0.357583 0.700743 0.396904 0.320662 0.860025 0.645799 0.255499 0.719488 0.265491 0.18476 0.946244 0.157356 0.0780183 0.984455 0.92611 0.317679 -0.203473 0.975384 0.220209 0.0115825 0.874547 0.473346 0.105411 0.293875 -0.183582 0.938048 0.515744 0.0237877 0.856412 0.409565 0.370225 0.83378 0.651621 0.247978 0.716866 0.457299 0.42007 0.783849 0.12363 0.705908 0.69743 0.129282 0.680148 0.721585 -0.257273 0.814487 0.520021 -0.165085 0.813905 0.557051 -0.223083 0.824022 0.52079 -0.111187 0.814542 0.569349 -0.333743 0.823575 0.458628 -0.323896 0.843779 0.427935 -0.340713 0.808881 0.479192 -0.414771 0.819997 0.394424 -0.362605 0.810176 0.460578 -0.425609 0.819865 0.382986 -0.410533 0.826904 0.384307 -0.422961 0.827379 0.369524 -0.441711 0.832137 0.335321 -0.47968 0.837285 0.262416 -0.476254 0.840547 0.258192 -0.509508 0.836727 0.200723 -0.454753 0.826584 0.331601 -0.567473 0.819971 0.0749766 -0.547001 0.821181 0.162642 -0.610052 0.78322 -0.12001 -0.607048 0.794618 0.00863539 -0.591034 0.792843 0.148589 -0.59055 0.783036 0.195204 -0.625147 0.777352 0.0701112 -0.62284 0.782349 0.00111512 -0.631765 0.77419 -0.0387798 -0.637502 0.768601 0.053326 -0.641962 0.76553 0.0429861 -0.649792 0.759097 -0.0392692 -0.651723 0.755352 -0.0685579 -0.642386 0.743337 -0.18652 -0.642876 0.737811 -0.205779 -0.633774 0.723721 -0.273055 -0.630783 0.721712 -0.285035 -0.627135 0.723113 -0.289499 -0.603794 0.716737 -0.348887 -0.593875 0.720131 -0.358781 -0.576755 0.70525 -0.412282 -0.585738 0.711152 -0.388811 -0.563299 0.695307 -0.446365 -0.564295 0.701981 -0.434505 -0.557649 0.697279 -0.450366 -0.536147 0.691059 -0.484752 -0.556316 0.701403 -0.445586 -0.49121 0.669573 -0.557121 -0.5308 0.69012 -0.491921 -0.524462 0.697411 -0.488423 -0.535739 0.703499 -0.466983 -0.510339 0.704902 -0.492613 -0.488504 0.691346 -0.532357 -0.330891 0.634635 -0.698391 -0.527461 0.706759 -0.471463 -0.370831 0.659477 -0.653892 -0.129914 0.555527 -0.821287 -0.41409 0.675036 -0.610619 -0.164271 0.581625 -0.796698 0.0418537 0.499399 -0.865361 0.0296316 0.498051 -0.866641 0.164758 0.455596 -0.874807 0.151457 0.458991 -0.875436 0.279887 0.417671 -0.864416 0.294285 0.416396 -0.860239 0.534072 0.335628 -0.775964 0.571472 0.327227 -0.752557 0.834881 0.225625 -0.502063 0.848838 0.226075 -0.477875 0.946672 0.196542 -0.255309 0.950414 0.201283 -0.23706 0.975347 0.211351 -0.063472 0.975085 0.215841 -0.0511994 0.970293 0.233538 0.0631751 0.966351 0.240272 0.0918372 0.958187 0.251347 0.136754 0.941205 0.266416 0.207738 0.94302 0.263807 0.202781 0.906245 0.285094 0.312156 0.930518 0.267488 0.250173 0.886139 0.286037 0.364609 0.931734 0.26032 0.253191 0.899459 0.272683 0.341493 0.942512 0.247997 0.223983 0.923314 0.255824 0.286435 0.953379 0.234507 0.189935 0.942069 0.239015 0.235326 0.960285 0.220743 0.170664 0.949379 0.222717 0.221534 0.963789 0.206825 0.168329 0.954682 0.207566 0.213305 0.966771 0.193034 0.167607 0.962562 0.194353 0.188948 0.97465 0.181201 0.131242 0.976023 0.185323 0.114169 0.983887 0.171217 0.0514975 0.984395 0.175932 0.00378958 0.986801 0.161839 0.00567489 0.985586 0.166636 -0.0292082 0.987059 0.157066 0.0323333 0.986806 0.158676 0.0321845 0.986011 0.160793 0.0439166 0.987491 0.152326 0.0407221 0.985907 0.156356 0.0594925 0.983415 0.16191 0.0817273 0.989094 0.147085 0.00773773 0.986257 0.160629 0.0386775 0.981606 0.175623 0.0748727 0.987664 0.156466 0.00626598 0.984607 0.174413 0.0114149 0.981237 0.191844 -0.0192452 0.9713 0.195128 0.136017 0.983041 0.182131 0.0214469 0.981016 0.156134 -0.11502 0.918107 0.24298 0.313113 0.962022 0.218936 0.163034 0.981995 0.18821 0.0162197 0.890374 0.282771 0.356755 0.933087 0.257683 0.250897 0.978387 0.192842 0.0746416 0.874113 0.343521 0.343395 0.942073 0.277465 0.188446 0.699886 0.527809 0.481224 0.771522 0.523369 0.361716 0.829935 0.345613 0.437904 0.656442 0.496987 0.567527 0.673236 0.382053 0.633079 0.656229 0.483114 0.579625 0.476742 0.581979 0.6588 0.499857 0.518471 0.693781 0.0613729 0.767891 0.637633 0.0864559 0.743249 0.663405 0.437945 0.663016 0.607136 0.0719061 0.790644 0.608039 0.369293 0.729373 0.57588 0.0529568 0.820874 0.568648 -0.469514 0.837748 0.278809 0.015367 0.840052 0.542288 -0.463672 0.848783 0.254118 -0.529481 0.834037 0.155022 -0.52645 0.838135 0.142758 -0.554699 0.831326 0.03474 -0.549794 0.830719 0.0873651 -0.578216 0.811915 -0.0803719 -0.585467 0.810243 -0.0271099 -0.60769 0.787287 -0.10436 -0.601826 0.787913 -0.130382 -0.616321 0.773915 -0.145614 -0.619078 0.771482 -0.146826 -0.63052 0.776148 -0.00623952 -0.632954 0.77417 -0.00554114 -0.633769 0.773266 0.0198886 -0.628119 0.777597 0.0284512 -0.639334 0.768878 0.00891586 -0.644084 0.764944 0.00418241 -0.622286 0.745615 -0.238367 -0.633256 0.745933 -0.206327 -0.595727 0.717158 -0.361655 -0.622829 0.724826 -0.294467 -0.623461 0.72578 -0.290758 -0.638633 0.727217 -0.251599 -0.633293 0.735253 -0.241543 -0.627337 0.731703 -0.26657 -0.606125 0.729479 -0.316975 -0.603907 0.722916 -0.33569 -0.564909 0.709542 -0.421221 -0.576369 0.709379 -0.405685 -0.561023 0.708164 -0.42867 -0.556547 0.703935 -0.441283 -0.526309 0.691951 -0.49417 -0.488916 0.671229 -0.557147 -0.527526 0.693016 -0.491371 -0.509316 0.687331 -0.517855 -0.540214 0.706278 -0.457538 -0.568986 0.701628 -0.428922 -0.573043 0.70733 -0.413893 -0.449436 0.685918 -0.572297 -0.617192 0.696236 -0.366508 -0.505453 0.69548 -0.510711 -0.2648 0.64291 -0.718713 -0.204666 0.609844 -0.765639 -0.0111027 0.554761 -0.831936 0.0245519 0.522271 -0.852426 0.16472 0.482671 -0.860172 0.166806 0.464774 -0.869575 0.268163 0.434169 -0.859992 0.263754 0.422074 -0.867345 0.428482 0.361275 -0.828181 0.470032 0.344072 -0.812825 0.746628 0.251459 -0.615886 0.793937 0.235297 -0.560625 0.910017 0.202193 -0.36192 0.930181 0.19717 -0.309656 0.957455 0.199205 -0.208802 0.969717 0.208428 -0.127303 0.97353 0.213726 -0.0809921 0.973476 0.228728 0.00529786 0.975677 0.218585 -0.0165916 0.969492 0.237485 0.0607116 0.976404 0.215716 0.0101424 0.965912 0.240632 0.0954495 0.976432 0.213677 0.0303871 0.962532 0.241189 0.123935 0.976226 0.212503 0.0427296 0.962898 0.23698 0.129103 0.977044 0.208895 0.0418131 0.966099 0.229817 0.117633 0.978784 0.201817 0.0353753 0.969762 0.220666 0.104246 0.980351 0.193631 0.0376589 0.972693 0.210474 0.0978235 0.980515 0.188182 0.0563701 0.97451 0.200166 0.101314 0.981821 0.179141 0.0627413 0.976103 0.189488 0.106379 0.983933 0.168458 0.0591466 0.978743 0.178234 0.101465 0.986707 0.156755 0.0428527 0.983546 0.167546 0.0675672 0.987138 0.152322 0.0485482 0.98693 0.15765 0.0333945 0.982478 0.161567 0.0929098 0.986574 0.155791 0.0489977 0.978873 0.168136 0.11635 0.986215 0.153382 0.0620797 0.987884 0.150348 0.0384908 0.991285 0.131091 0.0129884 0.990556 0.13692 0.0072382 0.990182 0.139672 0.00561955 0.991825 0.127316 -0.00858486 0.991252 0.131939 -0.00327046 0.99076 0.135312 -0.00923488 0.986971 0.141189 0.0771636 0.978877 0.162889 0.123559 0.968011 0.187661 0.166549 0.898763 0.221466 0.378388 0.852321 0.249468 0.459689 0.861468 0.25472 0.439307 0.770603 0.280116 0.572456 0.78826 0.29814 0.538293 0.84598 0.294537 0.444485 0.765592 0.313009 0.562044 0.802753 0.326617 0.498908 0.612216 0.390259 0.687669 0.635427 0.434026 0.638634 0.615061 0.62095 0.485923 0.556213 0.681658 0.475362 0.731756 0.280196 0.621307 0.584439 0.347388 0.733316 0.482165 0.748967 0.454494 0.30038 0.771219 0.561242 0.415364 0.802972 0.427445 0.246704 0.801033 0.545421 -0.0104917 0.850172 0.5264 0.198206 0.834213 0.51459 0.0121028 0.843528 0.536949 0.180182 0.856939 0.482898 0.0445885 0.846204 0.530991 0.136628 0.899703 0.414569 0.0183537 0.880792 0.473147 -0.0350785 0.876058 0.480928 -0.0420933 0.932033 0.35992 -0.0813022 0.922922 0.376305 -0.125351 0.914939 0.383633 -0.10392 0.880374 0.462755 -0.148318 0.90091 0.407877 -0.146736 0.872753 0.465587 -0.140309 0.830522 0.539023 -0.180286 0.846337 0.501209 -0.263473 0.877802 0.400058 -0.331377 0.895204 0.297991 -0.225454 0.767111 0.600592 -0.260986 0.886774 0.381469 -0.302509 0.930592 0.206124 -0.356188 0.916602 0.181577 -0.409741 0.893647 0.183047 -0.451011 0.862291 0.230312 -0.463096 0.874108 0.146551 -0.491518 0.86842 0.0652543 -0.525144 0.850465 0.0305613 -0.540768 0.812351 0.218301 -0.543659 0.836963 0.0626663 -0.556029 0.830334 -0.0371115 -0.589213 0.797474 0.129858 -0.59091 0.80572 -0.0405068 -0.606069 0.767838 0.20762 -0.618286 0.785774 0.0167866 -0.630184 0.775969 -0.0272195 -0.63163 0.77364 -0.0502487 -0.634598 0.771897 -0.0382145 -0.626578 0.754621 -0.1948 -0.619976 0.74979 -0.231179 -0.617001 0.734508 -0.282502 -0.593491 0.720679 -0.358315 -0.642035 0.725857 -0.246826 -0.620461 0.720254 -0.310262 -0.646969 0.727323 -0.228983 -0.633951 0.727553 -0.262244 -0.612013 0.72814 -0.308629 -0.602633 0.725198 -0.333048 -0.545213 0.719735 -0.429796 -0.544956 0.710776 -0.444769 -0.509369 0.71631 -0.47691 -0.525957 0.707075 -0.472667 -0.543517 0.706816 -0.452769 -0.538847 0.703503 -0.463387 -0.601327 0.699629 -0.385908 -0.562263 0.716315 -0.413223 -0.647835 0.689475 -0.323935 -0.672458 0.679495 -0.293405 -0.711083 0.65804 -0.24768 -0.719552 0.652424 -0.237883 -0.622736 0.684187 -0.37959 -0.579421 0.692708 -0.429449 -0.418372 0.690676 -0.589857 -0.350183 0.675546 -0.648853 -0.153498 0.645106 -0.748516 -0.0773171 0.603883 -0.793314 0.11463 0.565495 -0.816746 0.146019 0.52309 -0.839676 0.306532 0.492866 -0.814323 0.289541 0.465058 -0.836593 0.485113 0.428158 -0.762461 0.442899 0.400199 -0.802297 0.810968 0.313269 -0.49416 0.752768 0.297788 -0.58708 0.95947 0.243188 -0.142399 0.92001 0.231452 -0.316247 0.967814 0.243399 -0.0639744 0.953026 0.212857 -0.215482 0.970136 0.239101 -0.0408285 0.967986 0.214377 -0.130556 0.973167 0.230082 -0.00284086 0.974581 0.214384 -0.0650439 0.977257 0.211757 0.0112721 0.978204 0.204869 -0.0338433 0.980666 0.195133 -0.0147677 0.981597 0.190881 -0.00560394 0.981233 0.192593 0.00944767 0.984066 0.177791 -0.00200178 0.982609 0.185668 0.00265507 0.986976 0.159585 -0.0202576 0.985212 0.1708 -0.0136234 0.989166 0.145695 -0.0179767 0.985767 0.167367 0.015875 0.988518 0.150646 0.011767 0.986121 0.163098 0.0310394 0.990897 0.131498 -0.0288322 0.988092 0.152515 0.0203251 0.99126 0.114418 -0.0656648 0.990483 0.137591 -0.0035939 0.992759 0.096031 -0.0721686 0.991869 0.127257 -0.000948339 0.98494 0.147912 0.0895267 0.968418 0.176745 0.175864 0.977629 0.162328 0.133758 0.989898 0.133059 0.0489577 0.993637 0.108919 -0.0286682 0.992447 0.118606 -0.0313292 0.987478 0.0673756 -0.142644 0.981989 0.0406533 -0.184515 0.992543 0.087994 -0.0843538 0.993181 0.104197 -0.052296 0.99421 0.0685707 -0.0827348 0.992034 0.110198 -0.0610353 0.992194 0.0834913 -0.0926336 0.989557 0.137788 0.0423178 0.983717 0.149965 0.0990561 0.933961 0.166233 0.31636 0.859957 0.216232 0.462296 0.903814 0.104753 0.414906 0.767999 0.148089 0.623095 0.589497 0.183737 0.786597 0.786378 0.0900511 0.611146 0.578032 0.121932 0.806853 0.280018 0.170712 0.944694 0.365735 0.234747 0.900629 -0.0122415 0.223084 0.974722 0.168318 0.317455 0.933216 -0.166258 -0.634754 0.754616 -0.127692 -0.454794 0.881395 -0.301164 -0.352629 0.885976 -0.362398 -0.471007 0.804251 -0.590739 -0.421793 0.687836 -0.430286 -0.739822 0.51722 -0.856768 -0.17674 0.48447 -0.909897 -0.387858 0.147151 -0.877298 0.383674 0.288345 -0.952787 0.300195 0.0456054 -0.432129 0.893493 0.12221 -0.592668 0.799917 0.0942191 -0.0730533 0.997323 -0.00318099 -0.011544 0.999109 0.0405936 0.737928 -0.167521 -0.653758 0.552781 -0.0235708 -0.832993 0.804112 -0.0272981 -0.59385 0.883646 -0.0468491 -0.465805 0.483874 0.0780117 -0.871654 0.767962 0.0214862 -0.640135 0.460414 0.0914774 -0.882979 0.73694 0.0638638 -0.672935 0.929068 0.0479828 -0.366784 0.717276 0.0627622 -0.693957 0.911011 0.0407724 -0.410361 0.999978 -0.00591368 -0.00315568 0.999948 0.0101346 0.00118218 0.919119 -0.054917 0.390134 0.918192 -0.034058 0.394669 0.739513 -0.0843157 0.667841 0.709443 -0.0523934 0.702813 0.749078 0.0565296 0.660065 0.503498 -0.0787968 0.860396 0.570983 0.0653223 0.818359 0.529618 -0.333381 0.779976 0.50488 -0.139149 0.8519 0.309994 -0.0931662 0.946163 0.350753 -0.264094 0.898458 0.0828428 0.0570597 0.994928 0.054934 -0.00541311 0.998475 -0.08647 -0.0725806 0.993607 -0.207002 -0.0190361 0.978155 -0.405643 0.304836 0.861701 0.0775988 0.117501 0.990036 -0.342889 0.309821 0.886813 -0.667033 0.469906 0.578148 -0.646035 0.476799 0.596071 -0.694061 0.610763 0.381113 -0.668074 0.617496 0.415182 -0.669597 0.734193 0.112248 -0.637791 0.745867 0.192107 -0.590425 0.729214 0.345899 -0.579838 0.713916 0.392569 -0.538762 0.841271 -0.0447154 -0.520284 0.848939 0.0927717 -0.542799 0.811311 0.217125 -0.5834 0.753165 0.303952 -0.57513 0.683133 0.450061 -0.396055 0.917188 -0.0436719 -0.390725 0.90555 -0.165267 -0.269773 0.939978 -0.20896 -0.272167 0.95504 -0.117577 -0.125326 0.962938 -0.238836 -0.12543 0.980787 -0.149415 0.0262221 0.973229 -0.228336 0.0184279 0.991528 -0.128583 0.175519 0.969895 -0.168808 0.183908 0.980516 -0.0690427 -0.139641 0.932024 -0.334412 0.0408258 0.952623 -0.301401 0.149886 0.959573 -0.23823 0.0391734 0.924462 -0.379256 0.190042 0.93283 -0.306125 0.478756 0.0715725 -0.875026 0.494148 0.0623279 -0.867141 0.702943 0.0502708 -0.709468 0.482154 0.0778073 -0.872624 0.713363 0.0538894 -0.698719 0.892461 0.0221127 -0.450582 0.879342 0.0279411 -0.475371 0.997857 -0.0267901 -0.0597011 0.998244 -0.0134764 -0.0576843 0.932191 -0.0661841 0.355865 0.917627 -0.0566667 0.393382 0.748208 -0.0804185 0.658572 0.722461 -0.0827352 0.686443 0.536925 -0.0818649 0.839649 0.528363 -0.0922963 0.843987 0.538134 -0.102904 0.836554 0.533198 0.0398073 0.845053 0.527637 0.0802434 0.845671 0.293244 0.115458 0.94904 0.295006 0.0320334 0.954958 0.0715096 0.168734 0.983064 0.287477 0.179716 0.940776 0.0668395 0.20546 0.97638 -0.269713 0.332932 0.903555 -0.298662 0.322899 0.898074 -0.685231 0.462565 0.562576 -0.688281 0.46018 0.560806 -0.746855 0.560613 0.357659 -0.729338 0.574846 0.37097 -0.726683 0.673112 0.137307 -0.710887 0.69483 0.108865 -0.639551 0.759364 -0.119752 -0.605501 0.784026 -0.136642 -0.568576 0.814873 -0.112711 -0.447901 0.841801 -0.301258 -0.425559 0.865134 -0.265409 -0.299018 0.879582 -0.370033 -0.2859 0.901251 -0.325587 -0.151342 0.90359 -0.400775 -0.310137 0.856697 -0.412172 -0.140744 0.886708 -0.440387 0.0598453 0.90138 -0.428874 -0.146953 0.872425 -0.466132 0.0624954 0.888358 -0.454879 0.278293 0.879358 -0.386372 0.242012 0.901304 -0.359278 0.0282045 0.887175 -0.460571 0.239722 0.882206 -0.405272 0.472046 0.104334 -0.875378 0.427941 0.149525 -0.891352 0.711379 0.115253 -0.693294 0.713729 0.0760844 -0.696278 0.918124 0.0519107 -0.392879 0.906805 0.0308894 -0.420417 0.999649 -0.0264532 -0.00115539 0.999152 -0.0262572 -0.0317169 0.931015 -0.0933575 0.352839 0.936177 -0.077152 0.342957 0.791942 -0.134114 0.595686 0.78143 -0.0996467 0.615985 0.595409 -0.149642 0.789364 0.561561 -0.105802 0.820643 0.556003 0.231578 0.798269 0.578338 0.248765 0.776944 0.294113 0.234908 0.926453 0.278852 0.224821 0.933647 0.535 0.161611 0.829251 0.0373483 0.24053 0.969923 0.0571852 0.238262 0.969516 -0.279913 0.320969 0.90478 -0.260536 0.330714 0.907055 -0.664152 0.438665 0.605371 -0.681082 0.453231 0.575073 -0.751763 0.525039 0.398983 -0.763582 0.54177 0.351322 -0.757835 0.623126 0.193392 -0.749996 0.644803 0.147431 -0.67558 0.730895 -0.0968719 -0.657646 0.742277 -0.128555 -0.520327 0.798653 -0.302347 -0.512964 0.804696 -0.298886 -0.487385 0.818805 -0.303338 -0.32954 0.849065 -0.412906 -0.350871 0.845313 -0.402909 -0.157498 0.874341 -0.459045 -0.395888 0.848579 -0.35098 -0.193766 0.884325 -0.424763 0.00864457 0.901929 -0.431799 -0.238437 0.903245 -0.356786 -0.00305847 0.921818 -0.387612 0.200396 0.919711 -0.3376 0.19737 0.903832 -0.379649 0.413934 0.192228 -0.889779 0.405785 0.25795 -0.876813 0.684329 0.219965 -0.695204 0.697737 0.162045 -0.697785 0.909961 0.126857 -0.394815 0.92152 0.0831129 -0.379333 0.99972 -0.00926646 -0.0217552 0.999759 -0.021416 0.00481029 0.938586 -0.137087 0.316643 0.934054 -0.114314 0.338342 0.795631 -0.230386 0.560262 0.801155 -0.177697 0.571466 0.577955 -0.31057 0.754662 0.605149 -0.222123 0.764497 0.554853 0.270741 0.786662 0.475503 0.25923 0.840653 0.256463 0.215512 0.942221 0.30627 0.233201 0.922939 0.0627508 0.201027 0.977574 0.0525163 0.222847 0.973438 -0.254444 0.252495 0.933544 -0.29201 0.289857 0.911435 -0.607944 0.37377 0.7005 -0.649285 0.410888 0.64 -0.724275 0.466538 0.507708 -0.742052 0.493085 0.454122 -0.762406 0.552326 0.337155 -0.766455 0.576653 0.282874 -0.739364 0.662489 0.120207 -0.715792 0.698195 0.0128638 -0.604472 0.78558 -0.132202 -0.561705 0.795468 -0.227417 -0.427075 0.857556 -0.286714 -0.609774 0.79109 -0.0485076 -0.403415 0.88229 -0.242531 -0.21905 0.923877 -0.313798 -0.382387 0.904105 -0.190721 -0.173395 0.942668 -0.285153 0.0438861 0.953042 -0.299642 0.00761658 0.94451 -0.328394 0.290306 0.922325 -0.255027 0.228152 0.931071 -0.2847 0.387703 0.328455 -0.86128 0.379239 0.390207 -0.838998 0.640694 0.322807 -0.69664 0.640943 0.283753 -0.713215 0.853991 0.223389 -0.469891 0.881055 0.18014 -0.437369 0.988985 0.0645776 -0.133189 0.99791 0.0161515 -0.0625733 0.945252 -0.162962 0.282739 0.945346 -0.150044 0.289496 0.74991 -0.33784 0.568769 0.780589 -0.289051 0.554193 0.526332 -0.445461 0.724251 0.56029 -0.390319 0.730566 0.399796 0.240651 0.884449 0.369328 0.204757 0.906461 0.186261 0.167017 0.9682 0.202301 0.191941 0.960329 0.00680132 0.16799 0.985765 0.011645 0.184422 0.982778 -0.281712 0.229659 0.931609 -0.272328 0.238157 0.932265 -0.623085 0.358826 0.694989 -0.590488 0.355382 0.724588 -0.710158 0.45286 0.539067 -0.700188 0.447054 0.556668 -0.740399 0.556035 0.37767 -0.744589 0.549595 0.378857 -0.719476 0.669114 0.186122 -0.726513 0.664745 0.174049 -0.60955 0.792677 -0.0105999 -0.702718 0.690507 0.171426 -0.596515 0.802602 -0.000584021 -0.391784 0.906497 -0.157379 -0.59283 0.804979 0.023687 -0.400138 0.908261 -0.122277 -0.197756 0.957311 -0.210829 -0.182751 0.952972 -0.241759 -0.00740292 0.970918 -0.239297 0.0150799 0.9636 -0.266924 0.199885 0.955636 -0.216348 0.260174 0.938239 -0.228073 0.365869 0.418972 -0.831025 0.351737 0.42388 -0.83463 0.64133 0.351349 -0.682092 0.640674 0.340962 -0.687955 0.884184 0.20765 -0.41845 0.865496 0.218574 -0.450712 0.996548 0.0190036 -0.0808181 0.995124 0.0278482 -0.0946199 0.94869 -0.174502 0.263698 0.945711 -0.170236 0.276857 0.769001 -0.334219 0.544918 0.751018 -0.338547 0.566884 0.513269 -0.425014 0.745599 0.513748 -0.439665 0.736721 0.405819 0.167009 0.898565 0.462704 0.128064 0.877214 0.227325 0.0959503 0.96908 0.192124 0.125681 0.97329 0.0257164 0.100532 0.994601 0.00393578 0.130475 0.991444 -0.273523 0.164069 0.947769 -0.267978 0.18936 0.944633 -0.627605 0.307475 0.715242 -0.632221 0.336891 0.697711 -0.731561 0.433664 0.526074 -0.732748 0.451326 0.509299 -0.744212 0.55277 0.374959 -0.742925 0.562756 0.362446 -0.69977 0.690175 0.184339 -0.750943 0.503015 0.427855 -0.716461 0.648618 0.256865 -0.614682 0.783694 0.089381 -0.727831 0.587196 0.354207 -0.648493 0.73558 0.195905 -0.472592 0.880133 0.0449782 -0.423063 0.904899 -0.0466361 -0.242242 0.967843 -0.0678104 -0.216574 0.96683 -0.135406 -0.0499452 0.993022 -0.106835 -0.0362234 0.984763 -0.170089 0.170425 0.98132 -0.0892563 0.177129 0.972395 -0.1519 0.335778 0.444457 -0.830489 0.32885 0.47557 -0.815899 0.632715 0.396144 -0.665388 0.639624 0.369483 -0.674065 0.894487 0.22626 -0.385615 0.889842 0.216287 -0.401748 0.999037 0.00653238 -0.0433813 0.998013 0.0120037 -0.0618524 0.932796 -0.211835 0.291576 0.939436 -0.195457 0.281525 0.734844 -0.392182 0.553352 0.746789 -0.36054 0.558854 0.52258 -0.497203 0.692604 0.522262 -0.449932 0.724433 0.489173 0.0613753 0.870025 0.445802 -0.00385849 0.895123 0.261027 -0.0271178 0.964951 0.266504 0.0307479 0.963343 0.03529 -0.017655 0.999221 0.0442582 0.0350788 0.998404 -0.301227 0.0456178 0.952461 -0.282461 0.102042 0.953836 -0.622404 0.189425 0.759429 -0.635665 0.25459 0.728776 -0.717753 0.309124 0.623917 -0.73248 0.383358 0.562592 -0.748719 0.430573 0.504011 -0.712196 0.245111 0.657798 -0.736241 0.345371 0.581952 -0.73348 0.491875 0.469111 -0.723958 0.330441 0.605552 -0.722892 0.429131 0.541547 -0.686328 0.597633 0.414475 -0.67399 0.660363 0.331147 -0.542186 0.802416 0.249327 -0.508523 0.843515 0.172879 -0.287918 0.950071 0.120287 -0.240881 0.969568 0.0437619 -0.027919 0.997002 0.0721613 -0.0462826 0.998927 -0.00126402 0.141962 0.985634 0.0914975 0.157539 0.987347 0.0181016 0.317736 0.506091 -0.80182 0.313082 0.505801 -0.803832 0.608879 0.427422 -0.668264 0.619523 0.419935 -0.663209 0.878335 0.259773 -0.401304 0.877227 0.256611 -0.405738 0.999831 0.00815633 -0.016449 0.998758 0.0183482 -0.046323 0.925948 -0.210337 0.313654 0.930705 -0.215563 0.295501 0.754377 -0.376001 0.538088 0.727344 -0.410531 0.549941 0.50585 -0.537914 0.674362 0.507417 -0.532555 0.677431 0.395464 -0.122973 0.910212 0.411053 -0.21395 0.886149 0.244733 -0.247697 0.937417 0.255872 -0.142298 0.95618 0.0842294 -0.208316 0.974428 0.0464274 -0.123196 0.991296 -0.268221 -0.117923 0.956113 -0.305796 -0.0467354 0.950949 -0.646721 0.114206 0.754128 -0.628095 0.124708 0.768078 -0.721951 0.264131 0.639548 -0.67285 0.0913956 0.734111 -0.751643 0.328413 0.571995 -0.723407 0.403067 0.560553 -0.76797 0.336431 0.54501 -0.728492 0.460828 0.50689 -0.681234 0.532122 0.502758 -0.700527 0.465482 0.540914 -0.630695 0.636621 0.443775 -0.664421 0.588156 0.461105 -0.529627 0.770884 0.353883 -0.529734 0.785806 0.319204 -0.344889 0.90002 0.266488 -0.323872 0.924171 0.202519 -0.190977 0.951101 0.242766 -0.0890618 0.982048 0.166283 -0.0227179 0.963448 0.26693 0.0937254 0.978193 0.18535 0.357521 0.469273 -0.807441 0.376904 0.388002 -0.841069 0.659062 0.328843 -0.676387 0.630312 0.391043 -0.670666 0.886435 0.212992 -0.410935 0.874705 0.251532 -0.414275 0.997899 0.0438252 -0.0477118 0.998788 0.0359003 -0.0336708 0.937724 -0.136005 0.31965 0.933173 -0.172553 0.3153 0.735407 -0.292867 0.611069 0.739002 -0.352488 0.574132 0.49278 -0.38066 0.782474 0.466869 -0.486085 0.738752 0.450438 -0.36278 0.81578 0.489088 -0.470071 0.734729 0.302822 -0.545467 0.781515 0.262423 -0.396442 0.879754 0.133064 -0.493799 0.859335 0.110707 -0.354722 0.928394 -0.235031 -0.340092 0.910548 -0.234429 -0.234948 0.943315 -0.669053 0.033398 0.742464 -0.359308 -0.408723 0.838954 -0.687966 -0.00302054 0.725737 -0.751547 0.273106 0.600492 -0.644156 -0.143981 0.751221 -0.725284 0.17934 0.66468 -0.697434 0.0785957 0.712326 -0.700832 -0.00401717 0.713315 -0.644355 0.394787 0.654943 -0.577003 0.634823 0.513875 -0.723461 -0.0721194 0.686588 -0.636127 0.37967 0.671709 -0.528145 0.672729 0.518168 -0.416794 0.831 0.368403 -0.533463 0.742165 0.40572 -0.313835 0.878276 0.360748 -0.225214 0.895091 0.384825 0.381055 0.295475 -0.876066 0.683412 0.262328 -0.681273 0.940502 0.122267 -0.317029 0.920328 0.161074 -0.356444 0.999648 0.0255682 0.0071425 0.999243 0.0343294 -0.018322 0.954938 0.0997954 -0.279527 0.992135 0.0292361 0.121711 -0.415843 -0.8934 0.170034 -0.678481 -0.638682 0.362972 -0.657153 -0.592889 0.465438 -0.426124 -0.818341 0.385663 -0.186678 -0.912985 0.362781 -0.113349 -0.97178 0.206872 0.0818334 -0.841394 0.53419 0.264762 -0.873159 0.409261 -0.107315 -0.761517 0.639199 0.0218545 -0.653934 0.756236 0.263724 -0.703116 0.660362 -0.396568 -0.514738 0.760118 0.450904 -0.710441 0.540332 -0.588203 0.659979 0.467381 -0.539403 0.624799 0.564509 -0.596359 0.746863 0.294196 -0.598217 0.777922 0.192287 -0.599223 0.710044 0.369823 -0.58883 0.719965 0.367328 -0.561189 0.6554 0.505489 -0.574717 0.751992 0.322814 -0.548815 0.675784 0.492055 -0.519919 0.637548 0.568522 -0.52167 0.771329 0.36457 -0.521222 0.682195 0.512774 -0.481245 0.784347 0.391412 -0.46256 0.773141 0.433926 -0.432131 0.697059 0.572165 -0.443894 -0.196601 0.874246 -0.291605 -0.262503 0.919815 -0.457755 -0.152686 0.875869 -0.742513 0.0464963 0.668216 -0.716885 0.0180695 0.696957 -0.943962 0.265393 0.196221 -0.936117 0.261996 0.234612 -0.912934 0.400686 -0.0774773 -0.905611 0.420661 -0.0539764 -0.903468 0.427267 0.0344675 -0.889913 0.433953 0.140498 -0.805181 0.535968 -0.253815 -0.798273 0.573647 -0.183547 -0.789619 0.601785 -0.119819 -0.794101 0.604563 -0.0625109 -0.851043 0.51076 0.121862 -0.639569 0.666866 -0.382415 -0.651649 0.699189 -0.294088 -0.671035 0.706094 -0.226149 -0.657417 0.717101 -0.231448 -0.767631 0.636351 -0.0761589 -0.473022 0.786438 -0.397197 -0.500122 0.794241 -0.345051 -0.493804 0.795735 -0.350662 -0.442387 0.794662 -0.415701 -0.616097 0.740255 -0.269159 -0.540887 0.755038 -0.37062 -0.574249 0.731968 -0.36669 -0.435057 0.77917 -0.451243 -0.490051 0.751678 -0.441396 -0.545262 0.750787 -0.372838 -0.553976 0.756822 -0.346887 -0.593952 0.713426 -0.371812 -0.509937 0.729226 -0.456282 -0.553966 0.734485 -0.391986 -0.638154 0.725611 -0.257386 -0.663387 0.719467 -0.205632 -0.682323 0.714984 -0.152422 -0.726789 0.684098 -0.0615424 -0.77586 0.630182 0.0301951 -0.710712 0.691149 -0.131157 -0.80126 0.595446 0.0585359 -0.749517 0.657413 -0.0776685 -0.822373 0.564391 0.0718651 -0.812008 0.56325 0.152948 -0.840137 0.491508 0.229325 -0.796376 0.579516 0.173054 -0.828902 0.476617 0.292844 -0.74041 0.663011 0.110498 -0.784443 0.588108 0.196922 -0.754535 0.649512 0.0938667 -0.701072 0.712509 -0.0287944 -0.783258 0.611404 0.112655 -0.733024 0.680165 -0.00719821 -0.686612 0.714612 -0.133771 -0.658459 0.735674 -0.158795 -0.453522 0.747821 -0.484852 -0.24246 0.798848 -0.550505 -0.434073 0.694306 -0.574039 -0.203433 0.747769 -0.632025 0.0325637 0.785469 -0.618044 -0.00275086 0.845301 -0.534283 0.320433 0.793139 -0.517933 0.269802 0.868089 -0.416687 0.434998 0.146464 -0.88844 0.390948 0.245286 -0.887127 0.690633 0.201086 -0.694688 0.714389 0.114452 -0.690326 0.790564 0.00094639 -0.612379 0.538517 -0.0769233 -0.839096 0.885036 0.133855 -0.445864 0.935645 0.0702447 -0.345881 0.959559 0.0442978 -0.278 0.989348 0.10894 -0.0965531 0.985594 0.103847 -0.133493 0.978253 0.0760046 -0.192985 0.986228 0.130098 -0.102126 0.991137 0.130243 -0.026138 0.98757 0.0869149 -0.130964 0.989627 0.132528 -0.0554406 0.980027 0.145577 0.13548 0.978215 0.127126 -0.164115 0.980668 0.123541 0.151751 0.966211 0.142067 -0.215066 0.989443 0.117492 0.0848413 0.926554 0.0956633 0.363793 0.992962 0.108963 0.0464004 0.935442 0.0866823 0.342687 0.783069 0.0714678 0.617815 0.955256 0.0791339 0.284998 0.801485 0.0616409 0.59483 0.556379 0.0636846 0.828485 0.564062 0.0791418 0.821931 0.255744 0.0965452 0.961912 0.281188 0.11277 0.953004 -0.0290479 0.143931 0.989161 -0.0213825 0.158479 0.987131 -0.0876762 -0.339019 0.936685 -0.0990565 -0.263373 0.959595 -0.311797 -0.191849 0.930579 -0.0846245 -0.200857 0.975959 -0.305054 -0.160114 0.938779 -0.507535 -0.070251 0.858763 -0.481734 -0.101089 0.870467 -0.812454 0.0960865 0.575053 -0.769598 0.0673698 0.634965 -0.9473 0.266974 0.177054 -0.947779 0.267144 0.174211 -0.925915 0.376226 -0.0336811 -0.918004 0.389362 -0.0752726 -0.832235 0.478682 -0.27973 -0.825601 0.48964 -0.28042 -0.815802 0.504247 -0.283199 -0.673637 0.561342 -0.480737 -0.644865 0.599081 -0.474606 -0.639941 0.632958 -0.435707 -0.423478 0.654555 -0.626278 -0.440511 0.624029 -0.645397 -0.179686 0.644352 -0.743319 -0.170409 0.682495 -0.710747 0.0805324 0.643698 -0.761031 0.076623 0.692163 -0.717662 0.361152 0.623463 -0.693443 0.343244 0.683512 -0.644201 0.365524 0.304727 -0.879507 0.389866 0.316322 -0.864838 0.662322 0.263031 -0.70153 0.666717 0.239957 -0.705627 0.827712 0.213641 -0.518894 0.851862 0.190259 -0.487989 0.862284 0.172045 -0.476306 0.96217 0.146673 -0.229602 0.952128 0.156863 -0.262387 0.993988 0.109242 0.00734204 0.946028 0.175989 -0.272137 0.993107 0.116249 -0.0149959 0.962002 0.0726516 0.2632 0.991211 0.123777 0.0466982 0.950105 0.0698546 0.304007 0.815654 0.0346207 0.577504 0.803218 0.0513055 0.593472 0.572138 0.0276486 0.819692 0.545141 0.0509175 0.836797 0.262645 0.0490375 0.963646 0.266122 0.0756297 0.960968 -0.0373623 0.0888903 0.99534 -0.0238958 0.121208 0.992339 0.270996 -0.00100559 0.96258 -0.0476227 0.0524596 0.997487 -0.079153 -0.181665 0.98017 -0.0832662 -0.194144 0.977433 -0.331 -0.144735 0.932465 -0.302847 -0.140912 0.942564 -0.537001 -0.0768059 0.840078 -0.526249 -0.0632883 0.847972 -0.845412 0.104291 0.523834 -0.841466 0.110049 0.528984 -0.949761 0.266495 0.164115 -0.949924 0.270201 0.156959 -0.93746 0.348012 0.00757823 -0.933306 0.359071 0.00267678 -0.887641 0.43102 -0.162218 -0.861807 0.456998 -0.220093 -0.7155 0.540487 -0.442644 -0.676703 0.541514 -0.498835 -0.673738 0.547341 -0.496482 -0.444115 0.590952 -0.673453 -0.470237 0.595811 -0.651066 -0.165432 0.60735 -0.777019 -0.182909 0.613313 -0.768369 0.11511 0.594397 -0.795891 0.10005 0.602915 -0.791507 0.380353 0.553566 -0.740876 0.368654 0.580814 -0.725775 0.392048 0.348604 -0.851336 0.3875 0.397708 -0.831668 0.641645 0.336001 -0.689489 0.643404 0.300359 -0.704142 0.841062 0.26028 -0.474204 0.824612 0.239205 -0.512636 0.959391 0.186743 -0.211414 0.851152 0.280917 -0.443425 0.965353 0.190332 -0.178516 0.988629 0.114305 0.097708 0.964253 0.200124 -0.173688 0.987285 0.107251 0.117325 0.898118 0.0142783 0.439522 0.926461 0.0484721 0.373257 0.737794 -0.0352059 0.674107 0.771071 0.00369206 0.636739 0.515556 -0.0450454 0.855671 0.535881 -0.0114437 0.844216 0.230968 -0.0381015 0.972215 0.487823 -0.0856198 0.868734 0.198814 -0.0632042 0.977997 -0.0837837 -0.0160559 0.996355 -0.0566089 0.00484986 0.998385 -0.0950491 -0.219655 0.970936 -0.127273 -0.240594 0.962245 -0.352196 -0.186159 0.917226 -0.363138 -0.159199 0.918034 -0.582257 -0.106292 0.806026 -0.573602 -0.0866285 0.81454 -0.866257 0.0790369 0.493307 -0.846664 0.0855961 0.525198 -0.952106 0.23897 0.190757 -0.950171 0.252218 0.183197 -0.947915 0.314638 0.0495888 -0.943725 0.329274 0.0310117 -0.901713 0.411223 -0.13345 -0.900705 0.41208 -0.13755 -0.74705 0.53973 -0.388083 -0.747342 0.532459 -0.39745 -0.4958 0.63694 -0.59033 -0.440257 0.626371 -0.643299 -0.416081 0.604565 -0.679248 -0.125302 0.655724 -0.74453 -0.149866 0.623402 -0.767405 0.121016 0.640452 -0.758404 0.112728 0.612909 -0.782071 0.348122 0.609389 -0.712359 0.385005 0.572379 -0.723984 0.38952 0.440075 -0.809079 0.35654 0.459577 -0.81343 0.612873 0.398093 -0.682575 0.648322 0.367649 -0.666718 0.842177 0.301041 -0.447338 0.637268 0.411851 -0.651359 0.814706 0.32553 -0.47988 0.943271 0.227681 -0.241665 0.838904 0.346456 -0.419772 0.949643 0.235045 -0.2072 0.989072 0.123563 0.0804318 0.990651 0.12299 0.0590322 0.916021 0.0192349 0.400668 0.913083 0.0174016 0.407403 0.734119 -0.0621641 0.67617 0.717068 -0.0611765 0.694313 0.500743 -0.104056 0.859319 0.740219 -0.0877307 0.666617 0.497351 -0.141551 0.855924 0.23825 -0.156206 0.95856 0.219181 -0.104636 0.970057 -0.0377079 -0.132645 0.990446 -0.058385 -0.0729277 0.995627 -0.0892913 -0.275801 0.957058 -0.0624158 -0.330839 0.941621 -0.346182 -0.274664 0.89706 -0.319627 -0.230374 0.919112 -0.698994 -0.127156 0.703732 -0.627643 -0.122189 0.768853 -0.923908 0.094229 0.37083 -0.902799 0.0898006 0.420583 -0.958857 0.212285 0.188487 -0.955794 0.226338 0.187693 -0.951222 0.303865 0.0533252 -0.948615 0.313365 0.0439521 -0.891523 0.430679 -0.140369 -0.88944 0.431238 -0.151428 -0.746668 0.564416 -0.352024 -0.739716 0.559839 -0.373364 -0.511861 0.674086 -0.532547 -0.515559 0.656135 -0.551077 -0.208489 0.737611 -0.642232 -0.23491 0.706987 -0.667073 -0.185446 0.684937 -0.704607 0.09626 0.71583 -0.691608 0.130385 0.68115 -0.720441 0.397423 0.673307 -0.623469 0.391694 0.644611 -0.656546 0.412531 0.465428 -0.783068 0.421686 0.500567 -0.756052 0.663377 0.431412 -0.611403 0.405234 0.58125 -0.705644 0.696401 0.468403 -0.543714 0.891493 0.347081 -0.291162 0.702142 0.53434 -0.470614 0.891281 0.382312 -0.243836 0.974556 0.22122 0.0360832 0.967619 0.241132 -0.0746299 0.96002 0.100037 0.261446 0.979928 0.127548 0.153208 0.868103 -0.0205279 0.495959 0.908588 0.0118452 0.417524 0.692673 -0.131981 0.709073 0.856414 -0.0403089 0.514713 0.642943 -0.188198 0.742432 0.400547 -0.275433 0.873899 0.445381 -0.20847 0.870733 0.140122 -0.313124 0.939318 0.1953 -0.235815 0.951971 -0.0930589 -0.311342 0.94573 -0.0216446 -0.224034 0.974341 -0.0395353 -0.405165 0.913388 -0.0962297 -0.439324 0.89316 -0.395758 -0.385042 0.833737 -0.361605 -0.339582 0.868289 -0.759974 -0.196397 0.619571 -0.728849 -0.16785 0.663781 -0.911561 -0.0237922 0.410476 -0.921657 0.0457213 0.385302 -0.960526 0.106547 0.256976 -0.962993 0.179939 0.200665 -0.962652 0.258308 0.0811026 -0.957069 0.28176 0.068048 -0.88349 0.447725 -0.137796 -0.888375 0.437446 -0.139395 -0.690491 0.630274 -0.354933 -0.7242 0.591631 -0.354271 -0.466967 0.737047 -0.488573 -0.497594 0.702833 -0.508357 -0.235786 0.793968 -0.560375 -0.244225 0.764545 -0.59651 0.0629244 0.812551 -0.579484 0.0652839 0.779368 -0.623157 0.104811 0.743428 -0.660552 0.426784 0.720452 -0.546629 0.388283 0.704344 -0.594253 0.409754 0.746362 -0.524448 0.439645 0.63752 -0.632677 0.414464 0.708741 -0.570881 0.721954 0.568998 -0.393731 0.443611 0.746551 -0.495854 0.756134 0.568769 -0.323671 0.911685 0.395464 -0.111528 0.905977 0.393272 -0.156663 0.960577 0.266723 0.0784296 0.969147 0.230177 0.0881668 0.94726 0.108432 0.301564 0.950515 0.0968954 0.295183 0.849024 -0.0620651 0.524696 0.949874 0.117823 0.289581 0.847198 -0.0631512 0.52751 0.63547 -0.23653 0.735005 0.637991 -0.228669 0.735308 0.3364 -0.364364 0.868375 0.337317 -0.350607 0.873666 0.0898994 -0.413923 0.905862 0.097212 -0.391818 0.914892 -0.122206 -0.435608 0.891802 -0.139519 -0.393556 0.908652 -0.136 -0.451938 0.881622 -0.11753 -0.484323 0.866959 -0.451219 -0.43084 0.781523 -0.455812 -0.402611 0.793813 -0.829184 -0.222407 0.512824 -0.789082 -0.22438 0.571841 -0.964978 0.00257138 0.262319 -0.928862 -0.05238 0.366703 -0.980504 0.117097 0.157795 -0.969296 0.0760169 0.233852 -0.973841 0.212781 0.0797412 -0.968589 0.236255 0.0775783 -0.929764 0.364987 -0.0482108 -0.910668 0.404466 -0.0842144 -0.780293 0.581293 -0.230743 -0.75289 0.5986 -0.273559 -0.509803 0.7663 -0.391006 -0.497948 0.75216 -0.431628 -0.220716 0.855846 -0.467774 -0.208666 0.831461 -0.514909 0.0916883 0.873483 -0.478142 0.103962 0.842976 -0.527811 0.435358 0.807292 -0.398425 0.438557 0.775135 -0.45479 0.0744705 0.904139 -0.420697 0.455452 0.825301 -0.333829 0.44983 0.748527 -0.487195 0.489871 0.715332 -0.498324 0.774031 0.553506 -0.307421 0.754858 0.579607 -0.306994 0.90032 0.413018 -0.137257 0.902839 0.413801 -0.116839 0.957874 0.283578 0.0453986 0.955501 0.28911 0.0585929 0.952475 0.114553 0.282257 0.96891 0.244502 0.0378534 0.951709 0.0936668 0.292364 0.83731 -0.0653641 0.542807 0.845095 -0.0664788 0.530467 0.63314 -0.189389 0.75051 0.630943 -0.222146 0.743345 0.394215 -0.269661 0.878565 0.355142 -0.327267 0.875654 0.16465 -0.317645 0.933805 0.131414 -0.377714 0.916549 -0.083645 -0.336234 0.938057 -0.0907324 -0.396064 0.913729 -0.0837632 -0.541929 0.836239 -0.0925831 -0.626095 0.774231 -0.419844 -0.556011 0.717344 -0.421699 -0.491884 0.761722 -0.814574 -0.317861 0.485215 -0.818618 -0.271991 0.505851 -0.986301 0.0150615 0.164266 -0.977131 0.00136601 0.212631 -0.980251 0.196391 0.0232038 -0.984258 0.15563 0.0837532 -0.954359 0.297996 -0.0199083 -0.967642 0.250967 0.0261757 -0.897649 0.431406 -0.0900801 -0.922677 0.381313 -0.0571682 -0.798951 0.576343 -0.171773 -0.786995 0.584159 -0.198486 -0.596511 0.752033 -0.280393 -0.560427 0.76008 -0.328938 -0.281039 0.883664 -0.374372 -0.277973 0.868802 -0.409774 0.0753801 0.92159 -0.380774 -0.26725 0.908132 -0.322294 0.0636517 0.940436 -0.333959 0.39472 0.882841 -0.254535 0.431537 0.857403 -0.280422 0.498812 0.673769 -0.545181 0.481384 0.614901 -0.624633 0.754183 0.493413 -0.433303 0.76085 0.534328 -0.368241 0.923203 0.33617 -0.186241 0.909268 0.381321 -0.166812 0.980352 0.189201 0.0557918 0.95868 0.0550603 0.279109 0.951744 0.0658295 0.29975 0.874925 -0.0202291 0.483835 0.841141 -0.0478373 0.538696 0.713204 -0.0899825 0.695157 0.670789 -0.131713 0.729858 0.487459 -0.130983 0.863266 0.429664 -0.196131 0.881432 0.266045 -0.146561 0.952754 0.18786 -0.23079 0.954696 0.0673384 -0.138925 0.988011 -0.0367679 -0.232254 0.97196 -0.105825 -0.71569 0.690354 -0.187755 -0.812628 0.551709 -0.50874 -0.705119 0.493953 -0.431742 -0.632926 0.642653 -0.854229 -0.330466 0.401354 -0.993464 0.0149978 0.113159 -0.980006 0.198845 -0.00704968 -0.965303 0.259341 -0.0305447 -0.954901 0.294984 -0.0338906 -0.917027 0.393174 -0.0668967 -0.904349 0.420014 -0.0757734 -0.773868 0.60932 -0.172792 -0.761093 0.619694 -0.191616 -0.556123 0.791186 -0.254465 -0.554553 0.784913 -0.276372 -0.298216 0.91756 -0.262965 -0.0269626 0.972625 -0.23081 -0.0338895 0.998568 -0.0413989 0.229457 0.96064 -0.15659 0.450652 0.502741 -0.737675 0.615528 0.340512 -0.710757 -0.545952 0.83635 -0.049543 0.822678 0.161556 -0.545069 -0.834641 0.532904 -0.139236 0.96826 0.00185213 -0.249939 0.996997 0.0752953 0.0180773 0.975289 0.0684097 0.210076 0.998191 -0.00389698 0.0599898 0.966197 0.0226293 0.256812 0.906818 -0.00187905 0.421517 0.871055 -0.022684 0.490661 0.796694 -0.0368717 0.603257 0.93441 -0.0698356 0.349286 -0.975503 -0.192271 -0.106888 -0.967028 0.175414 -0.184628 -0.938481 0.331813 -0.0956689 -0.997182 -0.0114071 -0.0741505 -0.960985 -0.275392 0.0258177 -0.870248 -0.489303 -0.057005 -0.96586 0.25216 -0.0594105 -0.999076 -0.0289942 0.0317241 -0.877668 -0.452823 0.157003 -0.673598 -0.718347 0.173908 -0.709084 -0.634257 0.308087 -0.419893 -0.829286 0.368747 -0.934039 0.34804 -0.0802382 -0.986614 0.163075 -9.83962e-05 -0.907559 0.403977 -0.114628 -0.833267 0.533473 -0.145167 0.940627 0.257383 0.221304 0.951077 0.245645 0.187382 0.844657 0.229544 0.483595 0.846297 0.274309 0.456656 0.75422 0.191917 0.627949 0.677455 0.282905 0.678984 0.653657 0.356074 0.66779 0.650634 0.238738 0.720888 0.498111 0.355981 0.790672 0.368552 0.463058 0.806069 0.515054 0.287001 0.807682 0.291593 0.437371 0.850694 0.113064 0.583859 0.803943 0.248589 0.591592 0.766957 -0.641398 -0.390236 0.660549 -0.540956 -0.31348 0.780447 -0.711187 -0.115285 0.693485 -0.800331 -0.130097 0.585274 -0.914028 0.220014 0.340802 -0.914191 0.231613 0.332582 -0.880556 0.464136 -0.0959105 -0.869024 0.490553 -0.0644589 -0.790394 0.568193 -0.228986 -0.770855 0.590106 -0.239911 -0.633957 0.64783 -0.422392 -0.603501 0.665002 -0.439953 -0.593197 0.676178 -0.436922 -0.533145 0.689773 -0.489867 -0.31839 0.680736 -0.659716 -0.315144 0.68972 -0.651897 -0.231866 0.675334 -0.700115 -0.182371 0.662994 -0.726071 -0.448447 0.693909 -0.563369 0.0696813 0.614092 -0.786152 0.089962 0.602109 -0.79333 0.100726 0.594902 -0.797462 0.318305 0.540466 -0.778832 0.3095 0.530132 -0.789411 0.51793 0.487254 -0.703087 0.500269 0.471037 -0.726536 0.860928 0.339696 -0.378694 0.849742 0.333107 -0.40863 0.976439 0.208763 0.0546247 0.975053 0.220048 0.0291759 0.94478 0.203861 0.256578 0.958828 0.235457 0.158771 0.890104 0.217351 0.400592 0.946406 0.253804 0.199746 0.965519 0.19949 0.167265 0.885294 0.194202 0.422541 0.980689 0.184759 0.0641327 0.921971 0.182703 0.341452 0.770402 0.189215 0.608834 0.958214 0.158768 0.237947 0.832778 0.170473 0.526706 0.679399 0.203961 0.704853 0.864012 0.147655 0.481333 0.699127 0.182003 0.691445 0.49185 0.263161 0.829958 0.643317 0.164005 0.747828 0.426749 0.249062 0.869399 0.193007 0.369947 0.908783 0.246166 0.393961 0.885549 0.0272407 0.481874 0.875817 0.0637136 0.517884 0.853075 -0.46539 -0.27448 0.841471 -0.44637 -0.269535 0.853291 -0.694159 -0.0857087 0.714701 -0.67609 -0.111303 0.728364 -0.926605 0.245533 0.28481 -0.927954 0.239474 0.285577 -0.888309 0.449807 -0.0926314 -0.878086 0.460372 -0.130472 -0.793441 0.541978 -0.276968 -0.797113 0.547893 -0.253818 -0.675996 0.608835 -0.415151 -0.672099 0.622524 -0.400932 -0.428972 0.663698 -0.612771 -0.366139 0.667428 -0.648446 -0.32307 0.670727 -0.667646 -0.00644844 0.63467 -0.772756 0.0111774 0.630675 -0.775966 0.0348012 0.628067 -0.777381 0.285245 0.568224 -0.771853 0.301072 0.563354 -0.769408 0.33729 0.542511 -0.769362 0.53052 0.495418 -0.68783 0.553936 0.482207 -0.678698 0.866019 0.322841 -0.381818 0.871365 0.320293 -0.371665 0.977866 0.195947 -0.0733662 0.977407 0.208832 -0.0326461 0.829086 0.357728 -0.429706 0.981067 0.187879 -0.0470085 0.984771 0.164125 0.0573473 0.975788 0.216478 -0.0312376 0.977416 0.16568 0.13118 0.952873 0.150502 0.263405 0.963858 0.179575 0.196799 0.928572 0.155426 0.337041 0.813607 0.142582 0.563661 0.896801 0.150805 0.415939 0.7561 0.130921 0.641227 0.54358 0.150961 0.825671 0.682819 0.113205 0.721764 0.471624 0.133186 0.871683 0.28578 0.192812 0.938698 0.322334 0.222632 0.920074 0.0948858 0.276367 0.956357 0.108398 0.324525 0.939645 -0.0890393 0.370104 0.924714 -0.0603208 0.428153 0.901691 -0.429293 -0.268719 0.862263 -0.404646 -0.310489 0.86015 -0.752479 -0.0749266 0.654341 -0.706731 -0.086437 0.702182 -0.939794 0.219776 0.261698 -0.923765 0.208163 0.321443 -0.926082 0.37732 0.00127905 -0.914936 0.403562 -0.00541686 -0.845395 0.490187 -0.212188 -0.816832 0.521641 -0.246323 -0.66282 0.599114 -0.449146 -0.656739 0.602555 -0.453454 -0.379783 0.667507 -0.640469 -0.415941 0.658335 -0.627366 -0.066654 0.683902 -0.726523 -0.0675518 0.666774 -0.742192 -0.0614689 0.651213 -0.756401 0.256091 0.626167 -0.736432 0.259 0.596949 -0.759323 0.285383 0.574312 -0.767283 0.515716 0.527293 -0.675277 0.508491 0.507445 -0.695655 0.497989 0.505028 -0.704949 0.795396 0.388144 -0.465499 0.817338 0.391455 -0.422755 0.974211 0.225108 0.0154561 0.819505 0.420736 -0.389093 0.969259 0.244522 0.0272998 0.94963 0.178172 0.257795 0.959361 0.281447 -0.0203364 0.955837 0.212253 0.203282 0.875124 0.144379 0.461858 0.94637 0.237688 0.218834 0.885382 0.164629 0.434736 0.734488 0.123153 0.667354 0.834694 0.195364 0.514897 0.665824 0.134823 0.733827 0.437054 0.135717 0.889137 0.45053 0.130417 0.883184 0.229225 0.157763 0.960503 0.233576 0.170809 0.957218 0.0592079 0.19379 0.979255 0.0685122 0.225844 0.971751 -0.184182 0.289638 0.939248 -0.110025 0.310775 0.944094 -0.410461 -0.350626 0.841774 -0.449349 -0.359515 0.817823 -0.802005 -0.122857 0.584547 -0.770655 -0.0996263 0.629417 -0.955583 0.107974 0.274231 -0.948347 0.179842 0.261333 -0.953709 0.299546 -0.0266669 -0.936373 0.350478 -0.0192424 -0.844356 0.452822 -0.286383 -0.834026 0.484768 -0.26344 -0.631246 0.58025 -0.514625 -0.660507 0.58927 -0.465286 -0.343968 0.662051 -0.665863 -0.38708 0.667804 -0.635773 -0.0616629 0.69993 -0.711545 -0.087155 0.699028 -0.709763 0.212969 0.700859 -0.680765 0.220857 0.682322 -0.696892 0.212994 0.662437 -0.7182 0.586426 0.59029 -0.554673 0.532477 0.582131 -0.614485 0.521533 0.553199 -0.649596 0.870219 0.393437 -0.296522 0.874012 0.41137 -0.258607 0.950413 0.310764 -0.0118459 0.878187 0.431876 -0.205597 0.936936 0.349497 0.0016067 0.933933 0.285745 0.214753 0.927341 0.369891 0.0567329 0.90402 0.298118 0.306389 0.773845 0.216965 0.595055 0.879646 0.299425 0.36955 0.725874 0.217291 0.652603 0.469662 0.156389 0.868885 0.556245 0.156377 0.816173 0.210284 0.134631 0.968326 0.33407 0.14117 0.931916 0.0351264 0.144425 0.988892 0.145787 0.146034 0.978479 -0.0983863 0.152416 0.983407 -0.0103929 0.161976 0.98674 -0.336828 0.223682 0.914611 -0.269451 0.247251 0.930733 -0.493755 -0.389447 0.77752 -0.535512 -0.432618 0.725306 -0.859177 -0.221927 0.461046 -0.83107 -0.176012 0.527582 -0.981417 -0.0324452 0.189123 -0.970213 0.0276601 0.240671 -0.978785 0.174187 -0.107884 -0.969173 0.236592 -0.0687624 -0.849542 0.363634 -0.382164 -0.856508 0.402452 -0.323151 -0.614889 0.511687 -0.600073 -0.625692 0.547506 -0.55565 -0.383037 0.594606 -0.706913 -0.347021 0.636367 -0.688922 -0.152306 0.65259 -0.742246 -0.0921245 0.685451 -0.722267 0.274951 0.661658 -0.697575 0.24555 0.687674 -0.683235 0.713536 0.536154 -0.451005 0.652052 0.582326 -0.485515 0.590404 0.615126 -0.522535 0.88014 0.438936 -0.180799 0.870597 0.4536 -0.190546 0.91695 0.394477 0.05992 0.851375 0.469458 -0.23403 0.8942 0.447641 0.00483142 0.871953 0.356685 0.335372 0.886019 0.461279 -0.0468127 0.876609 0.425782 0.224202 0.75698 0.343573 0.555822 0.727611 0.247537 0.639771 0.57249 0.302324 0.762138 0.517517 0.201853 0.831523 0.3701 0.301163 0.878821 0.236165 0.186861 0.953577 0.129957 0.298034 0.945667 0.00572527 0.19666 0.980455 -0.0506282 0.291891 0.955111 -0.120407 0.201495 0.972061 -0.220902 0.32073 0.921051 -0.302434 0.251288 0.91945 -0.516884 -0.505831 0.690627 -0.508424 -0.581477 0.63513 -0.874832 -0.321595 0.362279 -0.871355 -0.277824 0.404417 -0.999603 -0.0242647 0.0143302 -0.993951 -0.0470596 0.0992305 -0.956155 0.173024 -0.236284 -0.966885 0.17082 -0.189617 -0.790087 0.356507 -0.498663 -0.808762 0.36354 -0.462324 -0.58675 0.437859 -0.681179 -0.593823 0.473928 -0.650205 -0.42119 0.445108 -0.790239 -0.397954 0.522704 -0.753932 -0.203773 0.490001 -0.847571 -0.210058 0.573286 -0.791971 0.252524 0.527257 -0.811314 0.242227 0.618702 -0.747351 0.671924 0.50638 -0.540461 0.713204 0.519531 -0.47056 0.838905 0.470302 -0.273962 0.674237 0.428824 -0.601261 0.876962 0.423952 -0.22628 0.895515 0.444575 -0.020145 0.852692 0.394426 -0.342557 0.900263 0.435332 -0.00350687 0.873007 0.45898 0.164913 0.791127 0.449273 0.415057 0.639809 0.432861 0.63504 0.548767 0.558429 0.622103 0.481718 0.446126 0.754267 0.430371 0.579344 0.692201 0.304314 0.458837 0.834783 0.131246 0.453078 0.881756 -0.0466827 0.487052 0.872125 -0.524365 -0.654062 0.545201 -0.905138 -0.323319 0.276024 -0.998902 -0.0242573 -0.0400813 -0.999235 -0.00194024 -0.0390595 -0.943698 0.190149 -0.270698 -0.951839 0.173466 -0.252809 -0.774414 0.37114 -0.512385 -0.798552 0.340867 -0.496109 -0.934304 0.189945 -0.301656 -0.730546 0.43532 -0.526117 0.138554 -0.618042 -0.773839 0.668993 -0.566485 -0.481189 0.711749 -0.383654 -0.588408 0.265055 -0.352651 -0.897432 0.0441344 -0.0369541 -0.998342 0.0567046 0.19542 -0.979079 0.48025 0.130497 -0.86737 0.500539 0.33164 -0.799672 0.160785 0.418345 -0.893944 0.785099 0.346849 -0.513143 0.878847 0.466918 -0.0980577 0.97308 -0.00821754 -0.23032 0.933682 -0.0168586 -0.357707 0.808879 0.585331 0.0556997 0.568332 0.702404 0.428519 0.665265 0.630299 0.400181 0.808586 0.581942 0.0867888 -0.992129 -0.124692 -0.0114755 -0.266196 0.681826 0.681361 -0.144883 0.719994 0.678688 -0.157687 0.680838 0.715258 -0.0423344 0.819043 0.572169 -0.00926733 0.786051 0.618093 0.0777524 0.919344 0.385696 0.113157 0.855797 0.504785 0.0880257 0.756616 0.647907 0.160618 0.881121 0.444778 0.100971 0.793923 0.599576 -0.0396833 0.701261 0.7118 -0.0415219 0.627576 0.777448 -0.242023 0.656425 0.714514 -0.267874 0.510623 0.817011 -0.444511 0.662595 0.602809 -0.481975 0.481874 0.731777 -0.582482 0.376797 0.720235 -0.731375 -0.0946661 0.675373 0.60028 -0.0281128 -0.799296 0.514067 0.00471014 -0.857737 0.778738 0.0364779 -0.626288 0.77947 0.0125559 -0.626314 0.888116 -0.00870165 -0.459536 0.763047 -0.0707539 -0.642458 0.931163 0.0370865 -0.362712 0.952092 0.0321022 -0.304123 0.999139 0.0205657 0.0360347 0.999228 0.0350647 0.0177147 0.933641 -0.0165796 0.357826 0.933542 0.00945 0.358345 0.750267 -0.080538 0.656211 0.755037 -0.03767 0.654599 0.802562 0.0225346 0.596143 0.809569 0.0942085 0.579416 0.549324 -0.105418 0.828933 0.569317 0.00248757 0.822114 0.544997 0.116558 0.830297 0.532192 0.180063 0.827254 0.773201 0.162496 0.612989 0.305977 0.896426 0.320622 0.171044 0.943805 0.282802 0.0530284 0.937635 0.343554 0.358227 0.847325 0.392063 -0.0459398 0.973293 0.224921 -0.047036 0.966675 0.25165 -0.0907893 0.961621 0.258927 -0.122821 0.977454 0.171753 -0.100943 0.981044 0.165415 -0.118501 0.984063 0.13258 -0.128113 0.962521 0.239041 -0.112138 0.988129 0.105008 -0.143739 0.962293 0.230934 -0.0487013 0.988797 0.141101 -0.115349 0.953594 0.278123 0.0285328 0.963443 0.266391 -0.0668686 0.892173 0.446716 0.0139674 0.995302 0.0958074 0.100252 0.980513 0.168947 0.152408 0.940491 0.303724 0.136233 0.973545 0.18344 0.17678 0.927146 0.330378 0.162684 0.865967 0.472901 0.162907 0.887352 0.431356 0.117647 0.834836 0.537781 0.0434229 0.781841 0.621964 0.0815144 0.800935 0.593177 -0.0967063 0.736907 0.669042 -0.0323046 0.736255 0.675932 -0.30754 0.694952 0.64997 -0.228545 0.69238 0.68438 -0.487564 0.674738 0.554085 -0.449377 0.671316 0.589402 0.507205 0.016721 -0.861663 0.522144 0.0318926 -0.85226 0.78504 0.0700633 -0.61547 0.788868 0.0505347 -0.612481 0.804335 0.0395428 -0.592859 0.510507 0.011876 -0.859791 0.952803 0.0497643 -0.299484 0.960293 0.0361022 -0.276648 0.999776 0.0135036 0.0162736 0.999836 0.0172447 0.00549201 0.931045 -0.0516663 0.361228 0.94274 -0.0314248 0.332043 0.747035 -0.123346 0.653241 0.747983 -0.104573 0.655429 0.552705 -0.176589 0.814453 0.552035 -0.159497 0.818424 0.536007 -0.143146 0.831989 -0.135303 0.975977 0.170768 -0.158528 0.980033 0.12002 -0.135261 0.984015 0.115844 -0.136784 0.984687 0.108085 -0.0602374 0.99484 0.0816398 -0.0463392 0.996972 0.0624509 -0.0950731 0.989645 0.107536 -0.0455315 0.998133 0.0407036 -0.0992499 0.992193 0.0755197 0.0079648 0.998861 0.0470384 -0.0582531 0.995695 0.0721008 0.0737109 0.992308 0.0994533 0.0511229 0.991139 0.122594 0.131973 0.969023 0.208751 0.173554 0.931565 0.319476 0.177511 0.916953 0.357334 0.176019 0.871532 0.457656 0.14666 0.833266 0.533065 0.167291 0.863276 0.476202 0.12466 0.812202 0.569902 0.0639759 0.780704 0.621618 0.0808134 0.785182 0.613969 -0.0227218 0.744711 0.667001 -0.0112012 0.747962 0.663647 -0.124524 0.718108 0.6847 -0.170745 0.700651 0.692773 -0.215543 0.712893 0.667326 -0.337696 0.669397 0.661717 -0.346235 0.713132 0.60956 -0.489435 0.652084 0.578998 0.505751 0.0569964 -0.860795 0.450235 0.156306 -0.879123 0.750535 0.15827 -0.641598 0.795404 0.101827 -0.597465 0.925718 0.115441 -0.360165 0.949222 0.0804204 -0.304154 0.952876 0.0604842 -0.297268 0.999745 0.0164204 0.0155088 0.9989 0.0141005 0.0447126 0.926578 -0.0914606 0.364812 0.918631 -0.0674583 0.389316 0.776585 -0.181073 0.60343 0.754933 -0.147469 0.639006 0.534466 -0.263928 0.802925 0.535281 -0.206128 0.819137 -0.0993434 0.990033 0.0998279 -0.17275 0.976427 0.129412 -0.0710616 0.991663 0.107496 0.00487627 0.996656 0.0815658 -0.0125664 0.991901 0.126387 0.00704202 0.99704 0.0765639 0.0347399 0.985032 0.168835 -0.0106097 0.997256 0.0732709 0.136766 0.957068 0.255571 0.0717609 0.971089 0.227678 0.143043 0.938793 0.313378 0.169087 0.902637 0.395798 0.0800944 0.960696 0.265797 0.118345 0.937127 0.328309 0.136848 0.89325 0.428225 0.0847896 0.950036 0.300404 0.134762 0.896869 0.421267 0.14167 0.844236 0.51691 0.12655 0.833691 0.537535 0.113988 0.798425 0.591206 0.0884342 0.791795 0.604352 0.0636581 0.760305 0.64644 0.034891 0.759264 0.649847 -0.0292668 0.718554 0.694855 -0.0316397 0.733495 0.678958 -0.145117 0.692933 0.706247 -0.122073 0.717177 0.686116 -0.289379 0.686793 0.666765 -0.252529 0.718989 0.647521 0.469745 0.246817 -0.847597 0.459381 0.285147 -0.841226 0.72688 0.249244 -0.639939 0.743391 0.20698 -0.636026 0.869671 0.198074 -0.452149 0.896295 0.159832 -0.413653 0.986103 0.0807913 -0.14517 0.992049 0.0610476 -0.110056 0.998073 0.0333286 -0.0523333 0.961051 -0.101063 0.25723 0.951692 -0.0908099 0.293317 0.813148 -0.240501 0.530046 0.804152 -0.203951 0.55834 0.60187 -0.365496 0.710045 0.567529 -0.321194 0.75812 -0.304887 0.939776 0.154485 -0.348886 0.921626 0.169955 -0.212445 0.965659 0.149567 -0.180478 0.975709 0.124173 -0.070467 0.983012 0.169475 -0.0365918 0.987123 0.15572 0.024128 0.974811 0.221721 -0.096741 0.980004 0.173877 -0.0275153 0.979817 0.197994 0.0129699 0.975142 0.221202 -0.0218819 0.968912 0.246437 0.0412346 0.95528 0.292814 0.116362 0.916681 0.382304 0.0954361 0.906873 0.410455 0.1519 0.857396 0.49173 0.170299 0.818965 0.547991 0.146716 0.869636 0.47139 0.169485 0.785475 0.595234 0.150521 0.82812 0.539963 0.143787 0.745141 0.651222 0.129334 0.788066 0.601851 0.0780306 0.694873 0.714887 0.0617278 0.738405 0.671527 -0.046155 0.643823 0.763781 -0.0314981 0.695047 0.718274 -0.237078 0.591797 0.770435 -0.19548 0.657046 0.728065 -0.385251 0.57281 0.723513 -0.364893 0.638218 0.677887 0.449062 0.290033 -0.845118 0.4305 0.305666 -0.849257 0.689652 0.281676 -0.667112 0.713347 0.263729 -0.649295 0.87067 0.211413 -0.444115 0.875399 0.200747 -0.439747 0.985755 0.0767683 -0.149643 0.98968 0.0687762 -0.125708 0.967922 -0.119445 0.221041 0.951427 -0.134478 0.276952 0.953655 -0.127476 0.272565 0.802375 -0.287088 0.523235 0.795771 -0.275984 0.539056 0.632678 -0.390282 0.668879 0.616054 -0.379419 0.690303 -0.334107 0.922664 0.19252 -0.297648 0.923404 0.242345 -0.19212 0.957586 0.214754 -0.22347 0.960396 0.166436 -0.079814 0.972532 0.218659 -0.144894 0.949706 0.277604 -0.0502124 0.954668 0.293408 0.0129151 0.943542 0.331 -0.0171692 0.928863 0.370026 0.0453801 0.901089 0.431254 0.134149 0.846731 0.514831 0.0940462 0.846181 0.524532 0.143747 0.78083 0.607981 0.17029 0.711814 0.681412 0.173604 0.790832 0.586896 0.168499 0.66796 0.724871 0.178738 0.751276 0.635324 0.152298 0.638582 0.754333 0.17065 0.723304 0.669111 0.121416 0.600653 0.790237 0.140396 0.682897 0.716897 0.0477789 0.539892 0.840377 0.0746758 0.632917 0.77061 -0.0821718 0.471 0.878298 -0.0602429 0.574645 0.816182 -0.208605 0.433921 0.876468 -0.206782 0.532172 0.820996 -0.356983 0.419981 0.834373 -0.367398 0.518392 0.772197 0.435275 0.339187 -0.833959 0.443327 0.388308 -0.807885 0.65378 0.343871 -0.674036 0.687387 0.303902 -0.659654 0.824378 0.263287 -0.501081 0.849611 0.232748 -0.473274 0.967682 0.115304 -0.224268 0.976396 0.0955471 -0.193704 0.975626 -0.13126 0.175855 0.96792 -0.133144 0.21308 0.81374 -0.335464 0.474649 0.803139 -0.31361 0.506573 0.807471 -0.295062 0.510812 0.639332 -0.417524 0.6457 0.610224 -0.408104 0.679027 -0.215928 0.931688 0.292116 -0.139966 0.918935 0.368738 -0.0863334 0.930073 0.357088 -0.139985 0.873739 0.465816 -0.0772768 0.888596 0.452134 0.0149648 0.883034 0.46907 -0.0997743 0.841673 0.530689 0.0189615 0.836912 0.547009 0.0889395 0.800339 0.592914 -0.0330839 0.811638 0.583223 0.0468294 0.784485 0.618377 0.110823 0.730859 0.673471 0.147759 0.738256 0.658138 0.145647 0.67342 0.724771 0.176077 0.661705 0.728796 0.15699 0.638611 0.753346 0.172196 0.614285 0.770066 0.1632 0.608612 0.776503 0.156132 0.585806 0.79527 0.154565 0.5471 0.822673 0.12676 0.548701 0.826353 0.102986 0.448262 0.88795 0.0383345 0.469398 0.882154 0.0245856 0.376619 0.926042 -0.066367 0.410173 0.90959 -0.112035 0.311948 0.943471 -0.187201 0.379216 0.906174 -0.241093 0.300174 0.922914 -0.284931 0.368257 0.884986 0.414958 0.441093 -0.795768 0.35953 0.46038 -0.811658 0.607845 0.391553 -0.690804 0.610928 0.385801 -0.691321 0.815112 0.283422 -0.505237 0.803575 0.288699 -0.5205 0.971498 0.108746 -0.210631 0.962188 0.127676 -0.240609 0.984669 -0.113113 0.132785 0.982816 -0.119563 0.140635 0.852995 -0.316795 0.414777 0.824807 -0.344139 0.448622 0.653736 -0.482172 0.583214 0.653886 -0.467293 0.595038 0.634244 -0.450312 0.628453 -0.185326 0.809699 0.556814 -0.153508 0.774809 0.613275 -0.0964485 0.805113 0.585228 -0.0497188 0.734277 0.677027 -0.0672975 0.760181 0.646216 -0.0451419 0.773457 0.63224 0.0922586 0.663234 0.742704 0.02476 0.716453 0.697196 0.0343711 0.741414 0.670167 0.0138637 0.764309 0.644701 0.0618561 0.761625 0.64506 0.0673594 0.746289 0.662205 0.107382 0.77754 0.619598 0.110013 0.727229 0.677521 0.153705 0.77733 0.610026 0.142139 0.709043 0.690691 0.23161 0.733245 0.639303 0.17688 0.682452 0.709206 0.267046 0.614089 0.742685 0.201885 0.598084 0.775589 0.236412 0.405858 0.88283 0.178317 0.473986 0.862288 0.0161163 0.164114 0.98631 0.0674927 0.345205 0.936097 -0.235809 0.00566294 0.971783 -0.145672 0.239709 0.959854 -0.453162 -0.019701 0.89121 -0.363461 0.222932 0.904543 0.451994 0.413179 -0.79056 0.455832 0.34747 -0.81944 0.703758 0.288616 -0.649173 0.688876 0.333229 -0.643745 0.862191 0.210817 -0.460633 0.841073 0.2486 -0.48041 0.96891 0.100991 -0.225865 0.966612 0.114273 -0.229353 0.996653 -0.041504 0.0704336 0.992145 -0.0769113 0.0986584 0.90263 -0.207484 0.377107 0.87494 -0.279559 0.395381 0.681986 -0.373039 0.629077 0.67337 -0.442929 0.591935 0.894837 -0.164474 0.414988 0.6942 -0.285914 0.66056 0.223727 0.641903 0.733421 0.534819 0.469227 0.702705 0.313081 0.519799 0.794852 0.268001 0.392712 0.879746 0.129567 0.579373 0.804698 0.125191 0.551424 0.824778 0.0601607 0.647104 0.760024 0.464098 0.0042303 0.885774 0.240439 0.33053 0.912655 0.475294 -0.310296 0.823293 0.345373 -0.0299502 0.937988 0.24468 0.289379 0.925414 0.228559 0.536335 0.812469 0.257631 0.287525 0.922473 0.276806 0.520297 0.80788 0.232526 0.705949 0.669005 0.167293 -0.0270086 0.985537 0.198501 0.236076 0.951244 0.0386131 -0.345188 0.937739 -0.0306521 -0.0476525 0.998394 -0.199317 -0.577977 0.791337 -0.215809 -0.229289 0.949133 -0.352101 -0.781822 0.514568 -0.504273 -0.351027 0.788979 -0.115562 -0.824806 0.55348 -0.135846 -0.968477 0.2088 0.171483 -0.85783 0.484481 0.111655 -0.983145 0.144776 0.976161 0.0788432 -0.202223 0.974675 0.0779492 -0.2096 0.407628 -0.7894 0.459006 0.36278 -0.905348 0.220761 0.98944 -0.00277127 0.144915 0.995584 -0.018359 0.0920582 0.996882 -0.0270794 0.0741192 0.97585 0.0821595 -0.202401 0.738573 0.214596 0.639107 0.866634 0.201314 0.456528 0.535596 0.250409 0.806493 0.5545 0.285373 0.781724 0.72314 0.254415 0.642139 0.374589 0.831751 0.409723 0.806048 0.248606 0.537105 0.948148 0.176112 0.264574 -0.573532 0.80921 0.127439 -0.279545 0.846678 0.452758 -0.0779998 0.808309 0.58357 0.743891 0.127777 0.655972 </float_array>
          <technique_common>
            <accessor count="4616" offset="0" source="#meshId0-tangents-array" stride="3">
              <param name="X" type="float" />
              <param name="Y" type="float" />
              <param name="Z" type="float" />
            </accessor>
          </technique_common>
        </source>
        <source id="meshId0-bitangents" name="meshId0-bitangents">
          <float_array id="meshId0-bitangents-array" count="13848"> 0.716927 0.437711 0.542608 0.699034 0.476112 0.533544 0.730666 0.222516 0.645456 0.713115 0.217983 0.666296 0.749059 0.296059 0.592671 0.730829 0.479142 0.486119 0.677285 0.551328 0.487157 0.775138 -0.146203 0.614642 0.72505 0.16323 0.669073 0.806475 0.13797 0.574945 0.837984 -0.230921 0.494428 0.76154 -0.174202 0.624267 0.716279 0.183492 0.673257 0.753976 -0.479091 0.449436 0.059736 -0.875703 0.479141 0.266566 -0.71857 0.64234 0.489727 -0.79455 0.358968 0.393823 -0.910011 0.129553 -0.362273 0.924464 -0.118841 -0.340038 0.925039 -0.169339 -0.186509 0.979249 0.0792776 -0.261398 0.962553 0.071854 -0.238989 -0.650021 0.721358 0.0634901 -0.564177 0.823209 0.0767969 0.987596 0.136956 0.203717 0.977958 0.0457944 0.076493 0.954968 0.286679 0.0203438 0.956001 0.292656 0.0680897 0.995373 0.0677927 0.18938 0.967505 -0.167537 -0.00302564 0.949929 0.312451 0.878062 0.25064 -0.407659 0.935222 0.131102 -0.328895 0.966266 0.0112335 -0.257301 0.929229 0.170469 -0.327833 0.826357 0.363493 -0.430123 0.823697 0.379308 -0.421484 0.884911 0.302814 -0.353888 0.951274 -0.0381161 -0.305982 0.918403 -0.274699 -0.28474 0.963391 -0.0883497 -0.253124 0.949821 0.168858 -0.263301 0.930206 0.292383 -0.221875 0.962121 0.0348908 -0.270382 0.885326 -0.320048 -0.337293 0.0793627 0.420805 0.903673 0.0740693 0.66225 0.745613 0.102072 0.550885 0.828316 0.139132 0.335539 0.931695 0.069582 0.307908 0.948868 0.0680203 0.510401 0.857242 0.113911 0.64473 0.755875 0.40327 0.881131 -0.246945 0.606545 0.721389 -0.334217 0.495989 0.863974 -0.0868538 0.275729 0.958308 -0.0749538 0.322367 0.901349 -0.289222 0.473742 0.686255 -0.551927 0.168028 0.984082 -0.0578711 -0.36165 -0.106482 0.926213 -0.258166 -0.0993049 0.960983 -0.425363 -0.458902 0.780048 -0.56498 -0.275509 0.777749 -0.41446 0.0676077 0.907553 -0.127022 0.164443 0.978174 -0.017572 0.246463 0.968993 0.379245 0.913851 0.145084 0.368279 0.92667 -0.0751948 -0.0518192 0.965247 -0.25615 -0.0838265 0.996144 0.0258761 0.678665 0.716661 0.160658 0.685653 0.727924 0.00248569 0.145327 0.988958 -0.0290167 0.0962954 0.979464 0.177136 0.0764658 0.991729 0.103081 0.14353 0.985335 -0.0922737 -0.133759 0.983345 0.123053 -0.105258 0.986609 0.124597 -0.0240042 0.94308 0.331698 -0.0518701 0.952244 0.300899 -0.251206 0.967882 0.00995643 -0.186117 0.981801 -0.0377793 -0.168603 0.964194 0.204703 -0.118196 0.93012 0.347715 -0.132905 0.964095 0.229905 -0.162284 0.871891 0.462028 -0.110036 0.8275 0.550577 -0.173565 0.955903 0.236907 -0.159794 0.986671 -0.0307538 -0.0867077 0.839333 0.536657 -0.500663 0.495456 -0.709831 -0.55171 0.320438 -0.770023 -0.391443 0.228192 -0.89146 -0.442912 0.486177 -0.7533 -0.482552 0.724667 -0.491936 -0.514298 0.750223 -0.415528 -0.574519 0.644702 -0.504269 0.0845546 0.26826 0.959629 0.0292422 0.402663 0.914881 0.00813355 0.51836 0.855124 0.0801143 0.45309 0.887858 0.568031 0.223071 -0.792199 0.583116 0.554216 -0.593987 0.233188 0.713829 -0.660357 0.21263 0.411183 -0.886407 0.0492949 -0.0650726 -0.996662 0.305298 -0.270412 -0.913056 -0.209696 0.889763 0.405401 -0.113095 0.804674 0.582845 -0.378996 0.895952 0.231587 -0.252638 0.925059 0.28362 -0.147516 0.876024 0.459151 -0.10764 0.810885 0.575221 -0.170224 0.904131 0.391881 -0.403103 0.817421 -0.411499 -0.342827 0.762525 -0.548658 -0.290199 0.839181 -0.459956 -0.422747 0.866513 -0.265405 -0.46904 0.833197 -0.29289 -0.455256 0.750334 -0.479313 -0.454902 0.886855 -0.0809457 0.727365 -0.529032 0.43711 0.455015 -0.72982 0.51022 0.185349 -0.885171 0.426753 0.546739 -0.819005 0.17409 0.745142 -0.430986 0.508935 0.650305 -0.53922 0.535112 0.874005 -0.454946 0.1707 0.937974 -0.137558 0.318251 0.865269 -0.144669 0.479981 0.813791 -0.23084 0.533345 0.924369 0.108468 0.365756 0.747908 0.663449 -0.0216314 0.604792 0.792012 -0.0833272 0.716483 0.697214 -0.023311 0.764028 0.644673 0.0256537 0.745549 0.666061 -0.0227817 0.779972 0.625782 -0.00631963 0.619117 0.785081 -0.018513 0.343601 0.925946 -0.156724 0.853513 0.506545 0.122176 0.879444 0.440013 0.181569 0.861534 0.450763 0.233605 0.444318 0.122723 0.887423 0.491288 0.1476 0.8584 0.236377 0.0526381 0.970234 0.264657 0.00543238 0.964327 0.556678 0.185558 0.809739 0.632637 0.244287 0.734911 0.400136 0.0521972 0.914968 0.444929 0.125987 0.886659 0.477137 0.185164 0.859101 0.553972 0.207152 0.806352 0.508168 0.285086 0.812707 0.452699 0.703162 0.548295 0.230253 0.935085 0.269444 0.325987 0.923426 0.202524 0.406945 0.796061 0.447977 0.499165 0.616143 0.609263 0.520043 0.534961 0.665862 0.520433 0.413517 0.747096 0.530728 0.372383 0.761353 0.503224 0.378756 0.77673 0.419718 0.710879 0.564348 0.22486 0.896881 0.380845 0.778813 -0.0114844 0.627151 0.768081 -0.108904 0.631024 0.802361 -0.0436084 0.595243 0.737432 0.0261766 0.674913 0.842628 0.110306 0.527076 0.862118 0.00819653 0.506641 0.795937 0.155067 0.585183 -0.121036 0.795661 -0.593527 -0.170375 0.862608 -0.476318 -0.148131 0.879291 -0.452664 -0.128546 0.773946 -0.620068 0.972311 -0.0866356 0.217036 0.784325 0.521941 0.335279 0.694625 0.667789 0.267497 0.958755 0.0899564 0.269625 0.838149 -0.544636 0.0296255 -0.0753122 0.760914 -0.644467 -0.0390275 0.811856 -0.582552 -0.0385668 0.968265 -0.246932 -0.0108275 0.907379 -0.420174 -0.0609356 0.966099 -0.250877 -0.0752135 0.980425 -0.181959 -0.0165069 0.81251 -0.582713 -0.0285265 0.781409 -0.623366 0.0165843 0.995427 0.0940719 0.0890254 0.930564 0.35514 -0.0579003 0.946668 0.316965 -0.165474 0.949518 0.266523 -0.112502 0.781287 -0.613949 -0.126871 0.907353 -0.400767 -0.0807921 0.799154 -0.595672 0.86242 0.067509 -0.501672 0.941948 -0.0858294 -0.324604 0.892189 0.0684948 -0.446439 0.761966 0.216904 -0.610214 0.672798 0.373507 -0.63862 0.849639 0.0591355 -0.524038 0.928329 -0.203432 -0.31116 -0.266976 0.239866 -0.933374 -0.363884 0.0309099 -0.930931 -0.151466 0.139476 -0.978573 -0.121934 0.419284 -0.899629 -0.121048 0.549492 -0.826683 -0.273082 0.379277 -0.884068 -0.477777 0.132286 -0.868464 -0.0513943 0.724848 -0.686989 -0.154414 0.778781 -0.607994 -0.1825 0.719731 -0.669836 -0.140874 0.678979 -0.720515 0.0270408 0.867543 -0.496627 0.281711 0.638445 -0.716259 0.0458874 0.568803 -0.821193 -0.169817 0.66219 -0.72984 -0.106309 0.699554 -0.706628 -0.0520859 0.803515 -0.593001 -0.087603 0.95366 -0.287852 0.484228 0.345522 0.803827 0.684823 0.480866 0.547527 0.604143 0.332647 0.724125 0.435986 0.242068 0.866787 0.471473 0.339231 0.814024 0.485144 0.380162 0.787472 0.66044 0.515083 0.546359 -0.0795819 0.920784 -0.381869 -0.0561392 0.996252 -0.0658055 -0.0662402 0.997378 0.0291238 -0.0224358 0.970141 -0.241502 -0.0352735 0.951255 -0.30638 -0.0702707 0.92043 -0.38454 -0.133897 0.887171 -0.441586 -0.0500511 0.995883 -0.0755737 -0.107976 0.91586 -0.386706 -0.114176 0.868311 -0.482701 -0.134797 0.803084 -0.580419 0.400485 0.183813 -0.897677 0.452277 0.1429 -0.880355 0.168275 0.0707569 -0.983197 0.119104 0.235839 -0.964466 0.620754 0.222508 -0.751767 0.712521 0.171595 -0.680344 0.349714 0.368088 -0.861517 -0.232095 0.971714 -0.0436216 -0.124175 0.983124 -0.134339 -0.0933063 0.978932 -0.181618 -0.250194 0.968092 -0.0141427 -0.33536 0.936668 0.10093 -0.260706 0.963437 0.0618222 -0.158138 0.987322 -0.0136693 0.754846 0.575492 0.314669 0.777567 0.553207 0.298919 0.788369 0.607721 0.0956558 0.793112 0.598001 0.11562 0.77007 0.621714 0.143054 0.776941 0.627013 -0.0567194 0.58659 0.533494 0.609341 0.670465 0.593301 0.4455 0.708976 0.644298 0.286763 0.00923678 0.227231 0.973797 0.153545 0.443671 0.882938 0.112017 0.495996 0.861069 -0.212841 0.327937 0.920411 -0.542489 0.2138 0.812401 -0.441781 -0.147292 0.884949 -0.0575905 -0.36075 0.930883 0.212433 0.196986 0.957115 0.368656 0.597201 0.712351 0.226123 0.508134 0.831064 0.406043 0.749886 0.522302 0.0529144 0.360689 -0.931184 -0.22221 0.720412 -0.656985 -0.112539 0.935133 -0.33595 -0.169396 0.77158 -0.613163 -0.15681 0.785012 -0.599305 0.0295705 0.616246 -0.786998 0.315762 0.324796 0.891516 0.381881 0.525827 0.760048 0.259823 0.670445 -0.694978 0.576431 0.217357 -0.787708 0.714559 0.471829 -0.51651 0.81435 0.447322 -0.369781 0.848053 0.466967 -0.250493 0.754191 0.489611 -0.437581 0.668324 0.490583 -0.55917 0.635041 0.487924 -0.598876 0.740043 0.431639 -0.515775 0.812492 0.41739 -0.406992 0.640291 0.462378 -0.613379 0.645324 0.429169 -0.631958 0.589844 0.486161 -0.644773 0.479141 0.782836 0.396978 0.460796 0.792361 0.399788 0.479557 0.761924 0.435313 0.509071 0.75547 0.412447 0.393636 0.747854 0.53457 0.428461 0.685765 0.588343 0.500674 0.758353 0.417405 0.434912 0.693523 0.574349 0.539235 0.739424 0.403085 -0.177578 0.842349 -0.508835 -0.175887 0.937545 -0.300122 -0.175152 0.929657 -0.324128 -0.184703 0.819418 -0.542622 -0.156974 0.91414 -0.373773 -0.0110464 0.809941 -0.586407 -0.187609 0.953676 -0.235172 -0.691103 0.223516 -0.687326 -0.720028 0.367847 -0.588428 -0.392158 0.680568 -0.618902 -0.350853 0.696609 -0.62581 0.885287 -0.435286 0.163684 0.965409 -0.214251 0.148598 0.890843 -0.281718 0.356419 0.749754 -0.438511 0.495557 0.978185 0.12928 -0.162607 0.909811 0.256915 -0.325943 -0.314011 0.713947 -0.625841 -0.398238 0.62158 -0.67457 0.838107 -0.545398 -0.0108375 0.994386 -0.078227 -0.0712518 0.689099 0.57617 -0.439513 0.751432 0.574696 -0.324151 0.785697 0.593562 -0.174251 0.733388 0.60792 -0.304262 0.654847 0.584583 -0.478998 0.646961 0.562082 -0.515272 0.662783 0.572276 -0.482927 0.663532 0.559856 -0.496273 0.628984 0.549274 -0.550161 0.687331 0.564852 -0.456638 0.735763 0.561589 -0.378511 0.791894 0.446526 -0.416555 0.69587 0.494326 -0.520967 0.503054 0.541622 -0.673485 0.750714 0.416066 -0.513145 0.938949 0.209703 -0.272764 0.999746 -0.00577431 0.0218011 0.871211 0.309467 -0.381081 -0.161949 0.986799 0.000937141 -0.13581 0.983797 0.117042 -0.152287 0.951897 0.265896 -0.211874 0.960797 0.178826 -0.293252 0.94363 0.153513 -0.276731 0.946416 0.166482 -0.175511 0.977784 0.114602 -0.202658 0.908506 0.36544 -0.200063 0.978922 -0.0410625 -0.188721 0.980756 -0.0500244 -0.297927 0.936179 0.186571 -0.274215 0.0160016 0.961535 -0.275252 0.021165 0.961139 -0.384068 0.152807 0.910572 -0.342501 0.116704 0.932241 -0.214052 -0.0463148 0.975724 -0.169813 -0.0864078 0.981681 -0.263589 0.0521235 0.963226 0.0552844 0.735503 0.675262 0.229226 0.802001 0.551588 0.302656 0.628012 0.716938 0.0555767 0.608469 0.791629 -0.0773024 0.527636 0.845946 -0.046928 0.703136 0.709505 0.0282922 0.871228 0.490062 -0.173703 -0.62023 0.764946 -0.182301 -0.736835 0.65103 -0.142646 -0.714784 0.684642 -0.159539 -0.564533 0.809846 -0.178319 -0.516976 0.837221 -0.213898 -0.66183 0.71849 -0.168097 -0.443945 0.880146 -0.167209 -0.0743077 0.983117 -0.166726 -0.0880161 0.982067 -0.168629 -0.139411 0.975771 -0.174081 -0.120169 0.977371 -0.176431 -0.0522313 0.982926 -0.167169 -0.0187599 0.98575 -0.162737 -0.0326492 0.986129 -0.177048 0.0175113 0.984046 -0.161993 0.0287321 0.986373 -0.145831 0.0421128 0.988413 -0.148117 -0.0250679 0.988652 -0.15585 -0.0890133 0.983762 -0.14394 -0.0410616 0.988734 -0.151585 -0.113792 0.981872 -0.166524 -0.19136 0.967291 -0.16709 -0.153474 0.973923 -0.179659 -0.267795 0.946577 -0.173713 -0.220601 0.95977 -0.172035 -0.18541 0.967485 -0.175601 -0.280007 0.943801 -0.173701 -0.235906 0.956126 -0.174221 -0.216714 0.960564 -0.175091 -0.160709 0.971347 -0.176825 -0.158946 0.971323 -0.177136 -0.0890188 0.980152 -0.18429 -0.091441 0.978609 -0.184612 -0.0448329 0.981788 -0.183149 -0.0137784 0.982989 -0.193113 -0.00518834 0.981163 -0.188904 0.0336101 0.98142 -0.181937 0.0644627 0.981195 -0.199744 0.0829165 0.976334 -0.18862 0.120864 0.974584 -0.170881 0.164869 0.9714 -0.166559 0.0994912 0.980999 -0.150781 0.173552 0.973214 -0.145023 0.11435 0.982798 -0.118905 0.189543 0.974646 -0.11583 0.119419 0.986064 -0.127029 0.0391918 0.991125 -0.0941184 0.116878 0.988677 -0.102167 0.033673 0.994197 -0.125712 -0.0513778 0.990735 -0.0885253 0.024431 0.995774 -0.118209 -0.0874545 0.98913 -0.176978 -0.216078 0.960203 -0.158824 -0.141975 0.977046 -0.229275 -0.340499 0.911863 -0.184003 -0.237328 0.953844 -0.258675 -0.44163 0.859099 -0.198324 -0.316413 0.927658 -0.288178 -0.552204 0.78232 -0.21134 -0.406371 0.888931 -0.185138 -0.325875 0.927108 -0.220012 -0.501538 0.836692 -0.183905 -0.377253 0.907667 -0.174316 -0.331415 0.927242 -0.170503 -0.281075 0.944418 -0.182438 -0.442202 0.878165 -0.171597 -0.377076 0.910148 -0.166594 -0.339285 0.925815 -0.159562 -0.407103 0.899337 -0.151918 -0.374384 0.914744 -0.165118 -0.299744 0.939622 -0.170427 -0.249389 0.953289 -0.16406 -0.263418 0.950629 -0.171913 -0.21931 0.96039 -0.168932 -0.212375 0.962475 -0.177668 -0.162072 0.970653 -0.177016 -0.16327 0.970571 -0.185881 -0.111174 0.976262 -0.191705 -0.0525817 0.980043 -0.195186 -0.057843 0.979059 -0.200533 -0.000253258 0.979687 -0.20132 0.0476119 0.978368 -0.211078 0.0603958 0.975602 -0.209826 0.108131 0.971741 -0.207399 0.153473 0.966143 -0.222838 0.184394 0.957258 -0.217699 0.228416 0.948912 -0.209464 0.268095 0.940346 -0.199595 0.201145 0.959011 -0.19645 0.288072 0.937242 -0.185054 0.225452 0.956518 -0.173085 0.322952 0.930453 -0.165035 0.234784 0.957935 -0.135641 0.348226 0.927545 -0.124595 0.273078 0.953889 -0.0797945 0.376221 0.923088 -0.0716171 0.280676 0.957127 -0.079124 0.198612 0.976879 0.0270267 0.346358 0.937713 -0.0156275 0.22057 0.975246 -0.0487607 0.124178 0.991061 0.0906315 0.263169 0.960483 0.0206622 0.12422 0.99204 -0.0856716 -0.00859902 0.996286 0.0464673 0.116836 0.992064 -0.0942739 -0.0476068 0.994407 -0.229887 -0.194489 0.953586 -0.181583 -0.129202 0.974851 -0.361469 -0.329504 0.87222 -0.266947 -0.264843 0.926605 -0.472857 -0.457823 0.752864 -0.345144 -0.40305 0.8476 -0.533039 -0.573446 0.622117 -0.405372 -0.533551 0.742291 -0.556632 -0.67835 0.479585 -0.440668 -0.648808 0.620371 -0.542731 -0.773492 0.327344 -0.429727 -0.750238 0.502471 -0.295672 -0.651772 0.698406 -0.407296 -0.8375 0.364285 -0.291145 -0.730139 0.618168 -0.216152 -0.579311 0.785924 -0.257042 -0.822931 0.506669 -0.322986 -0.915483 0.239938 -0.212489 -0.959828 0.183243 -0.194839 -0.861559 0.468779 -0.0910177 -0.979936 0.177316 -0.124893 -0.868351 0.479967 0.0433774 -0.97846 0.201828 -0.0527608 -0.856822 0.512905 -0.113019 -0.66916 0.734474 -0.140549 -0.512071 0.847366 0.00670417 -0.810942 0.585089 -0.0885911 -0.628085 0.773085 -0.133125 -0.471853 0.871569 -0.0734773 -0.570413 0.818065 -0.129128 -0.418695 0.898899 -0.151457 -0.338659 0.928639 -0.123329 -0.392421 0.91148 -0.153846 -0.296166 0.942665 -0.128881 -0.335373 0.933228 -0.162519 -0.239539 0.957188 -0.14467 -0.266443 0.952932 -0.174495 -0.180994 0.96788 -0.186092 -0.119451 0.975244 -0.185928 -0.129552 0.973985 -0.199444 -0.0590181 0.97813 -0.20727 0.00494357 0.978271 -0.214076 0.00254884 0.976814 -0.219657 0.0639692 0.973478 -0.224032 0.132855 0.965484 -0.234324 0.133631 0.96293 -0.235765 0.198714 0.951277 -0.232881 0.247731 0.940423 -0.250417 0.277851 0.927411 -0.243055 0.328971 0.912525 -0.238386 0.390577 0.889169 -0.229341 0.295092 0.927536 -0.234022 0.43473 0.869623 -0.224832 0.340107 0.913114 -0.216689 0.50078 0.838013 -0.213888 0.375146 0.901952 -0.1948 0.549851 0.812229 -0.194356 0.408963 0.891614 -0.131794 0.630768 0.764698 -0.16024 0.435992 0.88557 -0.178795 0.770504 0.611846 -0.0678317 0.838885 0.540066 -0.124516 0.948213 0.292213 -0.000679918 0.972659 0.232236 0.160498 0.957994 0.237671 0.024921 0.994841 -0.0983395 0.14612 0.986594 -0.0726656 0.120565 0.989716 -0.0769776 0.388863 0.815304 0.429028 0.715192 0.436423 0.545925 0.607664 0.436007 0.663809 0.499344 0.548045 0.671046 0.490517 0.365023 0.791297 0.417596 0.461677 0.782603 0.246112 0.507678 0.825647 0.068825 0.476307 0.876581 0.309551 0.338611 0.88855 0.154916 0.392023 0.906818 0.180803 0.236475 0.954667 0.361849 0.285195 0.887541 0.215694 0.181171 0.959507 0.0526305 0.0791982 0.995468 0.216398 0.185872 0.958449 0.0395195 0.0432572 0.998282 -0.143289 -0.0860262 0.985935 -0.11648 -0.0163863 0.993058 -0.311586 -0.203365 0.928201 -0.280785 -0.145189 0.948725 -0.463034 -0.316339 0.827967 -0.435797 -0.271943 0.857979 -0.579213 -0.426532 0.694681 -0.555963 -0.395959 0.730837 -0.646746 -0.534843 0.543749 -0.620338 -0.516977 0.589844 -0.670754 -0.637505 0.379046 -0.647904 -0.629949 0.428234 -0.645251 -0.735333 0.207209 -0.628785 -0.735398 0.252623 -0.559744 -0.827044 0.0518183 -0.541358 -0.835439 0.0947273 -0.493002 -0.853387 0.169349 -0.410986 -0.911308 -0.0246502 -0.383384 -0.921772 0.0579092 -0.233579 -0.967402 -0.0978472 -0.230091 -0.973079 -0.013255 -0.038235 -0.99172 -0.122596 -0.0600578 -0.997404 -0.039733 0.148873 -0.986126 -0.0734284 0.110491 -0.99387 0.00372523 0.314445 -0.949091 0.0187164 0.250743 -0.963328 0.0955362 0.138044 -0.944 0.29968 0.365825 -0.90292 0.225627 0.204343 -0.89398 0.398803 0.0352 -0.761408 0.647317 0.258677 -0.820737 0.509388 0.0403955 -0.684444 0.727946 -0.0759027 -0.513471 0.854744 0.0565195 -0.614553 0.786848 -0.0727498 -0.464319 0.882675 0.0508331 -0.53597 0.842705 -0.0886533 -0.388397 0.917218 0.0191344 -0.444318 0.895665 -0.112038 -0.316623 0.941911 -0.160398 -0.213301 0.96373 -0.123743 -0.253473 0.959395 -0.175821 -0.161061 0.971157 -0.205073 -0.0626689 0.976738 -0.203873 -0.0825326 0.975512 -0.224321 0.00451969 0.974505 -0.228934 0.0663487 0.971178 -0.247099 0.0653875 0.966782 -0.247644 0.13773 0.959011 -0.251716 0.214025 0.943839 -0.287616 0.231749 0.929285 -0.283012 0.321777 0.903528 -0.278146 0.396766 0.874764 -0.352415 0.45444 0.8181 -0.349275 0.56915 0.744362 -0.32113 0.678434 0.660759 -0.268266 0.489321 0.829818 -0.280833 0.738304 0.613221 -0.248263 0.53796 0.805583 -0.252554 0.813754 0.523471 -0.242419 0.601942 0.760854 -0.188042 0.893058 0.408763 -0.218218 0.69016 0.689971 -0.291731 0.938075 0.186839 -0.178695 0.98287 0.0451037 -0.0694435 0.996431 -0.0479969 -0.212461 0.950823 -0.225381 -0.0608706 0.949442 -0.307985 0.0353865 0.944329 -0.327096 -0.120485 0.890109 -0.439533 -0.00292077 0.901609 -0.432542 0.0409288 0.896327 -0.441501 0.0822954 0.938583 -0.335096 0.0587754 0.883942 -0.463887 0.101406 0.939395 -0.327495 0.787367 0.411561 0.45899 0.823696 0.366134 0.432979 0.748062 0.353921 0.561376 0.683611 0.414692 0.600589 0.60838 0.300474 0.734567 0.53689 0.370023 0.758177 0.406163 0.23285 0.883636 0.37666 0.297402 0.877313 0.211666 0.167625 0.96286 -0.040881 0.557515 -0.829159 -0.173531 0.558201 -0.811356 -0.196486 0.557025 -0.806918 -0.0413849 0.557059 -0.829441 0.109219 0.560739 -0.820757 0.0946933 0.557774 -0.824573 0.0316216 0.0893936 0.995494 0.242042 0.570027 -0.785165 0.225253 0.567272 -0.792126 -0.146947 -0.0233565 0.988869 0.365002 0.580559 -0.727822 0.350278 0.577342 -0.737551 -0.323693 -0.137235 0.936157 0.477739 0.592202 -0.648893 0.465308 0.589086 -0.660656 -0.480811 -0.252165 0.839782 0.564136 0.607617 -0.559063 0.561384 0.602809 -0.566982 -0.60512 -0.366291 0.706867 0.627001 0.627093 -0.462195 0.63076 0.621328 -0.464857 -0.679716 -0.483098 0.551908 0.678276 0.646109 -0.349979 0.68003 0.641959 -0.354186 -0.704002 -0.597969 0.383162 0.708082 0.665563 -0.235895 0.712672 0.661482 -0.233538 -0.675652 -0.708655 0.20323 0.714891 0.687174 -0.129319 0.719949 0.683665 -0.119486 -0.579682 -0.81367 0.0437133 0.707871 0.706217 -0.013305 0.708811 0.705357 -0.00766383 -0.41972 -0.903744 -0.0841568 -0.419457 -0.905169 -0.0687379 -0.229183 -0.959384 -0.164491 -0.233274 -0.96079 -0.149884 -0.0100045 -0.985036 -0.172059 -0.019003 -0.986539 -0.162417 0.19485 -0.972872 -0.124718 0.173096 -0.977502 -0.120534 0.372156 -0.927999 -0.0178427 0.346803 -0.937727 -0.0199124 0.492591 -0.861786 0.121159 0.473177 -0.873747 0.112564 0.432656 -0.888549 0.152609 0.557814 -0.777405 0.290663 0.494929 -0.812337 0.30847 0.424837 -0.831042 0.359003 0.528815 -0.698855 0.481619 0.451576 -0.74428 0.492064 0.268357 -0.744343 0.611505 0.441297 -0.620132 0.648608 0.251882 -0.647336 0.719382 0.364618 -0.512983 0.777111 0.209473 -0.543173 0.813071 0.274213 -0.402473 0.873397 0.138457 -0.438544 0.88798 -0.0209342 -0.361733 0.932047 0.0486938 -0.308404 0.950008 -0.0584441 -0.284041 0.957029 -0.145926 -0.192598 0.970367 -0.0994311 -0.1841 0.977865 -0.187083 -0.1156 0.975519 -0.240692 -0.00393008 0.970594 -0.277904 0.140101 0.950337 -0.353641 0.229091 0.906893 -0.344914 0.346807 0.872215 -0.445401 0.280434 0.850279 -0.463922 0.464146 0.75455 -0.464885 0.607204 0.644349 -0.608693 0.423231 0.671095 -0.578121 0.658007 0.482496 -0.572908 0.772336 0.27436 -0.467987 0.72004 0.512377 -0.502666 0.855626 0.123409 -0.419126 0.827682 0.373197 -0.416211 0.908145 0.045177 -0.353575 0.88918 0.290417 -0.333982 0.939714 -0.0734458 -0.45058 0.891351 -0.0497111 -0.362661 0.913221 -0.185754 -0.237201 0.901706 -0.361472 -0.395256 0.88993 -0.227591 -0.262 0.881407 -0.393036 -0.160183 0.876597 -0.453784 -0.292479 0.871947 -0.392637 -0.196037 0.884059 -0.424275 -0.137435 0.888519 -0.437773 -0.0900985 0.884026 -0.458673 -0.106406 0.882986 -0.45718 -0.0503651 0.881293 -0.469879 -0.092264 0.872491 -0.47984 -0.0236673 0.870166 -0.49219 -0.427891 0.610277 -0.666687 -0.458326 0.614735 -0.641902 -0.413714 0.60057 -0.68422 -0.381022 0.589255 -0.712461 -0.359335 0.583049 -0.728651 -0.415209 0.608888 -0.675912 -0.350736 0.589065 -0.728002 -0.308095 0.570931 -0.760996 -0.28756 0.56905 -0.770384 -0.228451 0.56687 -0.791497 -0.396824 0.58555 -0.706868 -0.250937 0.567995 -0.783845 -0.0692471 0.557128 -0.827534 -0.047104 0.551024 -0.833159 0.105969 0.558413 -0.822767 0.11166 0.553049 -0.825633 0.243196 0.566022 -0.787702 0.243569 0.560898 -0.791244 0.368419 0.575387 -0.730203 0.372861 0.569113 -0.732861 0.455469 0.589924 -0.666737 0.476272 0.581202 -0.659825 0.539815 0.604429 -0.585888 0.550551 0.597988 -0.582498 0.61922 0.619121 -0.482965 0.624765 0.614109 -0.482222 0.674113 0.635644 -0.376202 0.680973 0.63163 -0.370566 0.704533 0.65414 -0.275198 0.711865 0.651036 -0.263441 0.717858 0.67349 -0.176326 0.725162 0.67063 -0.156188 0.719688 0.691258 -0.064898 0.723978 0.688783 -0.0378686 0.703357 0.710406 0.0247302 0.698333 0.712596 0.0673608 0.686722 0.721344 0.0898649 0.680969 0.724984 0.103344 0.663314 0.730581 0.162067 0.651144 0.735995 0.185263 0.628325 0.752793 0.196242 0.610825 0.751474 0.249358 0.597035 0.753495 0.275308 0.571528 0.768934 0.286525 0.552517 0.767747 0.324482 0.531893 0.769391 0.353734 0.503674 0.783309 0.364334 0.495974 0.785468 0.370202 0.461022 0.785551 0.412757 0.426873 0.797638 0.42609 0.445264 0.804108 0.39389 0.387407 0.806194 0.447177 0.348794 0.814106 0.4643 0.576605 -0.762358 0.293831 0.307754 0.821297 0.480374 0.271967 0.823823 0.497343 0.579942 -0.673913 0.457722 0.56554 -0.686004 0.457781 0.554036 -0.536768 0.636337 0.53176 -0.590318 0.607253 0.504196 -0.605355 0.615899 0.464311 -0.44425 0.766196 0.424295 -0.51337 0.745939 0.343635 -0.336966 0.876567 0.311966 -0.408617 0.857735 0.198198 -0.248882 0.948038 0.186021 -0.307698 0.933123 0.149254 -0.311402 0.938484 0.0380264 -0.198253 0.979413 0.0104429 -0.230022 0.973129 -0.0393296 -0.216094 0.97558 -0.131346 -0.122851 0.983695 -0.153508 -0.135564 0.978804 -0.282798 -0.0443481 0.958154 -0.291353 -0.0415597 0.955713 -0.425368 0.0153788 0.90489 -0.425942 0.0563171 0.902996 -0.56829 0.0625765 0.820446 -0.546711 0.189389 0.815622 -0.654615 0.390287 0.647422 -0.54349 -0.0867904 0.834917 -0.649864 -0.162745 0.742422 -0.419338 0.867171 0.268645 -0.492099 0.841783 0.221902 -0.574909 0.730989 0.367606 -0.556804 0.827303 0.0744301 -0.593659 0.789165 0.157442 -0.519238 0.853141 -0.0504238 -0.53028 0.847575 0.0205141 -0.449695 0.889169 -0.0845772 -0.481144 0.871892 -0.0911272 -0.433882 0.893117 -0.118693 -0.394386 0.880724 -0.262269 -0.409531 0.900789 -0.144444 -0.380132 0.881691 -0.279502 -0.299917 0.876876 -0.375683 -0.361896 0.894046 -0.264031 -0.303039 0.890819 -0.338539 -0.253092 0.898603 -0.358409 -0.236585 0.890043 -0.38968 -0.221225 0.901494 -0.371979 -0.190812 0.892782 -0.408081 -0.208515 0.899379 -0.384237 -0.163114 0.885946 -0.434159 -0.199621 0.892175 -0.405185 -0.147552 0.878392 -0.454595 -0.505388 0.60667 -0.613624 -0.555992 0.59922 -0.576028 -0.501996 0.587685 -0.634528 -0.463366 0.595239 -0.656493 -0.427286 0.574296 -0.698291 -0.545597 0.559774 -0.62368 -0.477787 0.558613 -0.677991 -0.359642 0.55208 -0.75224 -0.292405 0.555991 -0.778058 -0.145847 0.544099 -0.826247 -0.0984659 0.544768 -0.832786 0.0559694 0.551486 -0.832304 0.0939782 0.549387 -0.830266 0.209179 0.560742 -0.801132 0.236117 0.556959 -0.79627 0.338342 0.57079 -0.748147 0.35812 0.56737 -0.741513 0.431883 0.581208 -0.689692 0.453154 0.579206 -0.677622 0.491898 0.594148 -0.636415 0.538961 0.591945 -0.599268 0.549044 0.60997 -0.571391 0.610563 0.607318 -0.50831 0.593314 0.627674 -0.503987 0.66412 0.624995 -0.410276 0.621832 0.642642 -0.447589 0.69029 0.644029 -0.329734 0.651647 0.655355 -0.381925 0.705175 0.663322 -0.250462 0.679471 0.674508 -0.288718 0.708777 0.684961 -0.168712 0.690165 0.702723 -0.172779 0.700787 0.704427 -0.112605 0.676822 0.735206 -0.0371959 0.690649 0.72077 -0.059112 0.681002 0.725433 0.0999206 0.681899 0.731446 -0.000729054 0.650601 0.742251 0.160564 0.65876 0.747307 0.0869888 0.61349 0.762398 0.20586 0.59859 0.77704 0.194678 0.580982 0.779462 0.234305 0.499278 0.8052 0.319959 0.545327 0.79365 0.2697 0.361065 0.819907 0.44428 0.487186 0.810072 0.326241 0.391139 0.819921 0.418018 0.391176 0.82872 0.400255 0.34234 0.836536 0.427799 0.228588 0.838799 0.494129 0.185482 0.839892 0.510077 0.260337 0.852106 0.454026 0.154044 0.85834 0.48941 0.0964317 0.862718 0.496406 0.477481 -0.414193 0.774891 0.0658223 0.872774 0.483666 0.0179009 0.872219 0.488788 0.35903 -0.351094 0.864772 -0.0232687 0.887616 0.459997 -0.0566833 0.886604 0.459043 0.212546 -0.26792 0.939704 -0.0912731 0.903159 0.419492 -0.126694 0.902543 0.411539 0.0603874 -0.183156 0.981227 0.0529623 -0.191429 0.980077 -0.0978205 -0.102516 0.98991 -0.100195 -0.143152 0.984616 -0.114449 -0.138744 0.983693 -0.259391 -0.0786893 0.962561 -0.263275 -0.101274 0.95939 -0.405319 -0.0512646 0.912737 -0.409497 -0.0663046 0.909899 -0.531535 -0.0682155 0.844285 -0.400652 -0.0602397 0.914248 -0.532772 -0.0486048 0.844862 -0.6367 -0.061308 0.76867 -0.645517 -0.109588 0.755842 -0.336219 0.932411 0.132537 -0.257548 0.96294 0.0800989 -0.332243 0.937479 0.103674 -0.404103 0.907433 0.115181 -0.428843 0.903093 0.0227246 -0.485583 0.874031 0.0166786 -0.445075 0.890383 -0.0955332 -0.389034 0.921037 0.0185036 -0.411762 0.908424 -0.0722399 -0.393152 0.90754 -0.147659 -0.380791 0.923558 -0.0451483 -0.375808 0.919995 -0.111252 -0.354934 0.922479 -0.151838 -0.338609 0.940696 0.02084 -0.351541 0.935975 0.0192314 -0.355212 0.932504 -0.0652817 -0.324237 0.922394 -0.209903 -0.332695 0.934874 -0.123792 -0.291482 0.924694 -0.244907 -0.32882 0.936497 -0.121862 -0.275535 0.927385 -0.253057 -0.323316 0.932911 -0.158566 -0.278071 0.924506 -0.260701 -0.296718 0.926144 -0.23284 -0.247934 0.913896 -0.321437 -0.621477 0.565568 -0.542124 -0.658615 0.538213 -0.525883 -0.624785 0.540985 -0.563009 -0.709776 0.511076 -0.484789 -0.703613 0.507736 -0.497125 -0.631204 0.512062 -0.582558 -0.598113 0.536669 -0.595186 -0.434096 0.524742 -0.732262 -0.467414 0.532798 -0.705444 -0.180496 0.530312 -0.828366 -0.215911 0.538454 -0.814524 0.0198049 0.538878 -0.842151 0.0120052 0.547036 -0.837023 0.156783 0.548514 -0.82131 0.187396 0.557161 -0.808984 0.236138 0.55645 -0.79662 0.308307 0.568237 -0.762924 0.264648 0.556371 -0.787663 0.361537 0.576328 -0.732897 0.324052 0.566375 -0.757766 0.392983 0.582294 -0.711686 0.456621 0.608025 -0.649464 0.452066 0.593036 -0.666292 0.600688 0.657362 -0.455027 0.530359 0.61676 -0.581658 0.666706 0.675987 -0.313918 0.595345 0.647235 -0.476078 0.695061 0.687219 -0.211236 0.654182 0.678009 -0.335187 0.703847 0.701733 -0.110318 0.693502 0.704116 -0.152564 0.701712 0.710418 -0.0539143 0.698711 0.715305 0.0119414 0.702062 0.711697 -0.0244063 0.680601 0.722465 0.121761 0.700231 0.713663 0.0190261 0.64095 0.740848 0.200815 0.638529 0.761142 0.11377 0.59696 0.757027 0.265612 0.573306 0.766413 0.289709 0.558006 0.772518 0.303058 0.485865 0.769691 0.414138 0.525927 0.782529 0.33324 0.397403 0.774062 0.492847 0.48632 0.792585 0.367832 0.312002 0.789152 0.52905 0.44678 0.804569 0.391224 0.250268 0.810049 0.53027 0.228182 0.81911 0.5263 0.215233 0.829028 0.516128 0.123611 0.827025 0.548407 0.227254 0.846472 0.481499 0.103522 0.850139 0.516282 0.099673 0.859464 0.501385 0.127122 0.868238 0.479587 0.0648859 0.876682 0.476674 0.0253882 0.881024 0.472389 0.0341806 0.894421 0.445918 -0.0366664 0.89637 0.441788 -0.0136967 0.90803 0.418681 -0.100028 0.913318 0.394771 -0.148632 0.916771 0.370729 -0.179857 0.917137 0.355684 -0.151637 0.92411 0.350752 -0.189397 0.93197 0.309128 -0.219909 0.936107 0.274489 -0.249184 -0.0735341 0.96566 -0.22539 0.94413 0.240453 -0.245133 0.946092 0.211705 -0.196322 0.939811 0.279665 -0.220059 0.948452 0.228063 -0.237348 0.955222 0.176683 -0.241037 0.965636 0.0972076 -0.250326 0.949609 0.188624 -0.242721 0.96056 0.135687 -0.315071 0.939768 0.132539 -0.307962 0.943852 0.119596 -0.37021 0.928121 0.0391868 -0.248287 0.943442 0.219704 -0.317218 0.937887 0.140504 -0.344967 0.937576 0.0441449 -0.263739 0.940838 0.212756 -0.32275 0.943706 0.072467 -0.314539 0.949181 -0.010968 -0.344333 0.934672 -0.0884454 -0.32821 0.925516 -0.18894 -0.303446 0.911138 -0.278831 -0.310209 0.943575 -0.115916 -0.254005 0.915854 -0.310956 -0.27491 0.9299 -0.244358 -0.237158 0.932922 -0.270946 -0.249341 0.932697 -0.260586 -0.240547 0.945871 -0.217864 -0.266559 0.943266 -0.197976 -0.227089 0.945137 -0.234833 -0.265613 0.94442 -0.193702 -0.205393 0.944338 -0.25698 -0.287739 0.943309 -0.165451 -0.173048 0.942117 -0.287176 -0.130211 0.918991 -0.372157 -0.70435 0.508267 -0.495536 -0.625069 0.477581 -0.617417 -0.544015 0.46866 -0.695992 -0.623419 0.511377 -0.591475 -0.425564 0.470169 -0.773199 -0.469173 0.504742 -0.724646 -0.297149 0.476671 -0.827338 -0.296767 0.496427 -0.815776 -0.138281 0.485227 -0.863385 -0.127842 0.499744 -0.856687 0.0190721 0.506746 -0.861884 0.0184147 0.517489 -0.855492 0.155146 0.533291 -0.831583 0.135147 0.537589 -0.832306 0.256478 0.555774 -0.790781 0.211961 0.553774 -0.805237 0.32736 0.569802 -0.753764 0.290839 0.570328 -0.768205 0.411376 0.585575 -0.698478 0.427307 0.595892 -0.679943 0.48835 0.600004 -0.633648 0.57658 0.627745 -0.522964 0.56143 0.619504 -0.548644 0.631203 0.650885 -0.421819 0.622631 0.656004 -0.426603 0.64481 0.667258 -0.37281 0.666511 0.684555 -0.295208 0.668223 0.679169 -0.303656 0.687752 0.701662 -0.186194 0.691861 0.69505 -0.195535 0.694398 0.708599 -0.125296 0.69814 0.706822 -0.114034 0.696637 0.71394 -0.0706168 0.696636 0.715876 -0.0471205 0.69109 0.722748 0.00547135 0.68644 0.726453 0.0326532 0.671096 0.735315 0.0945589 0.663272 0.738258 0.122662 0.687471 0.721809 0.0798521 0.626817 0.752266 0.202969 0.669803 0.730098 0.135354 0.575846 0.76938 0.276506 0.636393 0.744103 0.203258 0.5387 0.780094 0.318206 0.593537 0.759777 0.265429 0.502405 0.790548 0.350175 0.548693 0.774332 0.315191 0.449214 0.80551 0.386471 0.481838 0.79618 0.365962 0.402588 0.816523 0.413779 0.39646 0.821197 0.410433 0.333502 0.83568 0.436365 0.203323 0.848535 0.488516 0.2514 0.853935 0.455624 0.165957 0.864993 0.473546 0.109072 0.8722 0.476834 0.0947251 0.880194 0.465066 0.0781695 0.885987 0.457074 0.0292237 0.896919 0.441227 0.037943 0.898892 0.436525 -0.0421001 0.910877 0.410524 0.011602 0.909377 0.415812 -0.0534555 0.91876 0.391182 -0.0237806 0.917712 0.396534 -0.0991831 0.929985 0.353965 -0.0603021 0.924637 0.376046 -0.142909 0.938141 0.315387 -0.105537 0.929098 0.354456 -0.186803 0.943018 0.275357 -0.173191 0.933011 0.315428 -0.196146 0.941686 0.273413 -0.255096 0.946912 0.195664 -0.324042 0.944498 0.0540416 -0.3242 0.934825 0.1449 -0.34995 0.936389 0.0266556 -0.338963 0.939264 -0.0537326 -0.303508 0.944623 0.124779 -0.316862 0.94714 0.0502511 -0.305864 0.951926 0.0168665 -0.313063 0.946027 -0.0838119 -0.286437 0.957135 -0.0429662 -0.294142 0.950651 -0.0987126 -0.250207 0.956868 -0.147651 -0.276983 0.953385 -0.119739 -0.224957 0.956829 -0.184045 -0.255726 0.956492 -0.140458 -0.198981 0.95692 -0.211446 -0.221811 0.955845 -0.192769 -0.170674 0.95165 -0.255407 -0.2717 0.960832 0.0545965 -0.275749 0.961105 -0.0154649 -0.230059 0.972274 -0.0418942 -0.158352 0.951084 -0.265263 -0.685704 0.435223 -0.58343 -0.77459 0.371156 -0.512107 -0.686452 0.396481 -0.60958 -0.62737 0.439867 -0.642591 -0.545174 0.420214 -0.725401 -0.506387 0.445282 -0.738442 -0.376092 0.442706 -0.813981 -0.348574 0.453493 -0.820268 -0.219443 0.461199 -0.859733 -0.172977 0.464302 -0.868621 -0.087649 0.483343 -0.871032 -0.0121416 0.487413 -0.873087 0.0168202 0.509304 -0.860422 0.104826 0.518376 -0.848704 0.0813277 0.528522 -0.845015 0.158177 0.536559 -0.828906 0.184366 0.562774 -0.805788 0.186004 0.533333 -0.825202 0.371573 0.623378 -0.687992 0.284773 0.551547 -0.784028 0.555189 0.667432 -0.496286 0.432926 0.596989 -0.67541 0.657502 0.692931 -0.295868 0.5724 0.665827 -0.478573 0.688005 0.703647 -0.177567 0.640488 0.701708 -0.31206 0.695245 0.708418 -0.121565 0.667962 0.711199 -0.21914 0.695791 0.71318 -0.0851423 0.679361 0.715248 -0.163978 0.693926 0.71905 -0.0378478 0.684139 0.719291 -0.120726 0.686559 0.726288 0.0337957 0.684519 0.726257 -0.0631244 0.667222 0.734637 0.122972 0.676192 0.736311 0.0247082 0.636636 0.74539 0.197708 0.655023 0.747429 0.110881 0.605893 0.756502 0.246168 0.632581 0.753819 0.177761 0.640001 0.747015 0.17991 0.615811 0.758403 0.213546 0.600308 0.761962 0.24299 0.602614 0.761075 0.240044 0.573135 0.770092 0.280134 0.571715 0.76921 0.285408 0.537194 0.77971 0.321673 0.52622 0.781282 0.335695 0.484793 0.793719 0.367404 0.468653 0.79606 0.382951 0.432288 0.807306 0.401726 0.384032 0.823331 0.417906 0.368793 0.82415 0.429847 0.314973 0.8408 0.44028 0.312149 0.842331 0.439364 0.235859 0.85901 0.454392 0.243486 0.857824 0.452606 0.16645 0.869326 0.465367 0.141212 0.87477 0.463505 0.0897462 0.884094 0.45861 0.0290932 0.893123 0.448871 -0.0332808 0.901663 0.431157 -0.0385692 0.905169 0.423298 -0.135696 0.914885 0.380227 -0.104554 0.923234 0.369738 -0.208749 0.924172 0.31989 -0.152128 0.933116 0.32581 -0.270046 0.931137 0.245072 -0.10392 0.916305 0.386762 -0.17418 0.929354 0.325518 -0.256016 0.93886 0.23021 -0.118821 0.92028 0.372783 -0.208952 0.936168 0.282716 -0.267708 0.946475 0.180324 -0.117006 0.91559 0.384712 -0.218144 0.93863 0.267182 -0.267202 0.951089 0.155027 -0.296731 0.952644 0.0664924 -0.273933 0.94898 0.156195 -0.291187 0.956298 -0.0265353 -0.281408 0.948978 0.142307 -0.273451 0.959159 -0.0723789 -0.292871 0.944705 0.147505 -0.247807 0.965679 -0.0778145 -0.267764 0.963184 0.02408 -0.252499 0.960716 0.115187 -0.234408 0.971932 0.0200035 -0.21991 0.96614 -0.134955 -0.200037 0.971955 -0.123647 -0.229234 0.968752 0.0947162 -0.230018 0.962997 0.140461 -0.230841 0.940517 0.249277 -0.238004 0.95386 0.183046 -0.215749 0.955462 0.201358 -0.202231 0.956586 0.209868 -0.235337 0.88774 0.395643 -0.195271 0.971211 0.136446 -0.224598 0.845715 0.484067 -0.189525 0.976702 0.100668 -0.191039 0.866432 0.461302 -0.230452 0.804874 0.546873 -0.169129 0.909602 0.379499 -0.24378 0.745259 0.620613 -0.222684 0.819608 0.527877 -0.172755 0.925977 0.33574 -0.186743 0.86217 0.470945 -0.153565 0.920377 0.359616 -0.204462 0.839459 0.503492 -0.202559 0.87785 0.433993 -0.140543 0.932217 0.333495 -0.16923 0.969739 0.175975 -0.689338 0.232315 -0.68618 -0.617189 0.196151 -0.761973 -0.548756 0.243226 -0.799817 -0.577346 0.283425 -0.76573 -0.643129 0.315555 -0.697717 -0.74903 0.280372 -0.600287 -0.696127 0.341452 -0.63152 -0.778769 0.299097 -0.551416 -0.505067 0.311281 -0.804992 -0.496149 0.350526 -0.794334 -0.541825 0.380647 -0.749356 -0.428776 0.373416 -0.822625 -0.38859 0.407226 -0.826538 -0.411925 0.389377 -0.823835 -0.293059 0.432448 -0.852705 -0.273376 0.42836 -0.861263 -0.178976 0.46503 -0.867015 0.00864345 0.53196 -0.846725 -0.0116885 0.51577 -0.856647 0.190338 0.582141 -0.790495 0.149601 0.560181 -0.81475 0.330656 0.613453 -0.717177 0.333565 0.596827 -0.729748 0.469864 0.644519 -0.603177 0.499491 0.62962 -0.595053 0.597643 0.666334 -0.445894 0.605067 0.653994 -0.454078 0.698724 0.671302 -0.24726 0.680451 0.6704 -0.295888 0.729914 0.674073 -0.113361 0.712555 0.683255 -0.159459 0.718421 0.689484 -0.0921007 0.708858 0.69518 -0.119353 0.701216 0.707352 -0.0891634 0.69618 0.705753 -0.131323 0.694526 0.718136 -0.0437546 0.693316 0.712249 -0.109607 0.685791 0.726915 0.0358531 0.693859 0.718699 -0.0450663 0.663858 0.735571 0.135009 0.685208 0.727134 0.0420156 0.627327 0.744091 0.229759 0.662609 0.737757 0.129089 0.585492 0.752859 0.300669 0.63455 0.749556 0.188445 0.547406 0.762342 0.345227 0.602101 0.762439 0.236983 0.589042 0.765532 0.258826 0.563437 0.773789 0.289463 0.572204 0.77197 0.27685 0.509975 0.786637 0.348034 0.53882 0.781328 0.314959 0.443111 0.801554 0.401451 0.487595 0.794599 0.361751 0.359227 0.81962 0.446295 0.417374 0.812106 0.407779 0.253625 0.841353 0.477284 0.322209 0.834945 0.446148 0.391969 0.816801 0.423316 0.244282 0.854172 0.459039 0.318769 0.835131 0.448266 0.275471 0.847333 0.454029 0.274291 0.845269 0.458568 0.187727 0.868652 0.458478 0.107231 0.87794 0.466608 0.144325 0.875678 0.460823 0.0394616 0.888358 0.457453 0.114786 0.876366 0.467768 0.0188861 0.893877 0.447914 0.0510965 0.884931 0.462912 -0.0338816 0.904224 0.425712 -0.0252101 0.895557 0.444232 0.0827131 0.887275 0.453764 0.0154741 0.884689 0.465925 -0.096594 0.910208 0.40273 -0.190637 0.935432 0.297699 -0.248777 0.949596 0.190727 -0.241639 0.956977 0.160639 -0.188624 0.937678 0.291857 -0.246035 0.961535 0.122133 -0.223874 0.938385 0.263275 -0.249129 0.967536 -0.0425274 -0.254071 0.933735 0.252163 -0.254895 0.958656 0.126516 -0.242165 0.967668 0.0705268 -0.190627 0.93221 0.307646 -0.232058 0.925802 0.298397 -0.250505 0.935319 0.249852 -0.206211 0.93395 0.291913 -0.241033 0.961484 0.132106 -0.22227 0.974962 -0.00668319 -0.234178 0.966424 0.105758 -0.226237 0.973652 -0.0286214 -0.217001 0.973704 -0.069363 -0.219997 0.975438 -0.0110371 -0.208213 0.972098 -0.108039 -0.215974 0.976292 -0.014466 -0.204875 0.970265 -0.128885 -0.207068 0.977926 -0.0279895 -0.198845 0.973692 -0.111287 -0.189664 0.981849 0.00106019 -0.181089 0.981537 -0.0615827 -0.174205 0.984407 0.0243807 -0.17412 0.973979 0.145079 -0.16256 0.986281 0.0287047 -0.15607 0.975393 0.155727 -0.159184 0.93178 0.326263 -0.144011 0.977586 0.153578 -0.150594 0.938864 0.309607 -0.204071 0.816671 0.539818 -0.230037 0.768673 0.596845 -0.275852 0.698112 0.660716 -0.275112 0.71425 0.643553 -0.292424 0.658321 0.693616 -0.275174 0.733245 0.621796 -0.299939 0.604592 0.737906 -0.283271 0.712841 0.641572 -0.65033 -0.0159009 -0.759485 -0.609812 -0.0761481 -0.788879 -0.564648 -0.0213493 -0.825056 -0.592531 0.0550188 -0.803666 -0.568919 0.162951 -0.806089 -0.658465 0.0854415 -0.747745 -0.552386 0.110585 -0.826221 -0.5678 0.19048 -0.800825 -0.553005 0.254439 -0.793377 -0.586981 0.24158 -0.772718 -0.593526 0.280626 -0.754304 -0.523945 0.334123 -0.783482 -0.449571 0.378903 -0.8089 -0.508044 0.342727 -0.790209 0.0511518 0.518908 -0.853298 -0.21317 0.443836 -0.870384 0.152158 0.559131 -0.814997 0.124983 0.568898 -0.812855 0.197752 0.580884 -0.7896 0.20519 0.586469 -0.783551 0.388387 0.633538 -0.669168 0.325156 0.616928 -0.71671 0.587749 0.661828 -0.465333 0.488175 0.653102 -0.578916 0.730203 0.643752 -0.228881 0.651426 0.665728 -0.363937 0.779479 0.622722 -0.0680379 0.757011 0.640584 -0.128792 0.764938 0.641851 -0.0538259 0.781683 0.623662 -0.00415792 0.72572 0.675479 -0.130613 0.769833 0.638207 0.00705059 0.693554 0.694563 -0.191218 0.747971 0.663664 -0.00953506 0.691019 0.702714 -0.169367 0.729546 0.683916 0.00466149 0.705891 0.705705 -0.0608072 0.716424 0.693109 0.0796024 0.702372 0.707127 0.0815134 0.689244 0.697514 0.196002 0.672496 0.714696 0.192244 0.641479 0.705043 0.302355 0.636736 0.726401 0.258667 0.590439 0.718835 0.366956 0.599538 0.739392 0.306356 0.547074 0.735871 0.399003 0.55687 0.753143 0.350244 0.497692 0.753073 0.430329 0.508683 0.772424 0.380268 0.436875 0.766612 0.47058 0.453939 0.781693 0.427662 0.355413 0.783879 0.509131 0.38482 0.796187 0.466904 0.260998 0.800931 0.538877 0.299713 0.812905 0.499356 0.169303 0.8221 0.543588 0.208144 0.832405 0.513593 0.0891312 0.844897 0.527451 0.122395 0.85407 0.505553 0.158568 0.861393 0.482553 0.0403391 0.872257 0.487382 0.0661718 0.880075 0.470201 0.177021 0.872723 0.454992 -0.0369283 0.89512 0.444294 0.111698 0.888318 0.445437 0.233829 0.855195 0.462563 -0.00822658 0.909021 0.41667 0.166962 0.87068 0.462645 -0.117511 0.926147 0.358388 -0.139048 0.90556 0.400782 -0.194973 0.917069 0.347807 -0.263981 0.924916 0.273577 -0.0648608 0.90989 0.409747 -0.091644 0.920973 0.378695 -0.140373 0.931271 0.336199 -0.292454 0.938942 0.181271 -0.167759 0.933385 0.317254 -0.257701 0.952053 0.164882 -0.0291949 0.909424 0.414844 -0.0955623 0.915772 0.390166 -0.147997 0.920847 0.360746 -0.0459944 0.917132 0.395921 -0.113273 0.922436 0.369161 -0.185187 0.942131 0.279456 -0.101101 0.946477 0.306529 -0.180995 0.962313 0.202967 -0.230988 0.972662 0.0239254 -0.211107 0.974168 0.0801962 -0.253072 0.962277 -0.0998868 -0.236611 0.942948 -0.23423 -0.22295 0.966104 -0.130143 -0.21276 0.940368 -0.265406 -0.199465 0.956218 -0.214151 -0.213284 0.955523 -0.203682 -0.19652 0.951993 -0.234713 -0.208728 0.973204 -0.0964657 -0.201209 0.961083 -0.189299 -0.178401 0.983133 -0.0402827 -0.182583 0.979381 -0.0864666 -0.155739 0.984536 -0.080215 -0.147691 0.989 -0.00809551 -0.167762 0.972132 -0.163753 -0.131021 0.991338 0.00911423 -0.156253 0.987656 -0.0110151 -0.140127 0.989385 -0.038484 -0.143387 0.989655 0.00476571 -0.15098 0.987659 0.0416481 -0.143983 0.989446 -0.016274 -0.141321 0.989254 0.037471 -0.137682 0.979923 0.144202 -0.136782 0.990241 0.0266951 -0.130608 0.981609 0.139232 -0.139707 0.943794 0.299558 -0.145521 0.94217 0.301893 -0.186145 0.851139 0.490829 -0.193404 0.83927 0.508154 -0.25473 0.729491 0.634788 -0.266869 0.713579 0.647754 -0.296174 0.642551 0.706689 -0.296154 0.641819 0.707363 -0.331145 0.570312 0.751723 -0.320321 0.580355 0.748721 -0.553874 -0.123761 -0.823351 -0.506819 -0.15221 -0.848508 -0.459865 -0.0781585 -0.884542 -0.516806 -0.0655168 -0.853592 -0.337836 0.0653957 -0.93893 -0.419251 0.048283 -0.906586 -0.491181 0.0549057 -0.869325 -0.215133 0.27352 -0.937499 -0.338232 0.231034 -0.912262 -0.470994 0.196091 -0.860065 -0.0146855 0.480553 -0.876843 -0.0867864 0.451034 -0.888277 -0.2523 0.397097 -0.882417 0.08152 0.508815 -0.857007 0.0838883 0.493231 -0.865844 0.0784639 0.516687 -0.852571 0.0915854 0.527329 -0.844711 0.263084 0.562648 -0.783718 0.254673 0.573364 -0.778714 0.442852 0.607285 -0.659612 0.506938 0.612881 -0.606128 0.556001 0.630974 -0.54105 0.660695 0.625866 -0.414455 0.650609 0.649471 -0.393566 0.724244 0.636576 -0.265032 0.695037 0.660326 -0.284416 0.729714 0.649763 -0.212896 0.704533 0.665588 -0.246222 0.710465 0.658323 -0.248697 0.695765 0.670723 -0.256987 0.693072 0.66694 -0.273573 0.6825 0.676288 -0.277179 0.689004 0.678632 -0.254426 0.69022 0.685205 -0.232574 0.697656 0.689811 -0.193486 0.702301 0.696619 -0.146614 0.710751 0.697827 -0.0887123 0.703985 0.702127 -0.106877 0.711755 0.702389 0.00733379 0.70639 0.707504 -0.0212366 0.702597 0.708878 0.0620437 0.67636 0.7209 0.15113 0.684643 0.717014 0.130976 0.620174 0.729145 0.289364 0.654501 0.726821 0.208227 0.573858 0.735054 0.361085 0.610721 0.738783 0.284991 0.538738 0.745104 0.393168 0.544882 0.754249 0.36635 0.497072 0.763744 0.411842 0.463648 0.768965 0.440141 0.406515 0.774607 0.484489 0.379533 0.786148 0.487777 0.29787 0.787478 0.539584 0.299369 0.804952 0.51228 0.191704 0.806116 0.559845 0.233151 0.82554 0.513929 0.106722 0.830299 0.547004 0.197083 0.844082 0.498681 0.0501999 0.856256 0.514106 0.0178044 0.865018 0.501425 0.0653712 0.872552 0.484128 -0.020478 0.881867 0.471053 -0.0399259 0.8885 0.457137 0.00747079 0.891128 0.453691 -0.0732809 0.900312 0.429031 0.0737602 0.8878 0.45428 0.140703 0.872255 0.468373 0.198655 0.855558 0.478077 0.124473 0.872922 0.471713 0.0496804 0.892045 0.449207 0.0156403 0.905147 0.424811 0.148575 0.878624 0.453812 0.0224651 0.915709 0.401213 -0.0391705 0.931684 0.361152 0.0178032 0.92966 0.367989 -0.0590146 0.94854 0.311108 -0.133244 0.966062 0.221291 -0.0830187 0.959787 0.268172 -0.16571 0.973152 0.159735 -0.233527 0.972155 0.0194807 -0.184468 0.973909 0.132184 -0.239222 0.970965 0.00063502 -0.269856 0.951133 -0.150077 -0.264207 0.957285 -0.11747 -0.275864 0.888235 -0.367339 -0.263841 0.94028 -0.215086 -0.236428 0.795134 -0.558448 -0.251692 0.928252 -0.273859 -0.223059 0.763032 -0.606652 -0.229585 0.927756 -0.294209 -0.235012 0.769877 -0.593345 -0.206574 0.926157 -0.315532 -0.247052 0.801775 -0.544171 -0.210342 0.905391 -0.368814 -0.247382 0.843745 -0.476336 -0.23284 0.887128 -0.398484 -0.236792 0.876439 -0.419267 -0.243691 0.885356 -0.39593 -0.238995 0.875346 -0.420298 -0.243559 0.884866 -0.397103 -0.193501 0.946988 -0.256459 -0.248111 0.867814 -0.43051 -0.218247 0.916405 -0.335514 -0.162791 0.977996 -0.130476 -0.229858 0.883106 -0.409009 -0.182173 0.954166 -0.237445 -0.151452 0.985802 -0.0724993 -0.190092 0.924378 -0.330743 -0.153223 0.977362 -0.145897 -0.133233 0.991085 -0.00012394 -0.14997 0.965816 -0.211443 -0.128456 0.990907 -0.0400413 -0.122761 0.984442 0.125716 -0.12805 0.982132 0.137914 -0.141836 0.943913 0.298178 -0.140663 0.94278 0.302292 -0.194866 0.852572 0.484921 -0.188351 0.851 0.490227 -0.270618 0.73775 0.618459 -0.255265 0.737002 0.625834 -0.3302 0.657277 0.677462 -0.305727 0.649008 0.696649 -0.390007 0.577476 0.717228 -0.355273 0.570426 0.740537 -0.458491 -0.167021 -0.872863 -0.4196 -0.153563 -0.894625 -0.329225 -0.0199817 -0.94404 -0.389938 -0.0502047 -0.919471 -0.213887 0.113233 -0.970273 -0.274027 0.0914566 -0.957363 -0.018586 0.308088 -0.951176 -0.0777287 0.298869 -0.951123 -0.131861 0.291383 -0.947475 0.0968943 0.46961 -0.877541 0.0335645 0.461554 -0.886477 0.000508547 0.475897 -0.879501 0.0871085 0.483126 -0.871207 0.0305035 0.462691 -0.885995 0.0505195 0.491918 -0.869175 0.0587951 0.456982 -0.887531 0.0476984 0.474615 -0.8789 0.242268 0.566088 -0.787941 0.168973 0.516557 -0.839415 0.480385 0.663487 -0.573599 0.357581 0.591759 -0.722466 0.59908 0.680068 -0.422623 0.54671 0.661749 -0.513028 0.658692 0.681664 -0.318527 0.64909 0.682758 -0.335444 0.693722 0.67954 -0.238695 0.680385 0.677058 -0.280478 0.706077 0.673142 -0.219852 0.683102 0.668179 -0.294802 0.690627 0.668599 -0.275697 0.681994 0.665903 -0.302419 0.654206 0.657792 -0.373262 0.683974 0.668509 -0.292018 0.650885 0.654753 -0.384249 0.68647 0.675222 -0.269878 0.696003 0.689437 -0.200639 0.691427 0.684843 -0.230042 0.703486 0.706104 0.0807814 0.700647 0.704878 -0.110634 0.670815 0.708126 0.220373 0.682654 0.719375 0.128385 0.643487 0.711087 0.283335 0.630937 0.710609 0.311375 0.63734 0.719455 0.276008 0.591196 0.709613 0.383322 0.653126 0.724944 0.21882 0.581301 0.720782 0.377575 0.663089 0.724693 0.187436 0.585318 0.734248 0.343923 0.646127 0.727084 0.232095 0.58264 0.743318 0.328648 0.509953 0.757666 0.407297 0.559982 0.75232 0.347039 0.477287 0.770619 0.422307 0.520504 0.766071 0.377108 0.434195 0.786566 0.439077 0.468369 0.783359 0.40863 0.386988 0.803173 0.452939 0.40735 0.80399 0.433205 0.351333 0.816848 0.45752 0.363585 0.820845 0.440477 0.360421 0.817004 0.450112 0.233021 0.848625 0.474906 0.364847 0.816938 0.446652 0.300104 0.833133 0.464572 0.276355 0.84714 0.453851 0.281923 0.834933 0.47266 0.126333 0.896619 0.424399 0.200543 0.877819 0.434989 0.0795811 0.914056 0.397703 0.00155678 0.938712 0.3447 0.0595309 0.919344 0.388924 -0.0179327 0.944177 0.328951 -0.108163 0.964841 0.239547 -0.0236924 0.944435 0.327844 -0.109726 0.965547 0.235964 -0.190988 0.97401 0.121768 -0.100809 0.965637 0.239545 -0.206637 0.973675 0.0962206 -0.291726 0.952799 -0.0840779 -0.266409 0.96314 -0.0372505 -0.329105 0.903416 -0.274825 -0.324266 0.908192 -0.264648 -0.313705 0.868702 -0.383336 -0.315819 0.804343 -0.50328 -0.296418 0.871366 -0.39097 -0.262977 0.768736 -0.583 -0.278934 0.874714 -0.396321 -0.239754 0.791199 -0.562604 -0.260007 0.88488 -0.386503 -0.234884 0.825602 -0.513041 -0.237133 0.892593 -0.383465 -0.228647 0.862459 -0.451536 -0.21867 0.892894 -0.393604 -0.215438 0.89394 -0.393012 -0.215021 0.884223 -0.414627 -0.209503 0.903041 -0.375001 -0.232733 0.853342 -0.466522 -0.226928 0.880607 -0.415974 -0.257449 0.798131 -0.544707 -0.253865 0.833572 -0.490623 -0.259269 0.838267 -0.479675 -0.268109 0.793057 -0.546971 -0.275298 0.79087 -0.546567 -0.258675 0.834041 -0.487302 -0.273459 0.770383 -0.57596 -0.257513 0.804508 -0.535214 -0.231753 0.851228 -0.470851 -0.250541 0.788943 -0.561069 -0.226756 0.829727 -0.510033 -0.18815 0.899505 -0.394323 -0.220451 0.810568 -0.542569 -0.183662 0.877553 -0.44291 -0.139604 0.953321 -0.267748 -0.176852 0.853737 -0.489752 -0.131868 0.935956 -0.326493 -0.104148 0.985482 -0.134082 -0.121256 0.988775 -0.0872933 -0.102431 0.994441 0.0244099 -0.11765 0.989407 0.0850492 -0.125243 0.973489 0.191401 -0.13946 0.952682 0.270087 -0.184024 0.910006 0.371516 -0.195439 0.868311 0.455895 -0.289266 0.791062 0.539024 -0.282257 0.748259 0.600367 -0.370695 0.716838 0.590533 -0.35098 0.670977 0.653149 -0.439753 0.656514 0.612868 -0.417953 0.599567 0.682521 -0.383379 -0.131436 -0.914191 -0.361417 -0.0887485 -0.928171 -0.238897 0.0468191 -0.969915 -0.279864 0.0121665 -0.959962 -0.106052 0.172456 -0.979291 -0.158779 0.146722 -0.976351 0.0832471 0.331596 -0.939741 0.0309422 0.326046 -0.944847 0.245886 0.459805 -0.853299 0.196731 0.464885 -0.863237 0.150296 0.468907 -0.870366 0.303962 0.533368 -0.789383 0.246536 0.534057 -0.808704 0.177073 0.521347 -0.834771 0.376962 0.602941 -0.703109 0.306644 0.596252 -0.741925 0.186157 0.537353 -0.822556 0.461063 0.654842 -0.598835 0.402481 0.649112 -0.645495 0.527451 0.656892 -0.538784 0.537741 0.677047 -0.502436 0.575346 0.656266 -0.488151 0.599688 0.679609 -0.4225 0.615397 0.658169 -0.433706 0.654203 0.684463 -0.321758 0.609176 0.626959 -0.48562 0.669485 0.682532 -0.293154 0.586214 0.568174 -0.577522 0.641402 0.656982 -0.396204 0.610731 0.590511 -0.527544 0.605151 0.602188 -0.520732 0.688473 0.677136 -0.259792 0.620746 0.599532 -0.505208 0.711343 0.698479 -0.0782173 0.6869 0.680766 -0.254413 0.717194 0.690573 -0.0934897 0.713524 0.700616 0.00445922 0.723081 0.668119 -0.175416 0.715865 0.696746 0.0456303 0.739788 0.658067 -0.140219 0.710815 0.70115 0.0559494 0.727247 0.68637 -0.00268458 0.70101 0.707668 0.0882719 0.683588 0.718539 0.128095 0.703226 0.706006 0.0838371 0.662831 0.725051 0.186964 0.704797 0.705112 0.077961 0.580707 0.73169 0.356945 0.677955 0.719511 0.150602 0.470214 0.719382 0.511261 0.603203 0.738062 0.302341 0.447668 0.730387 0.515875 0.513854 0.752112 0.412652 0.595458 0.741553 0.309076 0.461773 0.767627 0.444425 0.528225 0.76229 0.374022 0.432503 0.78653 0.440809 0.464308 0.7833 0.413351 0.365533 0.810745 0.45725 0.385657 0.809388 0.442899 0.290112 0.837208 0.463592 0.311476 0.834916 0.45376 0.227029 0.861616 0.453955 0.232051 0.86228 0.45014 0.303808 0.844235 0.441552 0.142453 0.892256 0.428469 0.163163 0.888858 0.428146 0.0823942 0.916562 0.391312 0.22857 0.870493 0.435886 0.128144 0.908061 0.398754 0.0073984 0.942487 0.33416 0.179008 0.891289 0.416606 0.0355989 0.938551 0.343299 -0.110816 0.967991 0.225194 0.0566672 0.928829 0.366148 -0.116025 0.967228 0.225851 -0.246163 0.967905 0.0506255 -0.237894 0.96945 0.0597782 -0.312287 0.941983 -0.123064 -0.306647 0.94554 -0.109186 -0.331652 0.898001 -0.289139 -0.322881 0.913205 -0.248607 -0.317231 0.83494 -0.44971 -0.308975 0.887629 -0.34154 -0.277566 0.764111 -0.582315 -0.284534 0.853677 -0.436206 -0.242512 0.744973 -0.621453 -0.252824 0.82168 -0.510804 -0.228187 0.75843 -0.610503 -0.235209 0.811148 -0.535459 -0.224742 0.770859 -0.596043 -0.230382 0.801809 -0.551385 -0.231577 0.780678 -0.580442 -0.239142 0.786248 -0.569759 -0.244164 0.779735 -0.576538 -0.254316 0.773713 -0.580252 -0.254003 0.768542 -0.587219 -0.278174 0.729309 -0.625083 -0.260185 0.748479 -0.609986 -0.292878 0.680257 -0.671917 -0.253481 0.743894 -0.61836 -0.304332 0.644017 -0.701872 -0.268395 0.764577 -0.585992 -0.317403 0.62377 -0.71426 -0.27262 0.749665 -0.603059 -0.264386 0.789661 -0.553656 -0.276103 0.729044 -0.626308 -0.256074 0.791169 -0.555407 -0.265231 0.765039 -0.586828 -0.25015 0.787466 -0.563313 -0.254954 0.757347 -0.601186 -0.243167 0.771739 -0.587612 -0.245412 0.743701 -0.621837 -0.234837 0.752387 -0.615439 -0.212749 0.789731 -0.575381 -0.223129 0.740365 -0.634093 -0.201203 0.775315 -0.598669 -0.16696 0.829386 -0.533144 -0.178814 0.786317 -0.59138 -0.147831 0.817327 -0.556886 -0.0955351 0.883537 -0.458515 -0.121565 0.910612 -0.394979 -0.0564221 0.956285 -0.286941 -0.0886077 0.975774 -0.200032 -0.04816 0.993971 -0.0984969 -0.0849471 0.99606 -0.0254596 -0.0645078 0.995681 0.0667717 -0.0993941 0.988389 0.114926 -0.0940123 0.975573 0.19854 -0.13934 0.956095 0.25781 -0.16449 0.928436 0.333092 -0.238499 0.867915 0.435708 -0.278786 0.861371 0.424639 -0.338199 0.788103 0.51431 -0.355442 0.816708 0.454587 -0.408116 0.737081 0.538658 -0.3486 -0.0448546 -0.936198 -0.34506 0.003766 -0.938573 -0.21262 0.0990437 -0.972102 -0.219218 0.0731315 -0.972931 -0.0788004 0.194629 -0.977706 -0.0792872 0.189977 -0.978582 0.133666 0.330939 -0.934137 0.116868 0.338983 -0.933505 0.356033 0.460407 -0.813182 0.290252 0.463425 -0.837252 0.495926 0.526034 -0.690902 0.414204 0.534055 -0.737035 0.354127 0.532492 -0.768795 0.521295 0.58008 -0.625906 0.463469 0.591505 -0.659787 0.422823 0.600484 -0.678704 0.542479 0.618436 -0.568555 0.51234 0.640826 -0.571707 0.484147 0.64978 -0.585993 0.546811 0.633181 -0.547795 0.524045 0.651351 -0.548743 0.557713 0.612873 -0.559771 0.554072 0.64074 -0.531466 0.587764 0.618807 -0.521163 0.568997 0.621822 -0.538126 0.65699 0.636822 -0.403513 0.573588 0.595135 -0.56286 0.700792 0.640723 -0.313631 0.619215 0.621955 -0.479318 0.698278 0.644658 -0.311164 0.694644 0.664417 -0.275717 0.701368 0.647897 -0.297174 0.712491 0.674498 -0.193417 0.707417 0.649788 -0.278093 0.711257 0.676787 -0.189927 0.7094 0.640965 -0.293114 0.711445 0.65566 -0.252895 0.720745 0.681271 -0.128053 0.713253 0.640211 -0.285305 0.661283 0.710682 0.240076 0.722228 0.687821 -0.0727238 0.612925 0.715236 0.335798 0.633996 0.731073 0.252152 0.658708 0.720879 0.215493 0.62274 0.724977 0.294283 0.627167 0.717595 0.302853 0.623485 0.72315 0.297188 0.490669 0.717471 0.494448 0.49331 0.71176 0.500044 0.562229 0.715741 0.414263 0.467863 0.705221 0.532698 0.651644 0.719881 0.239023 0.543514 0.729409 0.415398 0.6912 0.707636 0.146603 0.612574 0.734967 0.29082 0.483681 0.755224 0.442367 0.581087 0.741984 0.334362 0.48609 0.768793 0.415541 0.441194 0.783867 0.436922 0.39882 0.797212 0.453206 0.392009 0.803341 0.448299 0.325086 0.824171 0.463748 0.3674 0.817509 0.443505 0.284438 0.844979 0.452886 0.302204 0.84536 0.440498 0.446509 0.784422 0.430479 0.364448 0.818444 0.444214 0.22609 0.871863 0.43444 0.387933 0.805446 0.448068 0.250224 0.857744 0.449069 0.0837407 0.915188 0.394231 0.251883 0.851389 0.460101 0.107549 0.899863 0.422706 -0.0542874 0.949659 0.308547 -0.0926537 0.960242 0.263345 -0.167875 0.970493 0.173095 -0.218575 0.97053 0.101471 -0.24237 0.969669 0.0316042 -0.291836 0.954237 -0.0652987 -0.285616 0.950238 -0.124384 -0.322605 0.915818 -0.239172 -0.291379 0.914138 -0.281869 -0.311231 0.857396 -0.409887 -0.272166 0.88902 -0.368197 -0.272516 0.812376 -0.515538 -0.25931 0.889746 -0.375647 -0.248551 0.814785 -0.523782 -0.254657 0.9045 -0.342097 -0.23939 0.835606 -0.494425 -0.255141 0.917176 -0.306091 -0.23621 0.85583 -0.460174 -0.253635 0.923647 -0.287306 -0.23637 0.872946 -0.426726 -0.250454 0.938574 -0.237386 -0.234041 0.888283 -0.395194 -0.238867 0.951148 -0.1956 -0.228589 0.909121 -0.348204 -0.229534 0.952165 -0.201734 -0.223332 0.919814 -0.322591 -0.22137 0.935296 -0.276075 -0.226545 0.926382 -0.300822 -0.211833 0.91504 -0.343261 -0.221957 0.934179 -0.279364 -0.243303 0.752495 -0.612009 -0.194966 0.948281 -0.250503 -0.225152 0.8154 -0.533319 -0.334178 0.616946 -0.712532 -0.180448 0.886909 -0.425243 -0.303862 0.667174 -0.680108 -0.274593 0.705036 -0.653853 -0.245739 0.753198 -0.610168 -0.262187 0.69169 -0.672922 -0.242418 0.773862 -0.585126 -0.246098 0.657744 -0.711904 -0.236014 0.73128 -0.639943 -0.22798 0.745363 -0.626465 -0.252068 0.517888 -0.817468 -0.241125 0.673238 -0.699006 -0.201125 0.75937 -0.618794 -0.304846 0.47521 -0.825376 -0.241493 0.667047 -0.704791 -0.153112 0.812906 -0.561908 -0.29652 0.555081 -0.777149 -0.186335 0.735591 -0.651294 -0.0876951 0.869535 -0.486024 -0.124303 0.834831 -0.536289 -0.0504135 0.880992 -0.470437 -0.0828084 0.864545 -0.495685 -0.0049376 0.920892 -0.389785 -0.0369354 0.932668 -0.35884 0.0206177 0.977336 -0.210686 -0.0190505 0.984415 -0.174828 0.00145057 0.999952 0.00964444 -0.0355915 0.999165 0.0200774 -0.059532 0.98162 0.181324 -0.074782 0.981569 0.175871 -0.134274 0.945327 0.297199 -0.135215 0.946717 0.292309 -0.208197 0.909246 0.360452 -0.220633 0.901345 0.37269 -0.267234 0.884035 0.383495 -0.296093 0.862972 0.4094 -0.336665 0.0457576 -0.940512 -0.336326 0.0753268 -0.938728 -0.194836 0.148469 -0.969534 -0.203027 0.124006 -0.971289 -0.0217804 0.241133 -0.970248 -0.0611877 0.211351 -0.975493 0.203233 0.336928 -0.919334 0.16417 0.329713 -0.929697 0.408235 0.406806 -0.817222 0.401329 0.430521 -0.808447 0.538192 0.451356 -0.711777 0.537534 0.483164 -0.691093 0.612555 0.48103 -0.627206 0.605482 0.513639 -0.60792 0.582007 0.556439 -0.592995 0.647663 0.536588 -0.54093 0.639284 0.574338 -0.511324 0.595532 0.604492 -0.529085 0.677605 0.586632 -0.443525 0.651722 0.615023 -0.443852 0.578116 0.622133 -0.527951 0.691529 0.614696 -0.379389 0.625337 0.634592 -0.454143 0.682539 0.610039 -0.402483 0.684153 0.631571 -0.364763 0.657662 0.601192 -0.453926 0.690634 0.623656 -0.366166 0.650326 0.596817 -0.469985 0.669409 0.619294 -0.410324 0.662464 0.60038 -0.447978 0.673281 0.617926 -0.406029 0.687727 0.612289 -0.390044 0.693134 0.629746 -0.350693 0.733044 0.66059 -0.162072 0.705814 0.640793 -0.30201 0.737278 0.675479 -0.0122626 0.726701 0.67239 -0.140701 0.731173 0.677196 0.0824103 0.720705 0.688448 0.0813891 0.692095 0.694113 0.198018 0.666061 0.70152 0.253442 0.701756 0.696554 0.149504 0.67658 0.706303 0.208268 0.691577 0.704167 0.160838 0.692602 0.707322 0.141415 0.603467 0.716856 0.349207 0.610993 0.716449 0.336732 0.589066 0.720316 0.366259 0.53518 0.725864 0.432092 0.681357 0.697493 0.221938 0.633569 0.711259 0.304466 0.722687 0.686722 0.0783322 0.702632 0.699695 0.129365 0.687309 0.698614 0.198857 0.707679 0.696789 0.116938 0.523792 0.745474 0.412201 0.542819 0.748089 0.38172 0.599979 0.734651 0.316722 0.497532 0.762712 0.413197 0.460966 0.77662 0.429386 0.524145 0.755061 0.393896 0.46605 0.776622 0.423859 0.484677 0.767913 0.418805 0.548239 0.745632 0.378771 0.478217 0.770638 0.42122 0.373745 0.809593 0.452629 0.472697 0.771808 0.425288 0.359677 0.812363 0.459019 0.244151 0.851512 0.464023 0.360031 0.80878 0.465029 0.23601 0.850576 0.469915 0.109509 0.887768 0.447076 0.107812 0.891823 0.439349 -0.02397 0.929087 0.369083 -0.0370951 0.937948 0.344787 -0.124729 0.96085 0.247408 -0.13533 0.964824 0.225391 -0.191467 0.973804 0.12266 -0.202662 0.973417 0.106709 -0.23879 0.970544 -0.0320023 -0.250568 0.967569 -0.0320141 -0.24964 0.945827 -0.207586 -0.268028 0.946441 -0.180029 -0.22689 0.910142 -0.346645 -0.260787 0.924088 -0.279376 -0.203781 0.881385 -0.426185 -0.249178 0.913317 -0.322122 -0.194574 0.86069 -0.470481 -0.239729 0.914513 -0.325877 -0.193421 0.843494 -0.501105 -0.22834 0.909433 -0.347552 -0.195488 0.840203 -0.505809 -0.220692 0.902408 -0.370073 -0.200784 0.860905 -0.467471 -0.216228 0.903081 -0.371067 -0.204411 0.883551 -0.421371 -0.214843 0.89819 -0.383532 -0.204197 0.905945 -0.370901 -0.216996 0.880635 -0.421182 -0.202354 0.931759 -0.301459 -0.215141 0.871834 -0.440023 -0.201591 0.958725 -0.200521 -0.207855 0.894778 -0.395181 -0.189854 0.980675 -0.0472494 -0.199397 0.943344 -0.265222 -0.20532 0.897821 -0.389566 -0.173261 0.981991 -0.0753294 -0.190694 0.923155 -0.333797 -0.179134 0.923034 -0.34047 -0.158479 0.955488 -0.248852 -0.174726 0.896695 -0.406705 -0.160143 0.899389 -0.406761 -0.195719 0.817823 -0.541165 -0.210248 0.813306 -0.542521 -0.225599 0.763993 -0.604499 -0.200928 0.690371 -0.694994 -0.224413 0.686502 -0.691632 -0.213502 0.555637 -0.803545 -0.241484 0.760097 -0.603273 -0.237629 0.65328 -0.718859 -0.277371 0.459123 -0.843961 -0.184626 0.857248 -0.480665 -0.250568 0.656154 -0.711813 -0.324082 0.518368 -0.791369 -0.161875 0.794858 -0.584806 -0.264301 0.64169 -0.719985 -0.285578 0.601161 -0.746358 -0.265308 0.658334 -0.70442 -0.282125 0.63352 -0.720457 -0.249016 0.6599 -0.708889 -0.231508 0.660437 -0.714301 -0.121517 0.78548 -0.60684 -0.0914357 0.850655 -0.517712 -0.0381151 0.919349 -0.391593 -0.0434653 0.914696 -0.401798 0.0108811 0.949441 -0.313756 -0.00501058 0.931733 -0.36311 0.0516261 0.978431 -0.200018 0.0282554 0.976339 -0.214392 0.0443326 0.998874 0.0169165 0.0144267 0.99987 0.00726913 -0.0352753 0.974987 0.219444 -0.0576297 0.979118 0.194951 -0.124643 0.934163 0.334371 -0.13502 0.941674 0.308254 -0.206785 0.896343 0.392186 -0.210376 0.905891 0.367564 -0.272471 0.867051 0.417112 -0.262724 0.882339 0.390453 -0.320842 0.0789277 -0.943838 -0.295612 0.0606185 -0.953383 -0.126055 0.139003 -0.982236 -0.173191 0.146762 -0.973892 0.0885051 0.228376 -0.969542 0.0334667 0.236322 -0.971098 0.290166 0.30104 -0.908393 0.253084 0.316183 -0.914318 0.441881 0.352555 -0.824891 0.422102 0.369106 -0.828004 0.593892 0.393193 -0.70192 0.553763 0.409281 -0.725145 0.718814 0.409075 -0.562107 0.64564 0.437536 -0.625868 0.755975 0.417715 -0.504 0.679118 0.461091 -0.571134 0.647911 0.498582 -0.575871 0.652269 0.494855 -0.574164 0.644569 0.513083 -0.566812 0.667867 0.551098 -0.500245 0.624512 0.523333 -0.579747 0.671162 0.560583 -0.485065 0.690218 0.592861 -0.414868 0.667443 0.571265 -0.477679 0.677205 0.588996 -0.440996 0.656768 0.581317 -0.48034 0.641645 0.576955 -0.505386 0.644411 0.583474 -0.494259 0.767079 0.622521 -0.155102 0.722878 0.604617 -0.334493 0.766675 0.642022 -0.00423538 0.755233 0.655185 0.0188713 0.754067 0.654329 -0.0568951 0.744589 0.666032 -0.044584 0.74013 0.663974 0.106517 0.735519 0.66728 0.117256 0.741107 0.668927 0.0574263 0.718547 0.679632 0.147618 0.727664 0.678484 0.100821 0.715073 0.686367 0.132551 0.709283 0.686019 0.16216 0.697912 0.694905 0.173278 0.650798 0.706241 0.27872 0.617743 0.715098 0.327152 0.69929 0.688251 0.193142 0.644047 0.709011 0.287239 0.747667 0.658111 0.0887841 0.720517 0.67739 0.148316 0.745392 0.661978 0.0785866 0.737685 0.671798 0.0671434 0.663427 0.697262 0.271459 0.664093 0.697191 0.270009 0.652781 0.69872 0.292689 0.585131 0.723526 0.36624 0.683972 0.684813 0.251422 0.631873 0.711743 0.306854 0.560157 0.741511 0.369303 0.57963 0.732233 0.35758 0.612856 0.715121 0.336167 0.480657 0.767817 0.423587 0.631096 0.702188 0.329622 0.499927 0.75872 0.417632 0.374637 0.801401 0.466266 0.538487 0.738456 0.40585 0.402915 0.789457 0.463052 0.291241 0.826509 0.481728 0.255719 0.84017 0.478249 0.201863 0.852518 0.482145 0.144943 0.873281 0.465157 0.0595436 0.894629 0.442825 0.00390637 0.91504 0.403344 -0.0994866 0.950256 0.295154 -0.11719 0.956555 0.266962 -0.187064 0.974484 0.124051 -0.1919 0.974857 0.113262 -0.229221 0.972477 -0.0417784 -0.23538 0.969817 -0.0636471 -0.233316 0.955493 -0.180544 -0.235536 0.941943 -0.239302 -0.224367 0.941126 -0.252868 -0.208074 0.911788 -0.354045 -0.219245 0.93779 -0.269224 -0.184824 0.896023 -0.403712 -0.220979 0.94244 -0.25095 -0.175126 0.891558 -0.417679 -0.230794 0.953539 -0.193645 -0.17887 0.897863 -0.402302 -0.246523 0.965357 -0.0855107 -0.190751 0.917195 -0.349809 -0.245421 0.96939 -0.00710581 -0.204334 0.945513 -0.253482 -0.237778 0.970825 0.0309767 -0.208136 0.960975 -0.182227 -0.225095 0.972912 0.0526632 -0.206619 0.970974 -0.120488 -0.209614 0.97575 0.0630439 -0.199515 0.976581 -0.0805214 -0.193921 0.976364 0.0954398 -0.194047 0.980783 -0.0202653 -0.172212 0.97489 0.141181 -0.179366 0.980457 0.0808202 -0.167005 0.982768 0.0792175 -0.164603 0.981348 0.0993076 -0.165842 0.984091 0.0637251 -0.163258 0.986346 -0.0216476 -0.1643 0.985559 -0.0409732 -0.160724 0.984563 -0.0693097 -0.162465 0.981316 -0.103072 -0.1624 0.960552 -0.225757 -0.168485 0.909533 -0.37995 -0.186181 0.973961 -0.129368 -0.18552 0.91786 -0.350878 -0.173959 0.777722 -0.604059 -0.196049 0.977158 -0.0820215 -0.214554 0.910826 -0.35265 -0.245835 0.778635 -0.577315 -0.150037 0.981334 -0.120302 -0.181584 0.92798 -0.325391 -0.199007 0.891226 -0.407569 -0.171922 0.9042 -0.390981 -0.167793 0.872126 -0.459611 -0.135559 0.873116 -0.468286 -0.148242 0.779603 -0.608476 -0.180558 0.748008 -0.638657 -0.213007 0.71671 -0.664045 -0.2044 0.672165 -0.711628 -0.273696 0.669842 -0.690219 -0.298781 0.667845 -0.681699 -0.400823 0.322523 -0.857508 -0.305629 0.647063 -0.698499 -0.262001 0.724102 -0.63799 -0.258201 0.683674 -0.682585 -0.157118 0.796653 -0.583659 -0.158061 0.765567 -0.623637 -0.0310998 0.899875 -0.435039 -0.0516571 0.895912 -0.441217 0.0482404 0.955082 -0.292389 0.0195004 0.956186 -0.292109 0.0961386 0.985568 -0.139333 0.0610979 0.986386 -0.152673 0.0927468 0.994229 0.0539187 0.0599592 0.997686 0.0320673 0.0203069 0.967622 0.251586 -0.0185369 0.970095 0.242016 -0.0994106 0.916686 0.387046 -0.123328 0.922047 0.366906 -0.21157 0.861506 0.461568 -0.220988 0.875336 0.430059 -0.323624 0.797297 0.509495 -0.30027 0.834998 0.461104 -0.259417 -0.00165166 -0.965764 -0.225742 -0.0783728 -0.971029 -0.000278533 0.0456502 -0.998957 -0.0616273 0.0976692 -0.993309 0.257188 0.166041 -0.95199 0.163159 0.198984 -0.966325 0.448225 0.235889 -0.862236 0.349901 0.26948 -0.89719 0.594062 0.277912 -0.754888 0.498343 0.313557 -0.808292 0.796664 0.288663 -0.531036 0.68707 0.345442 -0.639223 0.937778 0.210611 -0.27607 0.841767 0.321801 -0.433442 0.861068 0.209498 -0.463326 0.976008 0.127448 -0.176536 0.911878 0.116571 -0.39356 0.995658 0.0449012 -0.0815365 0.973502 -0.123184 0.192667 0.999724 -0.0195648 0.0130034 0.938023 -0.162901 0.305902 0.809914 -0.306699 0.499975 0.913518 -0.195209 0.356901 0.764336 -0.260771 0.589736 0.524118 -0.293075 0.799629 0.618978 -0.408902 0.670571 -0.642253 0.542884 -0.541099 -0.508102 0.697844 -0.504823 -0.258766 0.789086 -0.557121 -0.368667 0.719423 -0.588656 -0.012886 0.856279 -0.516352 -0.110739 0.839805 -0.531474 -0.19022 0.8032 -0.564523 -0.231634 0.768103 -0.596962 0.0043674 0.886276 -0.463136 -0.0950355 0.853053 -0.513098 -0.140186 0.823744 -0.549358 0.0336754 0.914789 -0.402526 -0.0165635 0.90661 -0.421645 0.133844 0.95781 -0.254335 0.08214 0.962417 -0.258854 0.178761 0.97924 -0.0955663 0.123455 0.984118 -0.127553 0.180172 0.982755 0.0415924 0.128523 0.991195 0.031835 0.141416 0.975785 0.16687 0.0751166 0.976472 0.20214 0.0676805 0.958398 0.277296 -0.0326805 0.938512 0.343697 -0.0400574 0.926817 0.37337 -0.142006 0.892403 0.428313 -0.154835 0.892572 0.423487 -0.264065 0.834267 0.484013 -0.221638 -0.120375 -0.967671 -0.214302 -0.103475 -0.971271 0.078719 -0.0218614 -0.996657 0.0699082 0.0175333 -0.997399 0.353219 0.0470836 -0.934355 0.34189 0.129355 -0.930795 0.584992 0.0992373 -0.804945 0.549534 0.19348 -0.812759 0.767566 0.127991 -0.62806 0.700056 0.223083 -0.678347 0.54684 0.0317074 -0.836637 0.743883 0.0498615 -0.666447 0.927321 0.0482146 -0.371147 0.752241 0.0290552 -0.658247 0.934563 0.00613529 -0.355744 0.995642 -0.087894 0.0311676 0.946601 -0.0279297 -0.321195 0.996193 -0.0869572 0.00610106 0.926811 -0.156048 0.341571 0.997154 -0.0625371 0.0421017 0.921277 -0.110953 0.372744 0.756435 -0.175441 0.6301 0.75991 -0.214727 0.613538 0.541863 -0.249059 0.802716 0.51575 -0.265086 0.814697 -0.448334 0.751037 -0.484706 -0.517771 0.686931 -0.509939 -0.343361 0.739576 -0.578904 -0.232915 0.798813 -0.554661 -0.135761 0.806136 -0.575946 -0.0188675 0.850568 -0.525526 0.0302121 0.868208 -0.495279 0.132102 0.897108 -0.4216 0.133997 0.901214 -0.41214 0.200582 0.931297 -0.304061 0.197614 0.933256 -0.29997 0.109948 0.927011 -0.358555 0.258035 0.956981 -0.132685 0.19717 0.961493 -0.191454 0.255358 0.965733 0.0463947 0.220234 0.974913 -0.0322641 0.200795 0.964559 0.171196 0.199601 0.974747 0.100133 0.126569 0.956568 0.262599 0.146678 0.967766 0.20473 0.0645642 0.948308 0.310715 0.08746 0.955902 0.280362 0.00295278 0.936027 0.351915 0.0170782 0.93846 0.344966 -0.0919451 0.915156 0.392474 -0.0938001 0.912974 0.397089 -0.204049 -0.103254 -0.9735 -0.189658 -0.126322 -0.97369 0.103151 -0.0690829 -0.992264 0.100499 -0.0432964 -0.993995 0.317336 -0.0300607 -0.947837 0.342828 0.000171922 -0.939398 0.519373 0.00127353 -0.854547 0.34763 -0.0554914 -0.935988 0.58583 -0.0131575 -0.810327 0.799727 -0.00343249 -0.600354 0.593435 -0.0509777 -0.803266 0.837979 -0.0256081 -0.545101 0.966721 -0.0353399 -0.253382 0.834828 -0.0270622 -0.549845 0.967065 -0.0153812 -0.254065 0.996312 -0.024499 0.0822311 0.959801 0.0244228 -0.279617 0.995234 0.00541562 0.0973666 0.905864 -0.0865279 0.414636 0.915648 -0.0759382 0.394743 0.762961 -0.195756 0.616093 0.749043 -0.167747 0.640934 0.569063 -0.315589 0.759322 0.54103 -0.268746 0.796908 -0.568478 0.607127 -0.555184 -0.596761 0.495857 -0.630875 -0.415921 0.576301 -0.703482 -0.416495 0.663702 -0.621314 -0.230265 0.665326 -0.710155 -0.228252 0.733971 -0.639677 -0.05767 0.765993 -0.640257 -0.0389394 0.818938 -0.572559 0.0644966 0.848895 -0.524611 0.0762244 0.876956 -0.474487 0.118362 0.91048 -0.396254 0.172777 0.928076 -0.329882 0.201401 0.946472 -0.252246 0.254628 0.955798 -0.147021 0.230642 0.970921 -0.0641668 0.254312 0.966578 0.03244 0.194827 0.977344 0.0827129 0.198873 0.96738 0.156922 0.144854 0.97614 0.161768 0.129143 0.962397 0.238986 0.0956651 0.971848 0.215313 0.0703073 0.956448 0.28331 0.0476678 0.963768 0.262449 0.0192651 0.94697 0.320743 -0.00917624 0.956146 0.292747 -0.057201 0.933224 0.354712 -0.218686 -0.145502 -0.964886 -0.221902 -0.16303 -0.961343 0.0421777 -0.132673 -0.990262 0.0807005 -0.100501 -0.991659 0.304736 -0.0939798 -0.947789 0.0195555 -0.177639 -0.983901 0.288435 -0.122944 -0.949573 0.597601 -0.059478 -0.799585 0.321404 -0.124573 -0.938712 0.603735 -0.0491069 -0.795671 0.827956 0.00599664 -0.56076 0.599572 -0.00716887 -0.800288 0.793897 0.044286 -0.606438 0.946338 0.0677994 -0.315987 0.801229 0.10854 -0.588431 0.936329 0.106901 -0.334455 0.998474 0.0313325 -0.0454748 0.997783 0.0263602 0.0611059 0.962394 -0.128174 0.239518 0.918032 -0.0995438 0.383807 0.870578 -0.290666 0.396998 0.807515 -0.222277 0.546363 0.784479 -0.404369 0.47019 0.653504 -0.355009 0.668506 -0.654507 0.35937 -0.665187 -0.678075 0.128791 -0.723621 -0.484506 0.301358 -0.821241 -0.436555 0.490528 -0.75419 -0.248309 0.509122 -0.824098 -0.221403 0.6178 -0.754522 -0.070311 0.685038 -0.725107 -0.0609229 0.732242 -0.678314 0.0287727 0.796092 -0.604491 0.0372023 0.818256 -0.573649 0.0810327 0.879213 -0.469487 0.108293 0.900623 -0.420892 0.145438 0.917287 -0.370719 0.127182 0.969163 -0.211064 0.181604 0.973103 -0.141743 0.215142 0.969835 -0.114603 0.11709 0.986555 0.114018 0.176653 0.981291 0.0765575 -0.0125251 0.971643 0.236122 0.112917 0.979626 0.166078 -0.0850941 0.962317 0.258274 0.0621936 0.976371 0.206958 -0.146076 0.951448 0.270941 0.00709401 0.969095 0.246587 -0.218428 0.931159 0.291946 -0.0618212 0.959019 0.276516 -0.217165 -0.214354 -0.952309 -0.180993 -0.284941 -0.941302 0.0487486 -0.210953 -0.97628 -0.116304 -0.304325 -0.945441 0.0958609 -0.207772 -0.973469 0.349462 -0.0985295 -0.931755 0.103211 -0.167932 -0.980381 0.34692 -0.0608662 -0.935918 0.597219 0.0455656 -0.800783 0.277129 -0.0135 -0.960738 0.540053 0.0814284 -0.837683 0.77738 0.144721 -0.612157 0.887367 0.114416 -0.446641 0.933643 0.127263 -0.334834 0.97309 -0.0206853 -0.229493 0.996632 0.0206732 -0.0793547 0.979474 -0.177451 -0.0956123 0.985086 -0.134707 0.107052 0.94823 -0.315182 -0.038987 0.926049 -0.296355 0.23368 0.912668 -0.406506 -0.0423027 0.875498 -0.404132 0.264914 -0.611715 -0.0604874 -0.788763 -0.43452 -0.147735 -0.888463 0.929684 -0.220686 -0.294934 -0.202181 -0.132396 -0.970358 0.838495 0.0929829 -0.536918 0.0691474 0.089648 -0.99357 0.00961242 0.317817 -0.948103 -0.0100439 0.515703 -0.856709 0.332506 0.359066 -0.872073 0.144229 0.507659 -0.8494 0.0690399 0.733286 -0.676406 0.0586372 0.849353 -0.524559 -0.00599562 0.705523 -0.708661 0.163375 0.782016 -0.601464 0.0473162 0.886741 -0.459839 0.0426307 0.932688 -0.358156 0.078141 0.957683 -0.277015 -0.0149327 0.959238 -0.282205 -0.0211445 0.984262 -0.175448 0.0046565 0.99863 -0.0521117 0.0485349 0.99769 0.0475254 -0.134426 0.984939 0.108737 -0.0984645 0.970094 0.221863 -0.253549 0.951852 0.17231 -0.219723 0.93176 0.289042 -0.355176 0.912442 0.203224 -0.29469 0.911105 0.288177 -0.4146 0.886471 0.205609 -0.359607 0.887339 0.288639 -0.384771 0.916803 0.106875 -0.0997835 -0.274008 -0.956537 -0.142904 -0.163616 -0.976119 0.0604194 -0.0843605 -0.994602 -0.197098 0.0652973 -0.978207 -0.0392306 0.0725997 -0.996589 -0.258573 0.391663 -0.883029 -0.0552124 0.302126 -0.951668 -0.0155386 0.653769 -0.756534 0.113888 0.503412 -0.856508 0.354214 0.669064 -0.653365 0.423172 0.496926 -0.757621 0.60463 0.312553 -0.732621 0.768579 0.187727 -0.611592 0.661726 0.443803 -0.604282 0.35417 0.669038 -0.653415 0.181053 0.891227 -0.415853 0.0497421 0.926265 -0.373575 -0.0679738 0.982611 -0.172789 -0.279468 0.959642 -0.0313813 -0.272672 0.190931 -0.942972 -0.138454 0.652451 -0.745076 -0.0389815 0.285283 -0.95765 0.919601 0.321981 -0.225082 0.707361 0.552157 -0.44132 0.600136 0.579008 -0.551893 0.420864 0.668059 -0.613654 0.412465 0.68069 -0.60542 0.255129 0.656585 -0.709792 0.463118 0.602038 -0.65044 0.386045 0.579956 -0.71737 0.367764 0.574865 -0.730944 0.538211 0.549558 -0.638995 0.600123 0.511682 -0.614845 0.535173 0.566052 -0.627037 0.594161 0.533408 -0.602037 0.471895 0.587967 -0.65697 0.564339 0.571849 -0.595407 0.545247 0.585228 -0.600177 0.669013 0.570076 -0.476902 0.617409 0.562227 -0.550189 0.747969 0.548978 -0.373049 0.740867 0.549116 -0.386766 0.697025 0.545269 -0.465659 0.663307 0.536186 -0.522042 0.709284 0.540469 -0.452558 0.762747 0.553682 -0.334146 0.754217 0.554172 -0.352207 0.778513 0.570427 -0.261782 0.788495 0.585128 -0.189475 0.773291 0.593188 -0.22394 0.786015 0.607457 -0.114787 0.791582 0.609123 -0.0486511 0.780296 0.624542 0.0329621 0.779022 0.620322 -0.0912463 0.773304 0.626003 -0.100603 0.770429 0.635465 0.0512106 0.766708 0.641408 0.027466 0.758611 0.644399 -0.0962277 0.757363 0.652972 -0.00534592 0.752958 0.657509 0.0271344 0.754546 0.656232 -0.00439362 0.712128 0.683733 0.15932 0.729999 0.676477 0.0973603 0.675135 0.689997 0.260952 0.705136 0.684356 0.185581 0.716162 0.67637 0.17215 0.683007 0.693169 0.230254 0.757712 0.650762 0.048788 0.736943 0.667088 0.109129 0.763143 0.644306 0.0498336 0.764833 0.642462 0.0476659 0.745579 0.656952 0.111918 0.752249 0.652901 0.0885539 0.702761 0.682535 0.200682 0.685027 0.691121 0.230411 0.709234 0.675236 0.202591 0.691187 0.683043 0.236035 0.710214 0.668472 0.220776 0.702967 0.673257 0.229265 0.655893 0.686761 0.313311 0.713656 0.66968 0.205482 0.671939 0.676559 0.301272 0.563074 0.72312 0.400057 0.663527 0.683082 0.305174 0.571799 0.714276 0.403554 0.450124 0.763818 0.462569 0.433242 0.774949 0.460169 0.363748 0.796345 0.483241 0.33129 0.810858 0.482448 0.291881 0.820758 0.491083 0.25954 0.831452 0.49125 0.131909 0.873504 0.468605 0.11119 0.877724 0.466087 -0.0775575 0.951248 0.298516 -0.0797884 0.94838 0.306937 -0.175809 0.979139 0.101873 -0.173282 0.975745 0.133772 -0.215121 0.974746 -0.0599349 -0.217086 0.975946 -0.0200862 -0.219 0.958817 -0.180856 -0.226399 0.963961 -0.139722 -0.215339 0.948134 -0.233817 -0.226671 0.953958 -0.196429 -0.214947 0.948191 -0.233948 -0.227938 0.951383 -0.207158 -0.226266 0.956983 -0.181622 -0.237777 0.955958 -0.172063 -0.241376 0.964867 -0.10378 -0.26133 0.961945 -0.0797996 -0.244604 0.968659 -0.0432267 -0.273015 0.961779 0.0210617 -0.238504 0.97114 -0.0018653 -0.259848 0.963693 0.0614345 -0.227931 0.973394 0.02349 -0.246736 0.965164 0.0870599 -0.215678 0.975803 0.0359276 -0.232711 0.967371 0.100197 -0.201499 0.978867 0.0348903 -0.216754 0.970454 0.106 -0.186587 0.981984 0.0298754 -0.198569 0.972926 0.118263 -0.170497 0.985192 -0.0180962 -0.175391 0.979162 0.102371 -0.16001 0.97984 -0.119629 -0.167147 0.985802 -0.0159982 -0.148537 0.971494 -0.184762 -0.154075 0.98141 -0.114438 -0.159145 0.986493 -0.0387769 -0.144298 0.977159 -0.15601 -0.153202 0.986699 -0.0543481 -0.160503 0.986754 -0.0235414 -0.146116 0.986482 -0.074179 -0.162062 0.986076 0.0372931 -0.176804 0.984201 0.00938815 -0.156574 0.98735 0.0249981 -0.174742 0.980797 0.0866185 -0.191143 0.980995 0.0333531 -0.189204 0.980378 -0.0553296 -0.180992 0.98238 -0.0465964 -0.161334 0.986194 -0.0373241 -0.116979 0.920964 -0.371674 -0.143264 0.913346 -0.381149 -0.171536 0.924364 -0.340772 -0.0497141 0.839393 -0.541246 -0.0803607 0.82935 -0.55292 -0.117187 0.814485 -0.568227 -0.0019661 0.709474 -0.704729 -0.0485625 0.668757 -0.741893 0.0516545 0.634576 -0.771132 0.0805584 0.483612 -0.871567 0.00569727 0.779679 -0.626153 0.0055647 0.749103 -0.66243 0.198147 0.731645 -0.652252 0.017647 0.758124 -0.651872 0.0841834 0.715779 -0.693234 0.198335 0.711226 -0.674404 0.238178 0.609115 -0.756472 0.194121 0.640567 -0.742961 -0.011227 0.679326 -0.733751 0.253057 0.575208 -0.77788 -0.0947661 0.646009 -0.757424 0.251402 0.540146 -0.803143 0.636261 0.539969 -0.551004 0.260871 0.520199 -0.813228 0.595735 0.510966 -0.619688 0.628172 0.508286 -0.589105 0.630099 0.497351 -0.596337 0.738381 0.511069 -0.440002 0.706633 0.518327 -0.481671 0.80163 0.547019 -0.241161 0.762451 0.538954 -0.358046 0.786712 0.614732 0.0564681 0.797777 0.60065 -0.0526406 0.786864 0.612608 -0.0745418 0.782159 0.622489 -0.0270957 0.773767 0.629178 0.0736178 0.762034 0.621736 -0.180966 0.765943 0.630943 -0.123459 0.777369 0.628698 -0.0208796 0.76401 0.636511 -0.105555 0.760431 0.640859 -0.105092 0.746737 0.656783 0.104979 0.749828 0.657351 0.0751553 0.700889 0.684073 0.201986 0.689113 0.686458 0.232161 0.736459 0.670016 0.0933097 0.685528 0.686194 0.243288 0.758436 0.651731 -0.00466116 0.744638 0.663819 0.0696978 0.753127 0.654537 0.0661952 0.757525 0.651557 0.0403543 0.724088 0.671058 0.1593 0.743763 0.661041 0.0992067 0.676526 0.690654 0.255558 0.713695 0.676984 0.179812 0.642496 0.704308 0.301911 0.6862 0.690276 0.229452 0.681554 0.690525 0.242195 0.698926 0.681456 0.217072 0.707819 0.675418 0.206888 0.659942 0.700782 0.270889 0.670449 0.695062 0.259589 0.6349 0.695941 0.335512 0.585553 0.717583 0.377097 0.571772 0.713248 0.405407 0.51961 0.72299 0.455292 0.551954 0.71788 0.424259 0.452916 0.744539 0.490437 0.457829 0.752135 0.474011 0.381077 0.773225 0.506857 0.383455 0.781925 0.491482 0.278982 0.819439 0.500688 0.294339 0.821082 0.489069 0.11146 0.888451 0.445233 0.129606 0.884006 0.449151 -0.136208 0.963978 0.228458 -0.103562 0.96094 0.25665 -0.241723 0.968031 -0.0669852 -0.202493 0.979166 0.0151982 -0.248985 0.936029 -0.248708 -0.227198 0.961094 -0.157098 -0.228535 0.915167 -0.332024 -0.219474 0.940131 -0.260739 -0.210229 0.911555 -0.353372 -0.209717 0.93184 -0.296131 -0.199999 0.920985 -0.334345 -0.20486 0.93594 -0.286442 -0.195317 0.934746 -0.29682 -0.205367 0.946831 -0.247659 -0.195478 0.948294 -0.250053 -0.209018 0.957518 -0.198672 -0.196147 0.958673 -0.20609 -0.211693 0.965973 -0.148598 -0.192731 0.965458 -0.175345 -0.209709 0.971942 -0.106538 -0.185599 0.970101 -0.156387 -0.202845 0.975737 -0.0824101 -0.178107 0.972661 -0.149026 -0.193303 0.978371 -0.0736439 -0.165539 0.96987 -0.178741 -0.181336 0.980016 -0.08177 -0.15391 0.968204 -0.197211 -0.168979 0.98117 -0.0935476 -0.143937 0.965433 -0.217304 -0.158049 0.979177 -0.12741 -0.138074 0.965361 -0.221389 -0.149335 0.972608 -0.178136 -0.132074 0.955277 -0.264578 -0.140554 0.962742 -0.231027 -0.11012 0.912977 -0.392871 -0.126888 0.941828 -0.311223 -0.136851 0.960866 -0.24085 -0.115487 0.912233 -0.393058 -0.128188 0.943531 -0.305478 -0.135231 0.967324 -0.21447 -0.122228 0.928551 -0.350505 -0.126975 0.946617 -0.296299 -0.135014 0.97753 -0.161883 -0.102855 0.922426 -0.372225 -0.115681 0.939578 -0.322196 -0.159761 0.972826 -0.16759 -0.0828156 0.933262 -0.34952 -0.106049 0.943089 -0.315177 -0.115701 0.940798 -0.31861 -0.118422 0.945522 -0.303254 -0.0881426 0.920471 -0.380741 -0.052718 0.875711 -0.47995 -0.0728789 0.910228 -0.407644 -0.0155629 0.847847 -0.530013 -0.0425173 0.884698 -0.464222 -0.0071716 0.830356 -0.557187 -0.159749 0.701634 -0.694399 -0.259313 0.685809 -0.680017 -0.110778 0.948361 -0.297219 -0.0607367 0.919918 -0.387379 -0.33582 0.637162 -0.693722 -0.12826 0.61573 -0.777448 -0.36958 0.578332 -0.727284 -0.127169 0.58471 -0.801213 0.288701 0.506586 -0.812417 -0.105363 0.540097 -0.834981 0.347637 0.499942 -0.793226 -0.0752906 0.501508 -0.86187 0.422783 0.465591 -0.777483 -0.080282 0.427173 -0.900599 0.453423 0.414434 -0.789083 0.621188 0.396084 -0.676197 0.459004 0.338013 -0.821622 0.609034 0.344871 -0.714242 0.715051 0.351369 -0.604353 0.728172 0.384272 -0.567538 0.820908 0.342146 -0.457215 0.798766 0.38218 -0.464662 0.935228 0.289902 -0.203235 0.891025 0.356351 -0.281227 0.897112 0.37542 -0.232915 0.917926 0.378928 -0.117582 0.973253 0.149407 0.174514 0.964393 0.221985 0.143766 0.925348 0.234889 0.297587 0.849037 0.236325 0.472533 0.910214 0.387293 0.146679 0.808979 0.285948 0.513602 0.833346 0.373127 0.407812 0.870868 0.490101 0.0372937 0.805529 0.508339 -0.304491 0.806512 0.426993 0.408919 0.811812 0.505428 0.292409 0.829862 0.557102 0.0310776 0.803434 0.561262 0.198695 0.795673 0.590358 0.135579 0.789497 0.612482 0.0395064 0.785021 0.618452 -0.0354867 0.768937 0.618842 -0.160532 0.775146 0.631359 -0.0231069 0.771524 0.629854 -0.0896349 0.740078 0.654463 0.154801 0.746902 0.654229 0.118837 0.728917 0.66871 0.146654 0.735977 0.666144 0.120788 0.729975 0.67717 0.0926113 0.753583 0.657095 0.0183904 0.724059 0.680149 0.114613 0.751229 0.659878 0.0146977 0.707351 0.678524 0.198142 0.737092 0.66577 0.115957 0.672906 0.68151 0.287647 0.708298 0.674123 0.209455 0.623157 0.689231 0.369643 0.66448 0.688506 0.290559 0.576566 0.706382 0.410604 0.628931 0.701922 0.334291 0.580702 0.714427 0.390357 0.452239 0.684694 0.571554 0.480235 0.69973 0.528916 0.5176 0.715102 0.469808 0.427106 0.684085 0.591277 0.507013 0.727643 0.462032 0.520479 0.724469 0.451937 0.513392 0.719442 0.467794 0.480131 0.719446 0.501868 0.471225 0.725727 0.501266 0.426754 0.726487 0.538606 0.425943 0.739433 0.521355 0.34382 0.74877 0.566685 0.360033 0.76247 0.537602 0.247069 0.784987 0.568113 0.256179 0.804493 0.535876 0.13275 0.825766 0.548168 0.102405 0.866414 0.488713 -0.121124 0.916179 0.382028 -0.154887 0.946916 0.28171 -0.245705 0.969345 -9.58033e-05 -0.266077 0.961373 -0.0704578 -0.251102 0.950937 -0.180738 -0.266971 0.92636 -0.265676 -0.241947 0.941897 -0.233006 -0.24697 0.906319 -0.342915 -0.223997 0.944461 -0.240456 -0.223435 0.908895 -0.352116 -0.20397 0.953198 -0.22318 -0.204739 0.924438 -0.321708 -0.191613 0.942169 -0.274959 -0.186529 0.952105 -0.242288 -0.18607 0.958575 -0.215665 -0.170466 0.940206 -0.294878 -0.180826 0.960037 -0.213612 -0.157792 0.935908 -0.314925 -0.169397 0.958993 -0.227236 -0.142051 0.919061 -0.367625 -0.158317 0.95592 -0.247291 -0.135029 0.915622 -0.378685 -0.146709 0.943547 -0.296976 -0.132848 0.920495 -0.367478 -0.138745 0.940299 -0.310787 -0.129623 0.937273 -0.323599 -0.133026 0.950261 -0.281616 -0.116913 0.910427 -0.396804 -0.12344 0.960256 -0.250342 -0.106435 0.926776 -0.360218 -0.0559963 0.841493 -0.537358 -0.0502483 0.797752 -0.600888 -0.0910473 0.861285 -0.499898 -0.106098 0.819779 -0.562766 -0.120479 0.894273 -0.430999 -0.13728 0.812494 -0.566576 -0.153902 0.738609 -0.656331 -0.119466 0.839692 -0.529759 -0.116455 0.865581 -0.48704 -0.106332 0.738914 -0.665357 -0.12597 0.870554 -0.475676 -0.121998 0.80382 -0.582229 -0.109076 0.907759 -0.405063 -0.0777029 0.851851 -0.517988 -0.181761 0.983139 0.0200004 -0.175229 0.975843 -0.130477 -0.216434 0.948321 0.232043 -0.254022 0.963536 0.0840954 -0.176836 0.97952 -0.096275 -0.187994 0.977279 0.0978974 -0.1311 0.989805 -0.0556598 0.0106222 0.983451 -0.180865 0.0156589 0.965981 -0.25814 0.181918 0.959024 -0.217206 0.27969 0.892434 -0.354028 0.280919 0.703067 0.653285 0.130149 0.873302 0.469473 0.116628 0.908516 0.401244 0.222702 0.794152 0.565443 0.441868 0.544167 0.713186 0.500636 0.2812 0.818712 0.476745 0.0867411 0.874751 0.327816 -0.454899 0.828012 0.243196 -0.162577 0.956255 -0.15031 -0.596808 0.78818 -0.0874474 -0.176394 0.980428 -0.468616 -0.437593 0.767405 -0.14067 -0.00714626 0.990031 -0.55317 -0.0401994 0.832098 -0.162233 0.896266 -0.412782 0.0237414 0.99964 -0.0125313 0.104619 0.989853 0.0961596 -0.0996238 0.953373 -0.284876 0.0766944 0.988407 0.131036 0.166041 0.958591 0.231373 0.0304218 0.992466 0.118683 0.0803939 0.98018 0.181063 0.0789294 0.943001 0.323293 -0.00322216 0.996223 0.0867691 0.029941 0.985934 0.164429 0.00647845 0.973504 0.228577 -0.00979997 0.921696 0.38779 -0.0222433 0.981425 0.190553 -0.100027 0.944079 0.314182 -0.0156836 0.989697 0.142317 -0.0897804 0.982389 0.163863 -0.147235 0.98564 0.0826774 -0.0380349 0.992846 0.113185 -0.0124911 0.997405 -0.0708987 0.213735 0.942307 0.257635 -0.00728364 0.986199 0.165402 0.0252703 0.995643 0.089759 0.23691 0.953227 0.187705 0.128233 0.98945 -0.0674229 0.213844 0.976846 -0.00646937 0.501028 0.858873 0.106341 0.868414 0.456875 0.19267 0.247932 0.944099 -0.217272 0.106398 0.986383 -0.125407 0.250877 0.939958 -0.231386 0.461853 0.869716 -0.174027 0.482654 0.860143 -0.16492 0.631962 0.770453 -0.0838183 0.656796 0.751598 -0.0609845 0.742699 0.663132 0.093028 0.770169 0.615073 0.168891 0.807073 0.536461 0.246664 0.814601 0.499385 0.295025 0.766337 0.511438 0.388792 0.764296 0.414417 0.494075 0.729077 0.326847 0.601347 0.718794 0.304563 0.624961 0.812109 0.543024 0.213551 0.681679 0.325558 0.65523 0.679781 0.404914 0.611508 0.504018 0.322746 0.801125 0.509937 0.246773 0.824055 0.238086 0.262891 0.934989 0.240692 0.176189 0.954476 -0.106738 0.229835 0.967359 -0.119226 0.129866 0.984337 -0.426731 0.229477 0.874781 -0.454086 0.147045 0.87874 0.213188 0.358099 0.909019 -0.129098 0.304154 0.943835 -0.455057 0.280867 0.845007 -0.130371 0.381031 0.915324 -0.456494 0.36001 0.813637 -0.0182998 0.997268 0.0715589 -0.0179016 0.997945 0.0615283 -0.0226145 0.998574 0.0483495 0.000896282 0.996004 0.0893036 -0.000262659 0.997059 0.0766309 -0.0123796 0.999622 0.0245372 -0.00583195 0.998834 0.0479209 0.0246878 0.999058 -0.0356771 0.0170414 0.997945 0.0617628 0.0811177 0.996334 -0.0271894 0.0274309 0.996453 0.0795522 0.0830249 0.996173 0.027318 0.0327168 0.995793 0.0855869 0.0579597 0.996509 0.0600954 0.0415354 0.995693 0.0828841 0.00399135 0.992819 0.119559 -0.0728321 0.997344 -0.0010267 -0.0499117 0.996737 -0.0634364 0.00450541 0.992503 -0.122137 -0.0021271 0.999457 -0.032869 0.0817838 0.981277 -0.174376 -0.0105995 0.982775 -0.184501 0.0634182 0.975715 -0.209661 0.205044 0.936666 -0.283927 0.229262 0.937742 -0.260918 0.443598 0.877687 -0.181344 0.436014 0.880257 -0.187187 0.582704 0.810874 -0.0542171 0.592921 0.801621 -0.0764726 0.686279 0.720285 0.101051 0.702873 0.707321 0.0752785 0.691847 0.636459 0.340981 0.718233 0.612292 0.330515 0.750081 0.569803 0.335713 0.624713 0.535707 0.568112 0.649904 0.496277 0.575616 0.436181 0.470878 0.766824 0.474173 0.428312 0.769227 0.19863 0.424974 0.883144 0.406279 0.5114 0.757237 0.203292 0.46122 0.863683 -0.10805 0.43297 0.894909 0.205691 0.487899 0.848319 -0.0992715 0.459042 0.882851 -0.381628 0.47038 0.795678 -0.417018 0.430962 0.80023 -0.116424 0.460534 0.879974 -0.355001 0.468189 0.809181 0.0160906 0.991787 0.126886 -0.0189482 0.987487 0.156555 0.00135134 0.986236 0.165338 0.0238998 0.990858 0.132773 0.00231878 0.990663 0.136314 0.00457996 0.996531 0.0830969 0.0264507 0.995657 0.0892596 0.0267958 0.999502 0.0166782 0.0698829 0.994444 0.0787238 0.0862346 0.996211 -0.0112878 0.0943856 0.990742 0.0975758 0.10593 0.994023 0.0264198 0.0775434 0.988618 0.128924 0.0796594 0.994097 0.0736544 -0.112062 0.97252 -0.204075 -0.161401 0.968439 -0.189935 -0.0649213 0.971997 -0.225846 -0.0379537 0.974031 -0.22321 -0.0736375 0.986718 -0.144791 0.0242329 0.970096 -0.241506 0.0400753 0.969775 -0.240689 0.2309 0.937298 -0.261071 0.203851 0.937164 -0.28314 0.488774 0.867505 -0.0923787 0.468587 0.873302 -0.133307 0.577109 0.816566 0.0128336 0.573913 0.818774 -0.015249 0.650409 0.744922 0.148524 0.660625 0.741303 0.118508 0.651609 0.653371 0.385373 0.667206 0.653152 0.358089 0.551604 0.584606 0.594953 0.564942 0.578621 0.58825 0.576701 0.562692 0.592278 0.426523 0.524045 0.737194 0.393372 0.523511 0.755774 0.160694 0.481342 0.861677 0.330694 0.488305 0.807589 0.108393 0.449616 0.886621 -0.142466 0.428521 0.892229 0.0796398 0.38433 0.919754 -0.157126 0.382356 0.910558 -0.358272 0.389517 0.84848 -0.368742 0.427273 0.82551 -0.0598657 0.981082 0.184103 -0.0620981 0.964911 0.255129 -0.0236449 0.959607 0.280348 -0.0300192 0.979838 0.197529 0.0185894 0.938627 0.344433 -0.00429925 0.978952 0.204047 0.0171914 0.916521 0.399617 0.01993 0.977527 0.209865 -0.0136226 0.902249 0.430999 0.0372107 0.973383 0.226146 -0.0306544 0.908361 0.417061 0.0435564 0.969681 0.240459 -0.00618109 0.92306 0.384606 0.050201 0.969024 0.241811 -0.246705 0.95658 -0.155213 -0.328584 0.938772 -0.103628 -0.139044 0.972912 -0.184686 -0.0879729 0.972314 -0.216484 0.0325377 0.978571 -0.20332 0.0427858 0.973386 -0.225143 0.281654 0.942816 -0.178237 0.267927 0.939604 -0.212976 0.546151 0.837243 0.0272561 0.512234 0.858273 -0.0313565 0.619628 0.763397 0.182442 0.58942 0.80261 0.0916608 0.645704 0.683544 0.340344 0.639053 0.728858 0.245719 0.610208 0.583851 0.535504 0.622297 0.629406 0.465398 0.483145 0.493469 0.723228 0.510531 0.549565 0.661314 0.299132 0.433226 0.850197 0.512787 0.440444 0.736925 0.30266 0.378801 0.87459 0.0698459 0.335631 0.939401 0.317371 0.322363 0.891828 0.107074 0.305866 0.946034 -0.0643414 0.302005 0.951133 -0.119781 0.326901 0.937437 -0.247671 0.329843 0.910968 -0.314519 0.347215 0.88347 -0.0257218 0.937853 0.346078 0.0423875 0.898453 0.437018 0.0542289 0.886032 0.460441 0.00935173 0.926208 0.376896 0.0552747 0.85907 0.508865 0.0391975 0.893658 0.447034 0.0214798 0.827673 0.560799 0.0207178 0.837201 0.546503 -0.0351482 0.810514 0.584663 -0.0518585 0.807351 0.587788 -0.0590954 0.822119 0.566241 -0.0770185 0.835408 0.544207 -0.0469298 0.835263 0.547845 -0.0556924 0.862262 0.503392 -0.396472 0.915386 -0.0698526 -0.377922 0.924215 -0.0547868 -0.192006 0.972632 -0.130844 -0.184868 0.97046 -0.155022 -0.0386104 0.985097 -0.16761 -0.00156323 0.982847 -0.184416 0.224658 0.959731 -0.168657 0.270829 0.948686 -0.163239 0.521935 0.852533 0.0277689 0.555721 0.83011 0.0457372 0.626456 0.755873 0.190288 0.637377 0.742716 0.205238 0.669341 0.661378 0.338469 0.665649 0.65382 0.359765 0.646924 0.548161 0.530103 0.630714 0.544566 0.552854 0.536733 0.422502 0.730349 0.656847 0.53707 0.529251 0.547206 0.407231 0.731251 0.354565 0.306599 0.883335 0.57119 0.399557 0.717005 0.373875 0.283596 0.883058 0.133502 0.239375 0.961705 0.152329 0.270376 0.950627 -0.0754605 0.238079 0.96831 -0.0375577 0.267312 0.962878 -0.292292 0.268906 0.917744 -0.257767 0.295126 0.920031 0.0165677 0.889862 0.455929 -0.0408559 0.897706 0.438697 -0.014265 0.894298 0.447245 0.0402237 0.879858 0.473532 -0.0142554 0.907349 0.420137 0.0309725 0.874704 0.483666 0.0148347 0.917026 0.398552 0.0198259 0.883258 0.468468 0.0552207 0.912552 0.405215 0.0214931 0.882741 0.469368 0.0769638 0.894642 0.440105 0.00487083 0.861366 0.507961 0.060399 0.8845 0.462614 -0.0060699 0.856824 0.515574 -0.315096 0.948451 -0.033974 -0.230213 0.972922 -0.0206061 -0.119356 0.990376 -0.0700605 -0.164111 0.981915 -0.0944001 -0.0320952 0.994501 -0.0996918 -0.0331968 0.990922 -0.130275 0.172836 0.97769 -0.119368 0.172278 0.974109 -0.146396 0.491185 0.869165 0.0573558 0.487621 0.872817 0.0204098 0.601882 0.773249 0.19956 0.604726 0.77508 0.183188 0.665274 0.663563 0.342191 0.666423 0.672624 0.321647 0.661941 0.529423 0.530609 0.654081 0.655746 0.377062 0.656122 0.50139 0.564014 0.55341 0.347743 0.756844 0.641042 0.399125 0.655564 0.543812 0.267591 0.795401 0.391292 0.163828 0.905567 0.356595 0.213591 0.909516 0.172024 0.11163 0.978747 0.137476 0.167518 0.976237 -0.0603547 0.103772 0.992768 -0.0634132 0.167593 0.983815 -0.283018 0.135513 0.949493 -0.287852 0.198777 0.936819 -0.0385586 0.887424 0.459338 -0.0316477 0.869014 0.493774 -0.00153856 0.859889 0.510478 -0.0244853 0.886251 0.462557 0.023388 0.837633 0.545732 -0.00630543 0.886252 0.463161 0.0196403 0.817622 0.57542 0.0167273 0.895977 0.443785 0.00431764 0.815537 0.578689 0.0486907 0.889217 0.454888 -0.00908032 0.810106 0.586213 0.0783269 0.882136 0.464436 -0.00178397 0.811713 0.584054 0.0798572 0.871561 0.483739 -0.199612 0.978923 0.0431748 -0.272678 0.951879 0.139906 -0.186006 0.97946 0.0778418 -0.120978 0.992653 0.00178461 -0.0885658 0.995855 0.0207235 -0.045523 0.998416 -0.0330613 0.191023 0.981494 0.0134048 0.189547 0.980659 -0.0487809 0.487747 0.85271 0.18705 0.48587 0.865556 0.121422 0.599617 0.729913 0.328157 0.593928 0.763752 0.252848 0.65693 0.583663 0.477264 0.628303 0.640486 0.441602 0.672733 0.466738 0.574096 0.653322 0.319741 0.686248 0.687702 0.414831 0.595803 0.68266 0.322445 0.655748 0.637453 0.219935 0.738432 0.595941 0.221116 0.771986 0.49064 0.061445 0.869194 0.446233 0.0864614 0.89073 0.20856 -0.060384 0.976144 0.183074 0.00111053 0.983098 -0.0414668 -0.0732825 0.996449 -0.0599042 -0.0015124 0.998203 -0.279104 -0.048827 0.959019 -0.276328 0.0264772 0.960698 -0.014825 0.84819 0.529484 -0.00567228 0.847363 0.530984 0.0400123 0.824803 0.564002 0.0360088 0.828783 0.558411 0.0573386 0.77616 0.627924 0.0590298 0.781086 0.621627 0.00558371 0.71839 0.695618 0.0179966 0.734106 0.678796 -0.0761173 0.709549 0.700533 -0.0419648 0.739621 0.671714 -0.136144 0.712266 0.68858 -0.0914905 0.736186 0.670566 -0.139909 0.720247 0.679463 -0.111668 0.738888 0.664511 -0.336972 0.902468 0.268332 -0.326335 0.873116 0.362178 -0.217268 0.928222 0.30199 -0.236734 0.949767 0.204693 -0.11816 0.968915 0.217352 -0.124804 0.983875 0.128119 0.152868 0.974695 0.163099 0.170695 0.97992 0.10305 0.529831 0.778501 0.336473 0.50416 0.817093 0.27961 0.655309 0.557754 0.509392 0.515764 0.769353 0.37694 0.643555 0.555114 0.526958 0.6901 0.446915 0.569235 0.626066 0.57386 0.527945 0.684976 0.501182 0.528795 0.729225 0.432816 0.53 0.709817 0.376299 0.595448 0.733911 0.303477 0.607681 0.696743 0.264278 0.666863 0.597734 0.0431735 0.800532 0.556665 0.0381653 0.82986 0.29583 -0.165214 0.940845 0.256721 -0.120181 0.958984 -0.0628695 -0.258662 0.96392 -0.0426656 -0.170554 0.984424 -0.383923 -0.254934 0.887475 -0.346383 -0.1425 0.927207 -0.0307276 0.870029 0.492043 -0.0765293 0.917975 0.389185 -0.0189038 0.906304 0.422203 -0.00132245 0.864419 0.50277 -0.00936989 0.895905 0.444146 0.0164814 0.838848 0.544116 -0.0177217 0.893035 0.449637 -0.00818683 0.79574 0.605583 -0.0365688 0.87641 0.480174 -0.0743888 0.765514 0.639104 -0.0179218 0.893058 0.449585 -0.104865 0.781633 0.614861 0.0114189 0.901988 0.43161 -0.0783571 0.80936 0.582063 -0.145644 0.871626 0.468033 0.0612772 0.858789 0.508652 0.0549436 0.828645 0.557072 -0.103643 0.894853 0.434162 0.084809 0.869538 0.486529 -0.0464631 0.931268 0.361361 0.239131 0.887765 0.393307 0.150978 0.949782 0.274079 0.528624 0.723597 0.443807 0.422112 0.73059 0.536712 0.558371 0.636585 0.53196 0.625221 0.58524 0.516327 0.620884 0.475175 0.623468 0.655203 0.476215 0.586453 0.709493 0.215838 0.670845 0.703021 -0.173251 0.689743 0.663498 -0.137223 0.735487 0.62275 -0.0651248 0.779706 0.586373 -0.589108 0.555984 0.451696 -0.522548 0.723129 0.355247 -0.379205 0.854402 0.316812 -0.247072 0.915743 0.614735 0.0107289 0.788661 -0.0338071 -0.390039 0.920178 -0.349785 -0.442921 0.825513 -0.166937 0.953971 0.24914 -0.0683714 0.952105 0.298028 -0.109448 0.992299 0.0580028 -0.0476983 0.95069 0.306453 -0.0260511 0.996563 0.0786365 -0.0273584 0.954619 0.296571 -0.168322 0.957776 -0.233093 0.00124804 0.969983 -0.243171 0.900782 -0.37889 0.212213 0.692749 -0.72068 0.0268122 0.743637 -0.610809 0.271875 0.879002 -0.27371 0.390434 0.841461 0.0419956 0.538683 0.892748 -0.00823274 0.45048 0.651473 0.450786 0.610225 0.657695 0.473884 0.585552 0.614592 0.45455 0.644718 0.310323 0.723492 0.616651 0.297324 0.710518 0.637779 0.604203 0.477032 0.638262 0.340509 0.696499 0.631619 0.792432 0.585743 0.170166 0.7746 0.631077 0.0416744 0.747743 0.383566 0.541994 0.77291 0.496795 0.394721 0.791804 0.593848 0.142797 0.787509 0.613357 0.0602001 0.7794 0.623999 0.0562256 0.818241 0.534549 0.211519 0.81703 0.558131 0.144746 0.820827 0.557134 0.125876 0.843199 0.401072 0.35799 0.853266 0.40509 0.32839 0.81584 0.237437 0.527284 0.819339 0.185794 0.542368 0.895468 0.256547 0.36376 0.144287 0.947222 0.286273 0.0885578 0.950068 0.299212 0.124314 0.964474 0.233102 0.199015 0.967853 0.153797 0.192425 0.965963 0.172883 0.301312 0.935577 0.184137 0.302945 0.939558 0.159547 0.372791 0.896017 0.241206 0.395589 0.883724 0.250083 0.416201 0.855137 0.309058 0.445776 0.762168 0.469451 0.433679 0.824088 0.364418 0.456698 0.775187 0.436476 0.444749 0.695845 0.563913 0.423431 0.624082 0.65668 0.469808 0.636988 0.611169 0.415856 0.718523 0.557484 0.376464 0.634714 0.674843 0.327676 0.556048 0.763832 0.346979 0.560742 0.751781 0.447258 0.617019 0.647493 0.286526 0.563629 0.774742 0.218651 0.501373 0.837148 0.23032 0.508541 0.829662 0.31112 0.570726 0.759919 0.405879 0.591214 0.696942 0.308503 0.588021 0.747701 0.332678 0.61789 0.712416 0.350947 0.608261 0.711937 0.40014 0.643844 0.652191 0.521236 0.651998 0.550646 0.454187 0.623935 0.63594 0.34957 0.645121 0.679425 0.505901 0.683235 0.52655 0.597002 0.678618 0.427863 0.653779 0.687276 0.316581 0.598279 0.675037 0.431724 0.674904 0.696206 0.244542 0.623264 0.694497 0.359467 0.568599 0.6777 0.466281 0.533015 0.650725 0.540788 0.54113 0.679461 0.49549 0.494876 0.634369 0.593864 0.498614 0.654103 0.568799 0.563405 0.688038 0.45736 0.536231 0.689265 0.487207 0.562914 0.605595 0.56248 0.557501 0.660833 0.502485 0.523338 0.465477 0.713756 0.561931 0.539599 0.62695 0.582514 0.596983 0.551623 0.635858 0.642909 0.427028 0.58441 0.662282 0.468879 0.630321 0.683208 0.368677 0.678083 0.695825 0.236707 0.685463 0.673326 0.277079 0.325264 0.645373 0.691157 0.158575 0.592438 0.789855 0.335612 0.71596 0.612181 0.192693 0.663477 0.722958 0.00468536 0.618245 0.785972 -0.0864479 0.532084 0.842267 -0.225381 0.594896 0.771559 -0.341232 0.490847 0.801642 0.00304906 0.986437 0.164112 0.0251661 0.960627 0.276699 0.0135359 0.956805 0.290416 0.0365447 0.979085 0.200144 -0.0076906 0.999935 -0.00838301 -0.0661944 0.988885 -0.133137 0.0054037 0.954751 0.297356 -0.0220375 0.989709 0.141386 -0.12466 0.952301 -0.278538 -0.0901328 0.97928 0.181349 -0.139699 0.944774 -0.296457 -0.16848 0.833864 -0.525628 -0.162508 0.87707 -0.452039 -0.131412 0.932533 -0.336323 -0.146482 0.811061 -0.566324 -0.143282 0.882703 -0.447555 -0.167261 0.971909 0.16558 -0.0619017 0.933224 0.353922 -0.168215 0.928439 0.331215 -0.0699408 0.94759 0.311738 -0.136672 0.951209 0.276625 -0.184514 0.958363 0.217931 -0.11611 0.972867 0.200123 -0.144526 0.978521 0.147002 -0.129214 0.990395 0.0492093 -0.100536 0.993047 0.0612437 -0.073678 0.997274 -0.00407004 0.00789507 0.996608 -0.0819101 -0.0707264 0.996369 -0.0474009 0.102515 0.986682 -0.126287 0.0484274 0.990139 -0.131453 0.178865 0.974355 -0.136524 0.141388 0.977912 -0.153936 0.112963 0.930857 0.347483 0.151737 0.949062 0.276146 0.131213 0.961325 0.242152 0.173531 0.961533 0.212935 0.149653 0.965458 0.213294 0.157917 0.972204 0.172861 0.15133 0.968805 0.196258 0.237104 0.955532 0.175328 0.225648 0.95895 0.171748 0.303001 0.926125 0.224685 0.301174 0.929403 0.213315 0.35725 0.901186 0.24543 0.362132 0.90041 0.241085 0.407554 0.870257 0.276682 0.415754 0.863878 0.284366 0.418037 0.852532 0.313742 0.409908 0.82503 0.388975 0.428329 0.797567 0.424759 0.423316 0.763604 0.487558 0.367347 0.756015 0.541755 0.372013 0.781164 0.501387 0.254459 0.760345 0.5976 0.24221 0.72818 0.641162 0.0810091 0.756758 0.648656 0.0794576 0.71325 0.696392 -0.147405 0.772452 0.617729 -0.129804 0.713809 0.688206 0.0325174 0.940135 0.339248 -0.0127764 0.940919 0.33839 -0.0823061 0.956225 0.28082 -0.0223975 0.952778 0.302841 -0.101455 0.966426 0.236066 -0.0541512 0.95869 0.279249 -0.0192324 0.950972 0.30868 -0.0862826 0.963388 0.253848 -0.114315 0.978738 0.170304 -0.109348 0.987089 0.117041 -0.138237 0.978617 0.152313 -0.114814 0.990543 0.0751158 -0.0720061 0.997331 -0.0121112 -0.129557 0.979641 0.153355 -0.0932439 0.993642 0.0630939 -0.0358284 0.999315 -0.00930441 -0.00770006 0.997095 -0.0757771 0.026507 0.998286 -0.0521743 0.070484 0.991836 -0.106269 0.0939176 0.992666 -0.0761119 0.131142 0.984808 -0.113823 0.159042 0.983869 -0.0818959 0.191581 0.974781 -0.11445 0.053561 0.998466 -0.014036 0.149716 0.987714 -0.0447977 0.142916 0.971029 0.191512 0.133228 0.969865 0.20399 0.171859 0.962394 0.210386 0.154909 0.968579 0.194573 0.225728 0.94645 0.230823 0.182688 0.965525 0.185438 0.281286 0.920661 0.270669 0.248148 0.94839 0.197432 0.307528 0.892044 0.331187 0.303459 0.91751 0.257075 0.327194 0.873535 0.36039 0.345291 0.895394 0.281147 0.337934 0.848897 0.406417 0.375968 0.866784 0.327618 0.335511 0.821599 0.460877 0.388412 0.838145 0.382948 0.403485 0.83534 0.373372 0.314299 0.806637 0.500553 0.353826 0.80311 0.479397 0.178458 0.793304 0.582084 0.217363 0.787441 0.576793 0.048117 0.79694 0.602139 0.0380504 0.792598 0.608556 -0.0742289 0.816772 0.572166 -0.138344 0.806353 0.575026 -0.0366478 0.930605 0.364186 -0.00464007 0.902984 0.429649 -0.0550175 0.916788 0.395567 -0.0867561 0.942497 0.322759 -0.104074 0.938114 0.33032 -0.118892 0.959243 0.256353 -0.134103 0.96132 0.240583 -0.072834 0.899781 0.430221 -0.110522 0.917933 0.381029 -0.140219 0.935475 0.324383 -0.112589 0.902772 0.415122 -0.144205 0.914842 0.377185 -0.160526 0.941147 0.297444 -0.144983 0.96111 0.235049 -0.124078 0.974551 0.186697 -0.0982874 0.988688 0.11329 -0.0645589 0.993737 0.0912115 -0.0358693 0.998697 0.0363064 0.0470916 0.9985 0.0279441 0.0379246 0.996317 0.0768981 0.107826 0.993271 0.0422717 0.199092 0.979441 0.032525 0.175204 0.984519 0.00515165 0.157692 0.959715 0.232553 0.174525 0.949567 0.260508 0.166233 0.951995 0.257046 0.188664 0.952321 0.239772 0.185338 0.947958 0.258894 0.226899 0.938679 0.259614 0.280551 0.893977 0.349422 0.291395 0.90042 0.323005 0.30063 0.845493 0.44132 0.306044 0.866481 0.394395 0.299527 0.827558 0.474797 0.309626 0.846653 0.432794 0.281165 0.792266 0.541535 0.307609 0.828533 0.467878 0.206904 0.74357 0.635842 0.261748 0.785732 0.560458 0.119222 0.723247 0.680221 0.174993 0.76259 0.622763 0.252201 0.794397 0.552565 0.0927791 0.754901 0.649244 0.1444 0.781649 0.606773 0.00546275 0.763578 0.645692 0.035939 0.784058 0.619647 -0.078341 0.776144 0.62567 -0.059165 0.798148 0.599549 0.00196856 0.878062 0.478544 -0.0143372 0.873238 0.487084 -0.0574128 0.883972 0.464002 -0.0278674 0.886558 0.461777 -0.0901288 0.896555 0.433666 -0.113066 0.886037 0.449617 -0.135123 0.911351 0.388819 -0.138446 0.931271 0.336997 -0.167788 0.898299 0.406087 -0.173041 0.944699 0.27857 -0.135613 0.9765 0.167501 -0.134651 0.95102 0.278262 -0.0558617 0.995233 0.0799347 -0.104666 0.975619 0.192907 0.0208793 0.997396 0.0690276 -0.0477383 0.989491 0.136488 0.0854025 0.993843 0.0705798 -0.0292173 0.986317 0.162248 0.0239441 0.988463 0.149557 0.092457 0.986146 0.137722 0.130873 0.988401 0.0770445 0.124706 0.982778 0.136366 0.154956 0.984578 0.0812052 0.139454 0.94797 0.286193 0.114358 0.934876 0.33605 0.121112 0.935099 0.333049 0.120697 0.952194 0.280639 0.211424 0.90333 0.373222 0.180116 0.938018 0.296108 0.269525 0.848197 0.455981 0.275449 0.87178 0.405126 0.279543 0.821762 0.496551 0.290128 0.82969 0.476907 0.285554 0.80177 0.524999 0.2913 0.810562 0.508068 0.280442 0.768132 0.575609 0.272501 0.766334 0.581787 0.241346 0.723005 0.647314 0.220452 0.725835 0.651586 0.164717 0.685421 0.709272 0.148508 0.701831 0.696691 0.0534686 0.664277 0.745572 0.0567387 0.69508 0.71669 0.0520964 0.722889 0.688998 -0.0536644 0.697557 0.714517 -0.0292017 0.728967 0.683926 -0.155212 0.718963 0.677497 -0.138567 0.746752 0.650508 -0.0494235 0.869792 0.490937 -0.0649336 0.848341 0.525453 -0.109541 0.864259 0.490976 -0.0680067 0.788887 0.610764 -0.125319 0.825359 0.550525 -0.176514 0.858015 0.48234 -0.138379 0.75074 0.645941 -0.175353 0.786491 0.592185 -0.206624 0.824273 0.527143 -0.196052 0.904178 0.379506 -0.212347 0.868811 0.447298 -0.165016 0.95019 0.264404 -0.202779 0.897306 0.392076 -0.104491 0.97426 0.199747 -0.149676 0.935409 0.320323 -0.29349 0.782189 0.549585 -0.285006 0.840943 0.459984 -0.205587 0.902417 0.378651 -0.0725528 0.960914 0.267172 -0.0855849 0.941297 0.32655 0.0126674 0.971188 0.237977 0.0294209 0.948577 0.315175 0.0957256 0.969627 0.225076 0.0898267 0.908961 0.40709 0.0162913 0.896509 0.442726 0.121355 0.877972 0.463076 0.13506 0.902407 0.409172 0.215453 0.823232 0.525233 0.222433 0.858848 0.461414 0.246125 0.768128 0.591102 0.259881 0.810121 0.525514 0.246611 0.753592 0.609329 0.26217 0.798117 0.542472 0.247343 0.717255 0.651435 0.269884 0.780562 0.563814 0.22919 0.669668 0.706411 0.265783 0.737569 0.620767 0.193567 0.633792 0.748892 0.216273 0.682684 0.697975 0.141157 0.607559 0.781631 0.127136 0.638828 0.758772 0.08697 0.591559 0.801557 0.0454003 0.623478 0.780522 -0.00682474 0.580971 0.813895 -0.0279903 0.625673 0.779583 -0.0409867 0.666875 0.744041 -0.132885 0.64784 0.750097 -0.134448 0.681245 0.719604 -0.0908973 0.605475 0.790656 -0.0807191 0.7296 0.679093 -0.0661816 0.649109 0.757811 -0.128069 0.669074 0.732078 -0.0893885 0.58737 0.804367 -0.146166 0.628882 0.763638 -0.195915 0.656967 0.728019 -0.196251 0.718089 0.667708 -0.23932 0.649728 0.721512 -0.232927 0.738242 0.633044 -0.297498 0.647368 0.701719 -0.26529 0.747613 0.608848 -0.338814 0.698052 0.630816 -0.294073 0.65113 0.69968 -0.333268 0.710088 0.620248 -0.310888 0.792971 0.523971 -0.344685 0.769084 0.538239 -0.22184 0.865504 0.449098 -0.26393 0.855616 0.445265 -0.142777 0.894794 0.423035 -0.144992 0.903864 0.402501 -0.0818796 0.899899 0.428343 -0.0501617 0.919258 0.390447 -0.0590424 0.892005 0.448153 -0.0884609 0.874645 0.476624 -0.00568058 0.87711 0.480256 0.0469076 0.879744 0.473128 0.112376 0.832378 0.542695 0.158089 0.82537 0.542007 0.172995 0.757948 0.628958 0.199852 0.762647 0.615165 0.194919 0.681163 0.705708 0.219383 0.696907 0.682783 0.198214 0.623864 0.755979 0.215889 0.644133 0.733815 0.186703 0.580313 0.792704 0.201273 0.612357 0.764531 0.141859 0.523831 0.839927 0.183415 0.590019 0.78628 0.0647589 0.487398 0.870775 0.140224 0.561007 0.815848 0.000940986 0.479789 0.877384 0.0663357 0.537319 0.840766 -0.0696835 0.484616 0.871947 -0.0230197 0.532583 0.846064 -0.158322 0.504328 0.848874 -0.111577 0.549097 0.828277 -0.0837782 0.42605 0.900812 -0.218214 0.467032 0.856892 -0.110702 0.588026 0.801231 -0.122803 0.622527 0.772903 -0.16333 0.643667 0.747674 -0.169278 0.624364 0.762571 -0.183145 0.645611 0.74138 -0.193344 0.633404 0.749278 -0.230943 0.666621 0.708718 -0.236365 0.631523 0.738451 -0.277346 0.709322 0.648028 -0.208535 0.724706 0.656745 -0.251797 0.782982 0.568803 -0.233724 0.85474 0.463458 -0.283853 0.785033 0.550592 -0.178124 0.907932 0.379382 -0.233095 0.859584 0.454732 -0.118096 0.933193 0.339418 -0.143697 0.906472 0.397064 -0.05169 0.942647 0.329766 -0.0991975 0.914917 0.391264 0.0413425 0.939374 0.340392 -0.0347758 0.918214 0.394555 -0.0492489 0.840414 0.539702 0.0115783 0.776841 0.62959 0.0188981 0.784851 0.619396 0.0089052 0.837783 0.54593 0.0657159 0.780536 0.621647 0.0872253 0.811662 0.577579 0.122379 0.734531 0.667448 0.140796 0.753514 0.642178 0.154013 0.684541 0.712519 0.168528 0.68375 0.709989 0.182876 0.635775 0.749898 0.181069 0.618377 0.764738 0.20268 0.585608 0.784847 0.176436 0.549378 0.816734 0.20641 0.531066 0.821805 0.127466 0.468728 0.874098 0.163958 0.456166 0.87466 0.0864695 0.448698 0.88949 0.0420941 0.401069 0.91508 0.0155403 0.430598 0.90241 -0.119363 0.387454 0.914129 0.0529765 0.3478 0.936071 -0.145487 0.339807 0.929174 -0.285975 0.381316 0.8791 -0.279213 0.422541 0.862264 -0.123981 0.678023 0.724509 -0.0765161 0.739396 0.668908 -0.0895313 0.730956 0.676526 -0.128525 0.680299 0.721578 -0.139815 0.745193 0.652027 -0.157126 0.685617 0.710802 -0.185791 0.79065 0.583398 -0.160912 0.914022 0.372387 -0.2107 0.850314 0.482257 -0.129479 0.952979 0.273983 -0.198517 0.899236 0.389826 -0.0653461 0.978872 0.19375 -0.157856 0.936198 0.314031 0.0455087 0.991152 0.12469 -0.074509 0.965097 0.251068 0.151687 0.982426 0.108768 0.0399938 0.972993 0.227344 0.302676 0.946437 0.11245 0.13848 0.96205 0.235124 0.0965901 0.683571 0.723465 0.24677 0.504656 0.827301 0.158888 0.486995 0.858831 0.0558916 0.692337 0.719406 0.0462239 0.720654 0.691752 0.0885847 0.726508 0.681424 0.136642 0.69835 0.702593 0.156725 0.668934 0.726612 0.183202 0.675145 0.714574 0.206779 0.612144 0.763232 0.242695 0.652127 0.718213 0.21062 0.504884 0.837097 0.267399 0.568893 0.777726 0.138217 0.38996 0.9104 0.187731 0.441562 0.877371 0.0105031 0.278638 0.960339 -0.178163 0.222522 0.95851 -0.669325 0.00808479 0.742926 -0.406573 0.240773 0.881321 -0.121918 0.85326 0.507034 -0.265083 0.938751 0.220174 -0.695231 -0.419246 0.583856 -0.323435 0.921493 -0.215037 -0.509483 -0.650912 0.562798 -0.136644 0.841231 -0.523124 -0.0685711 0.966934 -0.245634 -0.0959607 0.987646 0.123883 0.0386892 0.805418 -0.591443 0.058002 0.951521 -0.302064 -0.00700924 0.999784 0.019536 0.208448 0.921591 -0.327445 0.0650987 0.997566 -0.0250007 0.286917 0.728666 -0.621872 0.0619418 -0.706303 0.705195 -0.25048 -0.786094 0.565081 -0.254557 -0.477514 0.840941 -0.0644792 -0.374945 0.924802 0.0913417 -0.227858 0.969401 0.21488 -0.481186 0.849874 -0.0548647 0.0250268 0.99818 0.0283217 0.111043 0.993412 0.168447 0.0152394 0.985593 0.328526 -0.0802303 0.941081 0.1888 0.250193 0.949609 0.324051 0.242527 0.914424 0.0751856 0.411209 0.908435 0.0876283 0.530664 0.84304 -0.138572 -0.0304338 0.989885 0.0414512 0.322112 0.945794 -0.25429 0.966178 -0.0428658 -0.220073 0.96432 -0.147152 -0.287515 0.956566 0.0481343 -0.161497 0.949003 -0.270763 -0.189401 0.979271 -0.0718031 -0.0428372 0.936687 -0.347539 0.0570398 0.856707 -0.51264 -0.0352928 0.957778 -0.285335 0.0655171 0.893787 -0.443681 0.369207 0.722872 -0.584074 0.168016 0.890196 -0.423464 0.424564 0.737762 -0.524836 0.632587 0.581651 -0.511386 0.674891 0.462179 -0.57525 0.325396 0.641332 0.694846 0.346867 0.762194 0.546574 0.272913 0.863819 0.423481 0.314388 0.740144 0.59443 0.333413 0.886005 0.322228 0.371836 0.805774 0.460941 0.413427 0.851177 0.323381 0.427894 0.810564 0.399866 0.469425 0.801926 0.369533 0.473849 0.782897 0.403163 0.498788 0.759898 0.416851 0.514196 0.746283 0.422687 0.504245 0.735143 0.453103 0.521276 0.723882 0.451957 0.443976 0.721969 0.530703 0.478129 0.708743 0.518725 0.508436 0.697728 0.504646 0.473491 0.706409 0.526111 0.526938 0.714369 0.460449 0.359785 0.719558 0.593963 0.401336 0.707105 0.582178 0.369217 0.721951 0.585206 0.284817 0.729084 0.622347 0.266886 0.748376 0.607211 0.143892 0.760581 0.633097 0.158254 0.775208 0.611561 -0.120559 0.859426 0.496842 -0.125152 0.880396 0.457428 -0.215584 0.93262 0.289385 -0.221961 0.967983 0.117227 -0.274963 0.919104 0.282213 -0.243119 0.96952 0.0304116 -0.326243 0.917619 0.227026 -0.260197 0.965537 0.00598248 -0.250111 0.889088 0.383362 -0.313218 0.920624 0.233122 -0.195214 0.944642 0.26371 -0.213528 0.975408 0.0546404 -0.112829 0.980335 -0.161902 -0.155218 0.987305 -0.0337081 -0.0783774 0.978131 -0.192657 0.00974451 0.957999 -0.286606 -0.0717308 0.982377 -0.172596 0.042293 0.95484 -0.294096 0.236292 0.87711 -0.418143 0.037984 0.968746 -0.245129 0.241274 0.895133 -0.374865 0.449252 0.790094 -0.417043 0.457259 0.75839 -0.464499 0.581474 0.705025 -0.40599 0.597044 0.665182 -0.44841 0.379385 0.797077 0.469825 0.373641 0.810317 0.451418 0.343897 0.832757 0.433879 0.300867 0.860655 0.410793 0.3497 0.841112 0.412602 0.330814 0.882158 0.335201 0.386477 0.841145 0.378299 0.399222 0.855159 0.330644 0.42696 0.819932 0.381336 0.446616 0.817855 0.362833 0.426448 0.782661 0.453414 0.455589 0.774504 0.438842 0.380537 0.748001 0.54377 0.430274 0.739294 0.517986 0.44859 0.72972 0.516019 0.339415 0.728285 0.595313 0.34259 0.726633 0.595514 0.330752 0.72678 0.601992 0.234722 0.739373 0.631056 0.237293 0.737206 0.632629 0.254772 0.734152 0.629375 0.125941 0.756361 0.641916 0.126783 0.756831 0.641196 -0.0715355 0.835761 0.544413 -0.0764716 0.836922 0.541954 -0.15588 0.916166 0.369245 -0.178633 0.898684 0.400571 -0.106813 0.85572 0.506295 -0.167815 0.945832 0.277922 -0.170105 0.977747 0.12278 -0.20278 0.948925 0.241707 -0.17725 0.980743 0.0820056 -0.14528 0.988609 -0.0393079 -0.212698 0.963503 0.162546 -0.188924 0.979581 0.0687691 -0.115234 0.989777 -0.0840388 -0.248967 0.949155 0.192666 -0.162971 0.986587 -0.00926741 0.0352196 0.978725 -0.202132 -0.13965 0.98993 -0.0231502 0.0229774 0.986336 -0.163136 0.198469 0.946403 -0.254817 0.238473 0.921506 -0.306524 0.355752 0.887838 -0.291863 0.408449 0.847208 -0.339719 0.488617 0.825243 -0.283244 0.53457 0.77673 -0.333055 0.324208 0.84523 0.424824 0.287986 0.84947 0.442113 0.30661 0.839431 0.448716 0.321158 0.845159 0.427276 0.326928 0.801206 0.501185 0.34422 0.819202 0.458716 0.322755 0.790395 0.520677 0.356131 0.813573 0.45964 0.313497 0.776979 0.545916 0.375193 0.804739 0.460028 0.286535 0.757125 0.587077 0.366793 0.780617 0.506063 0.225209 0.738226 0.635848 0.290605 0.749925 0.594273 0.152442 0.726574 0.669964 0.189777 0.738898 0.646541 0.293212 0.736178 0.609974 0.0912924 0.742766 0.663299 0.170867 0.745432 0.64431 0.227361 0.737154 0.636325 0.0439819 0.770843 0.635505 0.0897215 0.772277 0.628919 0.102508 0.772936 0.626148 -0.114444 0.850402 0.513536 -0.137654 0.845173 0.516463 -0.221037 0.938337 0.265831 -0.161519 0.82101 0.547589 -0.238828 0.908366 0.343268 -0.253002 0.921325 0.295211 -0.248417 0.876557 0.412234 -0.273432 0.895827 0.350326 -0.250201 0.951972 0.176488 -0.297649 0.904841 0.304415 -0.257003 0.952623 0.162665 -0.145643 0.989087 -0.0222311 -0.306354 0.941665 0.139337 -0.132541 0.989268 -0.0614963 0.048996 0.98349 -0.174202 0.0547853 0.983369 -0.173159 0.181246 0.962602 -0.201362 0.245674 0.942141 -0.228067 0.268498 0.941734 -0.202598 0.352783 0.905624 -0.235348 0.468826 0.865772 -0.175045 0.483597 0.846586 -0.22232 0.278375 0.830873 0.481826 0.22761 0.839167 0.493957 0.254707 0.814846 0.520722 0.306685 0.807816 0.503367 0.240951 0.822027 0.51596 0.294779 0.803989 0.516436 0.243937 0.822411 0.51394 0.290146 0.803706 0.519493 0.255478 0.810109 0.527688 0.284298 0.78682 0.547804 0.266271 0.78534 0.558875 0.26386 0.762353 0.590928 0.227032 0.746732 0.625178 0.224209 0.736998 0.637623 0.195269 0.707585 0.679112 0.167265 0.712628 0.68131 0.121142 0.672432 0.730178 0.104121 0.693958 0.712448 0.109966 0.714143 0.691308 -0.0654788 0.717084 0.693904 0.00607401 0.723314 0.690493 0.0208693 0.752838 0.657875 -0.19002 0.823346 0.534784 -0.221595 0.8111 0.541306 -0.276739 0.862503 0.423679 -0.251712 0.782774 0.569127 -0.309508 0.827581 0.46831 -0.346868 0.869578 0.351449 -0.337617 0.761585 0.553176 -0.408148 0.815061 0.411207 -0.399924 0.895906 0.193426 -0.460388 0.731135 0.503471 -0.509056 0.807776 0.297253 -0.430458 0.899836 0.0707179 -0.290715 0.956695 0.0148292 -0.25443 0.963879 -0.0787599 -0.117191 0.987269 -0.107544 -0.0433859 0.98879 -0.142869 0.0267932 0.9881 -0.151462 0.178782 0.974831 -0.1332 0.191265 0.968895 -0.157032 0.427028 0.902017 -0.0633386 0.444785 0.88917 -0.107442 0.163229 0.836712 0.522752 0.0950418 0.822503 0.560764 0.102113 0.808555 0.579493 0.175662 0.816974 0.549269 0.0920593 0.785152 0.612423 0.162185 0.812137 0.560473 0.0679602 0.772741 0.631072 0.159659 0.815645 0.556086 0.043112 0.769888 0.636721 0.169149 0.810394 0.560936 0.00972666 0.765785 0.643024 0.178624 0.793941 0.581164 0.030235 0.772939 0.63376 0.176637 0.765772 0.61838 0.0544401 0.755407 0.652991 0.192611 0.723919 0.662452 0.0473124 0.715348 0.697165 0.13904 0.672542 0.726881 -0.109877 0.721393 0.683754 -0.0795508 0.689387 0.720012 -0.0691954 0.68361 0.72656 -0.246004 0.747456 0.617082 -0.230499 0.718199 0.656551 -0.343087 0.702842 0.62314 -0.22936 0.734396 0.638793 -0.35914 0.710885 0.604699 -0.483916 0.731878 0.479771 -0.385001 0.788225 0.480079 -0.478625 0.819657 0.314771 -0.46086 0.883733 0.0813851 -0.510867 0.817947 0.264533 -0.320265 0.938147 -0.131572 -0.417668 0.907737 0.0395907 -0.13054 0.953468 -0.271769 -0.221284 0.965894 -0.134471 0.102061 0.944668 -0.311745 0.0299763 0.979997 -0.196744 0.281175 0.92182 -0.266812 0.204048 0.9633 -0.174404 0.460145 0.866939 -0.191527 0.422723 0.899931 -0.106907 0.0546948 0.785593 0.616321 0.0451338 0.718565 0.693994 -0.00700849 0.756174 0.654333 0.0204022 0.803015 0.595609 -0.00858927 0.746663 0.665147 0.0273624 0.768935 0.638742 -0.0356646 0.732015 0.680354 -0.000646919 0.74133 0.67114 -0.0720717 0.75382 0.653117 -0.0545702 0.736308 0.674443 -0.122007 0.783797 0.608915 -0.116352 0.749039 0.65223 -0.143033 0.827793 0.542495 -0.110515 0.78851 0.605011 -0.117923 0.847148 0.518107 -0.0828139 0.7967 0.598674 -0.121913 0.849145 0.513897 -0.0809977 0.780497 0.61989 -0.148252 0.806933 0.571734 -0.145704 0.766528 0.625464 -0.259199 0.787815 0.558716 -0.147675 0.87599 0.459166 -0.289746 0.842119 0.454843 -0.412698 0.84654 0.336231 -0.340293 0.916878 0.208653 -0.432083 0.894472 0.115 -0.481525 0.86484 0.142076 -0.444141 0.88852 -0.115202 -0.297834 0.901381 -0.314336 -0.093903 0.780631 -0.617898 -0.101333 0.883299 -0.457728 0.0787279 0.739838 -0.668163 0.159471 0.839439 -0.51953 0.306993 0.827153 -0.470716 0.5246 0.754938 -0.393526 0.0492545 0.615917 0.78627 -0.00705518 0.660625 0.750683 -0.0463755 0.633408 0.772427 -0.0286576 0.715947 0.697566 -0.0605945 0.705089 0.706525 -0.0455146 0.735479 0.676017 -0.0803539 0.74561 0.66152 -0.067056 0.768696 0.63609 -0.14841 0.562131 0.813624 -0.165598 0.634521 0.754957 -0.736154 0.458415 -0.497929 -0.668878 -0.176537 -0.722106 -0.60127 0.100329 -0.792723 -0.687098 0.583903 -0.432381 -0.493603 0.868012 -0.0539509 -0.258507 0.950088 0.174662 -0.479541 0.867063 -0.135064 -0.267579 0.93775 0.221418 -0.137914 0.906365 0.399353 -0.477188 0.866903 -0.144122 -0.477058 0.862841 -0.167094 -0.205412 -0.484072 -0.850576 -0.353024 -0.210998 -0.911512 -0.176814 0.332496 -0.926382 -0.0207399 0.53287 -0.845943 -0.25795 0.697033 -0.669034 -0.32654 0.566547 -0.756569 -0.0689864 0.467809 0.881133 0.869073 -0.135997 0.475622 0.978261 0.00138008 0.207371 0.856686 -0.265935 0.442004 0.966505 -0.111522 0.231152 0.837924 -0.331222 0.433791 0.938337 -0.198199 0.283269 0.786605 -0.38754 0.480692 0.598306 -0.560194 0.572899 0.757132 -0.399085 0.517187 0.555841 -0.544843 0.627843 0.317921 -0.66648 0.674337 0.37357 -0.711932 0.594641 0.0539456 -0.726164 0.685401 0.115637 -0.824832 0.553425 -0.270532 -0.740825 0.614809 -0.191256 -0.872906 0.448839 -0.156502 -0.921477 0.355509 0.24823 -0.95934 0.134344 -0.0586742 0.995141 -0.0790659 -0.0679233 0.997068 -0.0352332 0.00563494 0.997861 0.0651266 0.0416794 0.996544 0.0718496 -0.0534285 0.991088 -0.122025 -0.119526 0.961399 -0.24784 0.0268368 0.985143 0.169625 0.00214776 0.993749 0.111621 -0.0258903 0.987707 0.15416 -0.0379502 0.978123 0.204537 -0.0641347 0.97505 0.212519 -0.0993971 0.967278 0.233436 -0.0883253 0.971445 0.220213 -0.118154 0.974189 0.192344 -0.0426685 0.998895 0.0196839 0.0104966 0.984557 -0.174747 -0.078268 0.981158 0.176645 -0.0191852 0.999763 0.0102607 0.0154947 0.98872 -0.148968 0.00397705 0.976579 -0.215124 -0.0250744 0.973692 -0.226486 -0.451264 0.433099 -0.780247 -0.543355 0.329796 -0.772011 -0.106175 0.347382 -0.931693 -0.393595 0.51785 -0.759549 -0.552967 0.162739 -0.817156 -0.12733 0.244071 -0.961362 0.439547 0.271999 -0.856046 -0.108638 0.158781 -0.981319 0.408155 0.192464 -0.892394 0.569421 0.176732 -0.802823 0.598679 0.267214 -0.755102 0.754049 0.153442 -0.638643 0.738097 0.259691 -0.622715 0.937265 0.0940656 -0.335687 0.881894 0.227163 -0.413111 0.999559 -0.0252931 -0.0155852 0.987117 0.124379 -0.100646 0.939668 0.0196879 -0.34152 0.993532 -0.107755 0.0358209 0.908547 -0.254282 0.331486 0.990156 -0.139812 0.00665481 0.901206 -0.28742 0.324372 0.741813 -0.423368 0.52007 0.899418 -0.313287 0.304793 0.759376 -0.424601 0.493014 0.589343 -0.522741 0.615968 0.557146 -0.530101 0.639204 0.358264 -0.601364 0.714149 0.315812 -0.634118 0.705803 0.0595564 -0.667677 0.742065 0.0379032 -0.696125 0.71692 -0.25147 -0.716261 0.650948 -0.263494 -0.730023 0.630585 -0.118794 0.991624 -0.0506832 -0.168288 0.983506 -0.0662991 -0.108713 0.993745 -0.0255397 -0.0587999 0.998248 0.00663004 -0.0387393 0.99915 0.014084 -0.100797 0.993837 -0.0461215 -0.0262692 0.996288 0.0819751 -0.016656 0.997242 0.0723229 -0.0155559 0.990938 0.133416 -0.0177662 0.993069 0.116186 -0.00304449 0.988791 0.149273 -0.029433 0.983829 0.176676 -0.00962554 0.980526 0.196153 -0.0459501 0.976982 0.208315 -0.0481788 0.968887 0.242768 -0.0789946 0.967116 0.241757 -0.0979417 0.968321 0.229701 -0.527816 0.0748621 -0.846053 -0.534651 0.0169874 -0.844902 -0.0906096 0.104143 -0.990426 -0.537674 0.0178392 -0.842964 -0.0702679 0.0773592 -0.994524 0.371664 0.0752371 -0.925314 0.407691 0.137259 -0.902745 0.541146 0.0588939 -0.838864 0.543117 0.117608 -0.83138 0.748342 0.025247 -0.662833 0.738173 0.0915848 -0.668366 0.929752 -0.0323052 -0.366766 0.716585 0.0490981 -0.69577 0.916376 -0.0389739 -0.398418 0.984016 -0.177174 -0.017937 0.906478 -0.0109883 -0.422109 0.983865 -0.14062 -0.110615 0.919368 -0.313689 0.237404 0.98442 -0.119741 -0.128759 0.940158 -0.28027 0.193781 0.77862 -0.428674 0.458247 0.76963 -0.440573 0.46213 0.580398 -0.533403 0.61532 0.6028 -0.524483 0.601291 0.325739 -0.622237 0.711839 0.364549 -0.608283 0.70505 0.0132144 -0.681198 0.73198 0.0792241 -0.680307 0.728633 -0.306132 -0.700065 0.64513 -0.225186 -0.735948 0.638492 -0.185666 0.981623 -0.0440892 -0.104327 0.987024 0.12206 -0.0619853 0.983476 0.170095 -0.110304 0.993643 0.0225012 -0.0173117 0.964215 0.264556 -0.0635982 0.995867 0.0648331 -0.0615978 0.998085 0.0056288 -0.0184338 0.989959 0.140149 -0.0175168 0.99688 0.0769598 0.00469196 0.972717 0.231949 0.0225405 0.99266 0.118816 -0.0122912 0.95327 0.301869 0.0284088 0.980828 0.192792 -0.0425111 0.940396 0.337413 -0.00549904 0.968896 0.247407 -0.52601 0.0329103 -0.849841 -0.507561 0.024352 -0.861271 -0.052942 0.103867 -0.993181 -0.065824 0.0817097 -0.99448 0.214643 0.126127 -0.968515 0.298047 0.070993 -0.951908 0.460123 0.134203 -0.877654 0.485984 0.0691815 -0.871225 0.736322 0.0743683 -0.672532 0.481793 0.166122 -0.860394 0.730953 0.113266 -0.672962 0.90742 0.014177 -0.419987 0.743908 0.119875 -0.657443 0.90012 0.0383565 -0.43395 0.988625 -0.0959234 -0.115845 0.918925 0.0419984 -0.39219 0.990402 -0.10874 -0.0853212 0.937208 -0.282503 0.204533 0.941286 -0.271908 0.200114 0.796656 -0.429011 0.42578 0.78805 -0.426704 0.443734 0.585873 -0.552854 0.592541 0.580999 -0.544481 0.604963 0.339152 -0.646777 0.683121 0.348554 -0.628557 0.695288 0.026587 -0.710815 0.702877 0.0067152 -0.690674 0.723136 -0.36356 -0.723229 0.587167 -0.396922 -0.687288 0.608349 -0.0256417 0.963531 0.266365 -0.0698909 0.955738 0.285796 -0.0114021 0.93607 0.35163 -0.00555591 0.952793 0.30357 -0.00102963 0.916691 0.399596 0.0129918 0.922925 0.384761 -0.000160299 0.874258 0.485461 0.000967212 0.870753 0.49172 -0.0134927 0.939879 0.34124 -0.0544686 0.843224 0.534795 -0.0432701 0.90607 0.420909 -0.0859508 0.851046 0.518009 -0.0822546 0.89208 0.444328 -0.102131 0.84659 0.522355 -0.109064 0.88333 0.455888 -0.490946 -0.0160889 -0.871041 -0.500957 -0.0301364 -0.864947 -0.012901 0.150275 -0.98856 -0.013144 0.123842 -0.992215 0.364895 0.183525 -0.912782 0.287109 0.159639 -0.944502 0.537296 0.174386 -0.825168 0.383007 0.197898 -0.902298 0.541705 0.181079 -0.820832 0.735607 0.140537 -0.66267 0.525176 0.220887 -0.821827 0.71989 0.17482 -0.671711 0.919058 0.0465556 -0.391364 0.723042 0.220253 -0.654751 0.909141 0.0739944 -0.409862 0.983224 -0.104349 -0.149608 0.988883 -0.117303 -0.0913781 0.952302 -0.286041 0.106307 0.942849 -0.284494 0.173488 0.816877 -0.460823 0.34692 0.804734 -0.438047 0.400647 0.590067 -0.610174 0.528685 0.586409 -0.57127 0.57426 0.300077 -0.720347 0.625344 0.338644 -0.668706 0.661931 0.0128602 -0.791063 0.611599 0.0453959 -0.735529 0.675971 -0.247897 -0.819451 0.516766 -0.297058 -0.769841 0.56489 -0.140476 0.957005 0.253787 -0.156655 0.951934 0.263211 -0.112823 0.951792 0.285242 -0.0634152 0.94698 0.314972 -0.0670014 0.945477 0.318723 -0.0376856 0.935266 0.351934 -0.0176251 0.932003 0.362022 -0.0131276 0.917113 0.398412 0.00708207 0.892389 0.451211 -0.0118925 0.882838 0.469528 -0.0364827 0.85016 0.525259 -0.0436331 0.84614 0.531171 -0.0635247 0.847171 0.527509 -0.0575248 0.83765 0.543169 -0.0811279 0.841126 0.53472 -0.523905 -0.0120004 -0.851692 -0.561245 0.0360972 -0.826862 -0.141631 0.189485 -0.971615 -0.0770051 0.152825 -0.985248 0.362018 0.232662 -0.902669 -0.178334 0.250904 -0.951443 0.345309 0.292255 -0.891823 0.53728 0.272632 -0.798124 0.326219 0.355033 -0.876089 0.576403 0.32897 -0.748023 0.755491 0.248813 -0.606074 0.605588 0.369562 -0.704761 0.791266 0.278281 -0.544479 0.908932 0.153613 -0.387615 0.903655 0.108987 -0.41416 0.973975 0.000274554 -0.226657 0.97823 -0.0664909 -0.196583 0.978846 -0.202964 -0.0258064 0.96459 -0.261234 0.0363826 0.876744 -0.438159 0.198334 0.846253 -0.458625 0.271145 0.634674 -0.666077 0.391831 0.606441 -0.64227 0.468742 0.300112 -0.828678 0.472468 0.284997 -0.773729 0.565791 -0.0318321 -0.898722 0.437362 -0.00524151 -0.839722 0.542991 -0.275107 -0.90088 0.335754 -0.262831 -0.85429 0.448452 -0.120817 0.939943 0.319234 -0.0811326 0.914979 0.395261 -0.0201714 0.898379 0.438758 -0.0864023 0.936016 0.341187 0.0232894 0.868712 0.49477 -0.0463794 0.926852 0.372551 0.0242714 0.842626 0.537952 -0.00567796 0.907876 0.4192 0.00421274 0.812434 0.583038 0.0149835 0.877131 0.480018 -0.0242537 0.796319 0.60439 0.0131533 0.859378 0.511172 -0.00570694 0.861972 0.506924 0.0106181 0.844451 0.535528 -0.0258438 0.846399 0.531922 -0.571328 0.122052 -0.811595 -0.623913 0.207321 -0.753492 -0.247537 0.32716 -0.911971 -0.618932 0.289997 -0.729949 -0.320742 0.407225 -0.855156 0.262848 0.449149 -0.853918 -0.323865 0.476836 -0.817153 0.258446 0.52441 -0.811295 0.618021 0.422484 -0.662991 0.217279 0.575427 -0.788463 0.635996 0.453949 -0.624051 0.851812 0.279247 -0.443213 0.822438 0.277887 -0.496361 0.940438 0.133225 -0.312773 0.923424 0.145443 -0.355153 0.970912 0.0398356 -0.236098 0.970639 0.0274771 -0.238965 0.986593 -0.101474 -0.127821 0.985831 -0.142407 -0.0886444 0.919043 -0.38521 0.0835048 0.906988 -0.401419 0.127415 0.649973 -0.706073 0.281061 0.640602 -0.689078 0.338823 0.27994 -0.891856 0.355283 0.31002 -0.858005 0.409531 -0.015401 -0.949879 0.312238 -0.0125847 -0.923332 0.383796 -0.267057 -0.934772 0.234267 -0.302027 -0.91072 0.281725 -0.0146977 0.877759 0.478876 0.0135471 0.867153 0.497858 0.0415123 0.85311 0.520076 0.0466941 0.854146 0.517932 0.0493911 0.834969 0.548076 0.083802 0.810902 0.57915 0.0417243 0.796242 0.603537 0.0546681 0.774848 0.629779 0.0021641 0.769109 0.639114 -0.00278357 0.752193 0.658937 -0.0541953 0.736657 0.674092 -0.0573468 0.738431 0.671886 -0.0780247 0.723653 0.685739 -0.0764158 0.741659 0.66641 -0.0201634 0.802955 0.595699 -0.631713 0.335869 -0.698664 -0.64023 0.394759 -0.658993 -0.3383 0.526449 -0.780003 -0.676058 0.47422 -0.563968 -0.380526 0.579173 -0.720943 0.175498 0.629182 -0.757186 -0.344709 0.721038 -0.601066 0.1863 0.681886 -0.707336 0.643613 0.49658 -0.582383 0.647124 0.484665 -0.588498 0.855987 0.291888 -0.426716 0.867563 0.283974 -0.408281 0.945164 0.113502 -0.30624 0.952147 0.118456 -0.281752 0.971358 -0.00564513 -0.237555 0.977101 0.0111113 -0.212486 0.972806 -0.176036 -0.15053 0.984188 -0.129475 -0.120871 0.901644 -0.431265 0.0323886 0.924668 -0.37743 0.0503598 0.685654 -0.713464 0.144386 0.70077 -0.676353 0.226865 0.378645 -0.913971 0.145891 0.339313 -0.890254 0.303834 0.112537 -0.993096 0.0330948 -0.00979532 -0.970505 0.240883 -0.0851924 -0.994222 -0.0652968 -0.268974 -0.954709 0.127217 -0.0123603 0.889073 0.457599 -0.0695048 0.931736 0.356424 -0.00196517 0.91455 0.404469 0.0168513 0.880471 0.473801 0.022615 0.892369 0.450739 0.0158211 0.876447 0.481238 0.0185647 0.880651 0.473402 0.0211307 0.856462 0.515777 -8.18335e-05 0.86104 0.508538 0.00537485 0.814147 0.580634 -0.0327871 0.840452 0.540894 -0.037734 0.774669 0.631241 -0.0341644 0.842952 0.536903 -0.0780995 0.753566 0.652717 0.00610808 0.934072 0.357033 0.0673081 0.939487 0.335908 -0.645149 0.661579 -0.382225 -0.447675 0.862675 -0.235327 -0.271902 0.850952 -0.449388 0.382386 0.794785 -0.471273 0.228333 0.772297 -0.592808 0.701668 0.538517 -0.466542 0.631344 0.565092 -0.531108 0.536213 0.794605 -0.284742 0.788942 0.481201 -0.38212 0.775346 0.590003 -0.225244 0.889177 0.330095 -0.316861 0.940758 0.160221 -0.298839 0.971569 -0.0727254 -0.225309 0.943419 -0.281133 -0.175855 0.92195 -0.380812 -0.0706371 0.972334 -0.152961 -0.176546 0.844263 -0.512309 -0.157352 0.722281 -0.691285 0.0208385 0.682604 -0.676241 -0.277037 0.505779 -0.862282 -0.0256279 0.583906 -0.718575 -0.377763 0.312834 -0.937036 -0.155236 0.647561 -0.600439 -0.469188 0.215875 -0.935887 -0.278413 0.852723 -0.368149 -0.370581 0.872408 -0.216815 -0.438058 0.97741 0.0864668 -0.192856 0.975917 0.0810082 -0.202542 -0.109506 0.98332 -0.145222 -0.0512805 0.990214 0.129793 0.904173 0.419226 -0.0819791 0.920986 0.384445 0.0631499 0.028841 0.983588 -0.178109 0.00719958 0.992734 0.120118 -0.00259561 0.927515 0.373777 -0.0033128 0.932032 0.362362 -0.0804314 0.969264 -0.232505 -0.0777361 0.958294 -0.275009 -0.0317854 0.960326 -0.277064 -0.0405839 0.94752 -0.317111 -0.113696 0.960854 -0.252652 -0.384131 0.541405 -0.747879 -0.110852 0.954857 -0.275609 -0.0738895 0.931776 -0.355434 0.635729 0.537783 -0.553749 0.60298 0.521781 -0.603457 0.697689 0.462385 -0.547202 -0.249224 0.963786 0.0948911 </float_array>
          <technique_common>
            <accessor count="4616" offset="0" source="#meshId0-bitangents-array" stride="3">
              <param name="X" type="float" />
              <param name="Y" type="float" />
              <param name="Z" type="float" />
            </accessor>
          </technique_common>
        </source>
        <source id="meshId0-tex0" name="meshId0-tex0">
          <float_array id="meshId0-tex0-array" count="9232"> 0.888967 0.677469 0.89302 0.676126 0.893118 0.682125 0.887709 0.681825 0.881662 0.67942 0.885707 0.673725 0.891129 0.669268 0.907283 0.685296 0.908021 0.679495 0.912165 0.681457 0.909447 0.688303 0.903853 0.687046 0.903466 0.680606 0.904536 0.692413 0.892663 0.704177 0.892278 0.699391 0.899541 0.698771 0.900046 0.704911 0.310462 0.959253 0.305086 0.959389 0.306319 0.952112 0.313243 0.954023 0.885121 0.70589 0.884613 0.699254 0.27896 0.950217 0.274725 0.953806 0.26941 0.946426 0.277193 0.943828 0.284736 0.950784 0.282565 0.957233 0.284912 0.942537 0.970284 0.336752 0.97216 0.340276 0.966964 0.343834 0.96566 0.337567 0.96571 0.331135 0.971621 0.332737 0.97591 0.336168 0.987355 0.343092 0.985354 0.346803 0.982127 0.343878 0.985661 0.340001 0.989392 0.336735 0.990607 0.342392 0.989537 0.348124 0.699496 0.778154 0.699892 0.772865 0.704582 0.772682 0.702473 0.779887 0.698645 0.785084 0.695791 0.780448 0.694102 0.773921 0.411415 0.909652 0.409981 0.913433 0.403353 0.909513 0.407952 0.905548 0.416226 0.909078 0.417882 0.915002 0.413525 0.903112 0.675585 0.795196 0.679235 0.794349 0.681107 0.800046 0.674791 0.798957 0.668459 0.795047 0.671874 0.79091 0.676429 0.788128 0.987014 0.321185 0.983972 0.324 0.97749 0.319372 0.982707 0.315813 0.993017 0.325447 0.989383 0.32893 0.164843 0.927217 0.162657 0.92215 0.170326 0.921926 0.170106 0.928477 0.192224 0.923646 0.18794 0.923703 0.189024 0.916557 0.194595 0.918457 0.194988 0.926802 0.188951 0.929426 0.200168 0.920759 0.437622 0.893095 0.433851 0.895175 0.431558 0.887949 0.437401 0.886741 0.441402 0.894894 0.43733 0.900127 0.443209 0.886462 0.534216 0.764045 0.535919 0.766194 0.531869 0.768829 0.531202 0.76518 0.531045 0.761056 0.534644 0.760603 0.537838 0.761425 0.574164 0.756468 0.570414 0.756965 0.572897 0.75002 0.577192 0.751696 0.518935 0.777159 0.511392 0.776863 0.512655 0.77201 0.520182 0.773697 0.527087 0.77346 0.524598 0.778696 0.547052 0.748916 0.550909 0.750656 0.546768 0.756473 0.543743 0.749865 0.546852 0.743413 0.552452 0.743389 0.541468 0.743083 0.523054 0.758268 0.52239 0.761351 0.517645 0.75874 0.520317 0.755354 0.526239 0.757536 0.527461 0.762211 0.524028 0.752799 0.787067 0.449401 0.79987 0.442696 0.808991 0.448932 0.803262 0.455158 0.780656 0.437041 0.793364 0.433469 0.800668 0.460768 0.784171 0.458144 0.765589 0.446342 0.764701 0.435948 0.763264 0.454401 0.748523 0.473314 0.760668 0.485883 0.748395 0.492798 0.739105 0.483719 0.729694 0.477867 0.735234 0.46701 0.768016 0.472492 0.77388 0.483535 0.749563 0.461392 0.763683 0.462865 0.736637 0.456337 0.690716 0.528522 0.702309 0.532897 0.699585 0.545441 0.691316 0.545105 0.700538 0.513263 0.709854 0.520396 0.684084 0.548326 0.679233 0.534022 0.683237 0.514355 0.692671 0.503454 0.673136 0.520092 0.663351 0.554149 0.660914 0.568652 0.65261 0.569767 0.651678 0.557423 0.646401 0.541158 0.654956 0.533647 0.663499 0.525778 0.671201 0.541409 0.677991 0.553506 0.672453 0.561223 0.669555 0.570032 0.743918 0.433589 0.751997 0.433701 0.752417 0.442681 0.741068 0.439243 0.741244 0.427726 0.749676 0.425008 0.734739 0.433213 0.255206 0.720084 0.246393 0.726038 0.240157 0.715889 0.24831 0.708493 0.814639 0.468377 0.80883 0.474037 0.797519 0.473154 0.799331 0.466342 0.81302 0.461986 0.257399 0.702031 0.264091 0.710008 0.271389 0.718604 0.263113 0.725991 0.296048 0.708849 0.281631 0.713197 0.274887 0.703774 0.285711 0.697286 0.310816 0.713703 0.3094 0.725388 0.297856 0.723212 0.286569 0.72441 0.304669 0.697788 0.315857 0.704172 0.29476 0.690435 0.858816 0.161547 0.856138 0.166166 0.85209 0.163191 0.856497 0.158534 0.861696 0.155674 0.863044 0.161205 0.861579 0.168234 0.0404274 0.698679 0.0401879 0.703815 0.0324731 0.701741 0.035962 0.695888 0.041846 0.689911 0.0464154 0.695401 0.0495187 0.702252 0.338644 0.699536 0.330112 0.702794 0.322865 0.694962 0.330178 0.688342 0.346905 0.705488 0.342403 0.712503 0.33855 0.710635 0.334276 0.712623 0.337887 0.683464 0.34558 0.690601 0.352322 0.698956 0.671098 0.499916 0.674983 0.492387 0.683759 0.496313 0.6765 0.505516 0.668004 0.511753 0.663834 0.502718 0.664563 0.492135 0.219184 0.702295 0.212878 0.717146 0.199919 0.717342 0.201873 0.705172 0.200927 0.693824 0.215978 0.689452 0.230894 0.70922 0.22332 0.719948 0.22806 0.682911 0.233717 0.691411 0.240952 0.700038 0.841629 0.153657 0.837005 0.155251 0.836837 0.149385 0.843519 0.149896 0.844469 0.156291 0.83923 0.160282 0.849083 0.152077 0.0093711 0.6736 0.0120258 0.67675 0.00677389 0.680275 0.0051333 0.674047 0.0068759 0.666189 0.0123916 0.668371 0.0173982 0.670892 0.667249 0.475386 0.681478 0.48024 0.678769 0.458532 0.68958 0.466972 0.658062 0.460781 0.668885 0.447385 0.652444 0.4974 0.650618 0.484536 0.644901 0.47174 0.578631 0.582253 0.587086 0.574801 0.596967 0.582035 0.590819 0.588378 0.587709 0.595408 0.582005 0.593627 0.577563 0.598477 0.568559 0.58523 0.568288 0.573137 0.577666 0.566716 0.558954 0.580038 0.411875 0.666225 0.410805 0.674712 0.401727 0.671761 0.400807 0.660916 0.400198 0.646036 0.413086 0.653118 0.571507 0.602487 0.561921 0.593147 0.42185 0.659289 0.418027 0.669461 0.730353 0.372854 0.732425 0.391073 0.720901 0.39851 0.716825 0.382428 0.710449 0.369513 0.720696 0.358804 0.745055 0.376202 0.745402 0.390099 0.738264 0.355382 0.748069 0.361787 0.730341 0.345924 0.545686 0.575215 0.543449 0.588203 0.530893 0.589678 0.528944 0.578297 0.553175 0.588734 0.559118 0.565608 0.538894 0.564292 0.552205 0.557029 0.524943 0.567852 0.386152 0.650141 0.381601 0.642133 0.392435 0.636074 0.389257 0.660439 0.409486 0.635723 0.418172 0.642301 0.401836 0.62819 0.136948 0.625379 0.129065 0.631773 0.121723 0.624389 0.127927 0.616606 0.762908 0.245527 0.747143 0.236377 0.758288 0.230185 0.769016 0.239174 0.749803 0.249847 0.731604 0.242604 0.13352 0.607759 0.140258 0.614772 0.769001 0.252888 0.760405 0.255883 0.662357 0.318772 0.669827 0.332686 0.660223 0.348815 0.650797 0.339908 0.63973 0.332384 0.647724 0.313628 0.651757 0.295527 0.66364 0.297329 0.674404 0.293551 0.676063 0.309064 0.681955 0.321262 0.740186 0.255096 0.724841 0.253032 0.707406 0.25598 0.710783 0.245077 0.727805 0.23279 0.740375 0.227647 0.709656 0.234346 0.198705 0.384861 0.190446 0.396398 0.178248 0.393404 0.183941 0.384735 0.183243 0.375001 0.195392 0.373489 0.215624 0.395288 0.207995 0.403742 0.21513 0.377682 0.225288 0.387232 0.208199 0.368465 0.219163 0.135933 0.225851 0.135627 0.224168 0.147136 0.216017 0.143207 0.216221 0.129513 0.224298 0.124366 0.210094 0.136883 0.0976863 0.197715 0.0947953 0.204716 0.0835755 0.196949 0.0921852 0.191 0.101668 0.187018 0.105716 0.196646 0.107867 0.206906 0.122632 0.064398 0.121504 0.058584 0.130955 0.0577372 0.129089 0.0659636 0.118079 0.0686601 0.112632 0.0620813 0.125263 0.0734832 0.114697 0.118403 0.108146 0.117898 0.110245 0.110669 0.11813 0.114135 0.124375 0.119391 0.117162 0.123427 0.108703 0.125615 0.120442 0.130388 0.110927 0.133332 0.100718 0.13504 0.09869 0.126084 0.0986681 0.117015 0.0884638 0.125743 0.0889612 0.115195 0.0921323 0.10514 0.101295 0.10822 0.0966553 0.0961395 0.105536 0.100285 0.114223 0.103988 0.11031 0.0931489 0.118986 0.0976396 0.127452 0.102463 0.122789 0.10828 0.135299 0.107987 0.129998 0.114044 0.142303 0.114167 0.136007 0.120539 0.128884 0.126079 0.14115 0.127747 0.132835 0.133402 0.123699 0.137876 0.136869 0.141253 0.127542 0.145992 0.11768 0.149831 0.11399 0.141407 0.107392 0.152991 0.10373 0.143985 0.0966575 0.155533 0.092954 0.145863 0.090059 0.136019 0.0818367 0.147206 0.0791266 0.135989 0.0780452 0.124317 0.0682596 0.135336 0.0677715 0.122148 0.0697635 0.109129 0.0794123 0.112521 0.0737349 0.0969245 0.0829417 0.101262 0.0789386 0.0860056 0.0876899 0.0913191 0.0851675 0.0761003 0.0930917 0.0825156 0.101591 0.0882054 0.0989592 0.0746249 0.106765 0.081008 0.115294 0.0864787 0.123959 0.0911391 0.112217 0.0745762 0.120361 0.0800082 0.129033 0.0841867 0.133942 0.0766252 0.142584 0.0804754 0.137493 0.0885396 0.132398 0.0958022 0.145739 0.0934026 0.140426 0.101035 0.153663 0.0990096 0.148045 0.106874 0.161023 0.10553 0.154891 0.113699 0.148368 0.121194 0.161038 0.121235 0.153773 0.12898 0.145633 0.135613 0.158785 0.137171 0.150329 0.143942 0.141298 0.149618 0.155357 0.15258 0.146182 0.158498 0.136495 0.163423 0.131813 0.154496 0.12651 0.167639 0.121895 0.158567 0.116341 0.171256 0.111633 0.162005 0.106038 0.174522 0.101102 0.165063 0.0957696 0.177682 0.0903372 0.168049 0.0856294 0.157842 0.0795 0.171072 0.0745458 0.159919 0.0706739 0.14799 0.0634791 0.161732 0.0596605 0.148288 0.0575668 0.134115 0.0487869 0.148204 0.0469645 0.132555 0.0474733 0.116654 0.0576148 0.11953 0.0504088 0.10122 0.0600624 0.105337 0.0554804 0.0867803 0.0644815 0.0921437 0.0623588 0.0735982 0.0704387 0.0800958 0.0708395 0.0617716 0.0777049 0.0692586 0.0808923 0.0514602 0.0862743 0.0596538 0.0922718 0.0673765 0.0962269 0.0517101 0.100452 0.0598745 0.105423 0.0677734 0.109773 0.0540966 0.107324 0.045588 0.119522 0.0417706 0.120375 0.0502999 0.132406 0.0402559 0.131803 0.0491755 0.145376 0.0410831 0.143514 0.0501873 0.141155 0.0593555 0.138065 0.068246 0.154915 0.0533146 0.151313 0.0625389 0.147299 0.0716494 0.16134 0.0670387 0.156427 0.0761353 0.151152 0.0850435 0.165204 0.0816583 0.15939 0.0906059 0.173509 0.0881451 0.167224 0.0969556 0.181115 0.0954722 0.174336 0.104237 0.167704 0.112891 0.180727 0.112235 0.17374 0.120969 0.166561 0.129432 0.179281 0.129538 0.171887 0.138042 0.163968 0.145813 0.177554 0.146918 0.169568 0.154716 0.16075 0.161686 0.175628 0.163786 0.1664 0.170912 0.156527 0.177296 0.151277 0.167703 0.14636 0.182777 0.141413 0.172872 0.136147 0.187359 0.131326 0.177244 0.125973 0.191232 0.12125 0.1809 0.116137 0.194249 0.111345 0.183977 0.12985 0.202152 0.118955 0.205307 0.133271 0.213105 0.121345 0.216364 0.107889 0.21773 0.124765 0.227547 0.111293 0.229663 0.0972763 0.230704 0.090552 0.214888 0.0756449 0.219413 0.0646174 0.207914 0.0755842 0.203029 0.0550932 0.194691 0.0655469 0.190745 0.0754316 0.185993 0.0854205 0.181516 0.0581928 0.177408 0.0687115 0.174288 0.0525921 0.163185 0.0474714 0.180092 0.0416879 0.164394 0.0378712 0.147809 0.0305746 0.165279 0.0267896 0.14707 0.0254919 0.128282 0.0363186 0.130635 0.0269533 0.109504 0.0372777 0.113321 0.0311412 0.0913665 0.0407901 0.0965786 0.0379097 0.0743573 0.0466468 0.0808874 0.0469754 0.0588558 0.054558 0.0665509 0.0580701 0.045166 0.0643259 0.0537743 0.0709666 0.033501 0.0757982 0.0427867 0.0853201 0.0241255 0.0887403 0.0338571 0.0923616 0.0430047 0.102852 0.0272254 0.105059 0.0366624 0.117748 0.0230334 0.118658 0.0326503 0.133056 0.0212695 0.132752 0.0309791 0.148398 0.0218546 0.146949 0.0316329 0.16342 0.0244914 0.160803 0.0344112 0.158015 0.0439547 0.174024 0.0389225 0.17006 0.0484688 0.165849 0.0577396 0.181435 0.0543885 0.176277 0.0634382 0.170858 0.0726213 0.185982 0.070262 0.179769 0.0791883 0.194846 0.0781305 0.187969 0.0867363 0.202745 0.0867367 0.195278 0.0950174 0.187931 0.103524 0.201644 0.103702 0.193845 0.112002 0.186455 0.120704 0.199127 0.120572 0.191843 0.129342 0.18482 0.138308 0.197281 0.137904 0.190825 0.147014 0.183727 0.1558 0.197729 0.155512 0.190546 0.164623 0.182055 0.172876 0.197669 0.173298 0.188472 0.182022 0.178037 0.189467 0.172278 0.180161 0.167123 0.19651 0.161833 0.186993 0.155947 0.203067 0.151268 0.19292 0.144743 0.208598 0.140486 0.198015 0.160529 0.213174 0.149015 0.219203 0.137222 0.224025 0.153969 0.229822 0.142187 0.234919 0.129777 0.238877 0.148243 0.245523 0.135866 0.249922 0.123217 0.25379 0.116788 0.241919 0.110865 0.257849 0.103847 0.244921 0.0623191 0.22432 0.050326 0.229164 0.0417239 0.216651 0.0530925 0.212238 0.0327598 0.201686 0.044059 0.198189 0.0249912 0.184747 0.0364233 0.182434 0.0190202 0.165989 0.409406 0.0406799 0.416506 0.0305029 0.425352 0.0383946 0.418299 0.0483941 0.411849 0.0586218 0.402826 0.0510556 0.0152928 0.146018 0.405892 0.0689744 0.396758 0.0615306 0.0142659 0.125473 0.400207 0.0792719 0.391012 0.0718896 0.0163086 0.105054 0.394782 0.0893802 0.385598 0.0820984 0.0213205 0.0853463 0.389531 0.0992615 0.380387 0.0920102 0.0291543 0.0669794 0.384332 0.108871 0.375297 0.101624 0.0395178 0.0502966 0.37908 0.118152 0.370238 0.110821 0.0519889 0.0357309 0.373751 0.127082 0.365052 0.119672 0.0663466 0.0234143 0.368294 0.135639 0.359717 0.128145 0.0821441 0.013598 0.362636 0.143819 0.354184 0.136188 0.0988945 0.00643619 0.100788 0.0172167 0.116232 0.00192176 0.116933 0.0128619 0.133841 0 0.133396 0.0110228 0.151283 0.000503711 0.149816 0.0116343 0.168362 0.00320464 0.165959 0.014081 0.185127 0.00771061 0.181585 0.0187199 0.177845 0.0290395 0.196456 0.0252378 0.191486 0.035337 0.186487 0.045 0.204191 0.0432567 0.198067 0.0524868 0.19197 0.0615095 0.208602 0.0612413 0.20165 0.0696691 0.21804 0.0710902 0.2103 0.0788364 0.226442 0.0818002 0.217823 0.0887016 0.209697 0.0959265 0.224368 0.0991371 0.215631 0.10537 0.207122 0.112554 0.220496 0.114822 0.211739 0.121021 0.204557 0.129157 0.204066 0.145938 0.211358 0.153178 0.205363 0.163495 0.21974 0.159191 0.213372 0.171033 0.204818 0.181756 0.222092 0.177839 0.212024 0.190052 0.200655 0.20024 0.194701 0.191214 0.188711 0.208743 0.183552 0.199087 0.176734 0.216227 0.172038 0.206228 0.165342 0.223448 0.182433 0.22571 0.171307 0.233443 0.160099 0.240089 0.178133 0.242994 0.166797 0.249876 0.154722 0.255665 0.173074 0.259628 0.160963 0.265536 0.148728 0.270756 0.14231 0.26053 0.136692 0.27563 0.129978 0.264987 0.125057 0.28062 0.118047 0.269668 0.448379 0.00833341 0.456443 0.0165899 0.448653 0.0266911 0.440364 0.0184871 0.431791 0.0103179 0.439962 0 0.441189 0.036724 0.432721 0.0285054 0.423927 0.0204662 0.433851 0.0465733 0.449408 0.0448478 0.442357 0.0546689 0.435694 0.0645029 0.42704 0.0563465 0.429584 0.0744633 0.420711 0.0665112 0.423733 0.0845057 0.414843 0.0766474 0.41821 0.0946015 0.409228 0.0868852 0.412757 0.104589 0.403839 0.0969122 0.40732 0.114426 0.398514 0.106727 0.401926 0.124055 0.393179 0.116354 0.396508 0.133442 0.387839 0.125688 0.391 0.142538 0.382408 0.134695 0.385405 0.151315 0.376844 0.143376 0.379703 0.159773 0.371157 0.151705 0.37386 0.167912 0.365358 0.159682 0.356836 0.151708 0.348428 0.14385 0.359322 0.167402 0.350837 0.159214 0.342411 0.151183 0.353188 0.17479 0.34471 0.166423 0.336231 0.15822 0.346854 0.181926 0.338356 0.173407 0.329906 0.164986 0.340376 0.188849 0.331928 0.180159 0.323462 0.171538 0.333748 0.195583 0.325363 0.186725 0.316938 0.177911 0.201292 0.0144834 0.318693 0.193114 0.310364 0.184129 0.216618 0.0233715 0.210397 0.0335854 0.230906 0.0341871 0.223125 0.0436528 0.215667 0.0526612 0.234395 0.0553145 0.226176 0.0631723 0.24403 0.0684528 0.235082 0.0751178 0.25193 0.0827394 0.242485 0.0881381 0.233357 0.0935447 0.248265 0.102189 0.238882 0.106223 0.229689 0.110216 0.242616 0.119936 0.233327 0.122184 0.244118 0.134635 0.23474 0.135313 0.242871 0.149964 0.233308 0.149387 0.239288 0.166181 0.228925 0.163429 0.231825 0.18438 0.251486 0.164504 0.24856 0.1796 0.234195 0.201631 0.222991 0.210994 0.218535 0.199014 0.2116 0.220101 0.206298 0.209583 0.20015 0.227947 0.194262 0.218015 0.188969 0.235391 0.205858 0.238811 0.195183 0.245857 0.184415 0.253021 0.200799 0.256754 0.190052 0.263535 0.178662 0.269716 0.195369 0.274036 0.184114 0.280038 0.172523 0.285553 0.166841 0.275465 0.160809 0.290815 0.154897 0.280814 0.149209 0.295919 0.143109 0.285888 0.137831 0.300977 0.131649 0.290975 0.464215 0.0246799 0.471906 0.0324725 0.464614 0.0426892 0.456672 0.0347985 0.457627 0.0527899 0.472825 0.0500932 0.465805 0.0606583 0.459264 0.0706691 0.450818 0.0626549 0.45312 0.0804577 0.444337 0.0724215 0.44729 0.0903483 0.438366 0.0824208 0.441639 0.100299 0.432615 0.0924007 0.435911 0.110284 0.427032 0.10241 0.430172 0.120315 0.421511 0.112414 0.425026 0.130074 0.416099 0.122266 0.420276 0.139609 0.410919 0.131853 0.414346 0.149716 0.405361 0.1413 0.408202 0.159854 0.399603 0.150606 0.402714 0.169388 0.393984 0.159601 0.397156 0.178384 0.3883 0.168323 0.391468 0.186689 0.382567 0.176819 0.385109 0.194326 0.376606 0.185043 0.367868 0.17575 0.37061 0.192969 0.361714 0.183356 0.364843 0.200208 0.355432 0.190727 0.358025 0.207097 0.348948 0.197896 0.350856 0.213561 0.342388 0.204857 0.343875 0.219445 0.335763 0.211475 0.327009 0.202159 0.329036 0.217575 0.320185 0.208558 0.311954 0.199338 0.303747 0.190208 0.31342 0.214679 0.305051 0.205369 0.297062 0.196111 0.243137 0.0473177 0.298005 0.211162 0.290278 0.201842 0.253558 0.0617758 0.290744 0.216737 0.283365 0.207415 0.262044 0.07736 0.283346 0.222118 0.276305 0.212745 0.268425 0.0937445 0.258013 0.0979913 0.272698 0.110684 0.262139 0.113966 0.252232 0.117163 0.264371 0.130306 0.253868 0.132801 0.26483 0.146493 0.253582 0.148716 0.263998 0.161946 0.276422 0.144252 0.276329 0.159774 0.276303 0.173249 0.263122 0.175881 0.237194 0.216849 0.239488 0.23217 0.230962 0.237053 0.227024 0.223868 0.221389 0.243311 0.216476 0.231531 0.211222 0.249992 0.226383 0.255141 0.216456 0.261272 0.206139 0.267641 0.221709 0.272474 0.211444 0.278481 0.200797 0.28459 0.217203 0.289666 0.207007 0.29563 0.196579 0.300905 0.189727 0.290342 0.185388 0.305776 0.178327 0.295697 0.173957 0.310497 0.166878 0.30081 0.162655 0.314991 0.155761 0.305843 0.151923 0.319056 0.14494 0.310539 0.480647 0.0390779 0.489621 0.0442013 0.481416 0.0568656 0.496818 0.0511862 0.490192 0.0637065 0.48414 0.0749303 0.474519 0.0681861 0.478065 0.0850463 0.468471 0.0785313 0.472208 0.0948248 0.462661 0.0881881 0.465889 0.105322 0.456822 0.0979316 0.459751 0.115814 0.451029 0.107772 0.453727 0.126552 0.445005 0.117941 0.447898 0.137447 0.438868 0.128355 0.442096 0.148099 0.433318 0.138567 0.43582 0.158287 0.427767 0.149526 0.430636 0.166862 0.42223 0.159995 0.425246 0.175721 0.41679 0.169274 0.419519 0.185406 0.411174 0.177893 0.413985 0.194959 0.405283 0.185921 0.408355 0.203929 0.399473 0.193599 0.402603 0.212395 0.393524 0.20143 0.396588 0.220454 0.387145 0.209466 0.378594 0.201339 0.380953 0.216833 0.372851 0.207405 0.374315 0.224424 0.366017 0.214196 0.367228 0.231943 0.358546 0.221566 0.360079 0.238909 0.351503 0.228633 0.352678 0.245585 0.344272 0.235522 0.336749 0.225364 0.336759 0.242329 0.329329 0.231678 0.322104 0.223065 0.321175 0.238817 0.314377 0.229128 0.306163 0.220442 0.305713 0.236053 0.298278 0.226172 0.297665 0.241872 0.290541 0.231684 0.289744 0.247021 0.282735 0.236943 0.275752 0.227226 0.268883 0.217653 0.274703 0.241928 0.267946 0.231996 0.261278 0.222195 0.275434 0.127618 0.260031 0.236422 0.253549 0.226299 0.266541 0.246728 0.258264 0.251425 0.252143 0.240612 0.246012 0.229825 0.249779 0.256205 0.244243 0.244651 0.240868 0.261356 0.235653 0.249533 0.231529 0.266756 0.246616 0.272679 0.237136 0.27823 0.227329 0.283784 0.243653 0.289627 0.234183 0.294817 0.223617 0.299985 0.239895 0.304079 0.22899 0.309592 0.217298 0.314668 0.212601 0.30478 0.205583 0.319999 0.201901 0.309362 0.193347 0.325224 0.190281 0.314226 0.180936 0.329907 0.178548 0.319064 0.168555 0.334032 0.166765 0.323582 0.156575 0.3376 0.155483 0.327871 0.171476 0.343628 0.159257 0.346715 0.503063 0.0600083 0.509974 0.0669777 0.503278 0.0796484 0.49655 0.0713094 0.497938 0.0905792 0.490829 0.0815086 0.492471 0.101602 0.48531 0.0919938 0.487036 0.112617 0.479804 0.102953 0.481357 0.123255 0.473766 0.114267 0.475494 0.133449 0.467707 0.125065 0.469432 0.143972 0.461799 0.135813 0.46305 0.155316 0.45608 0.146588 0.458217 0.164647 0.450466 0.155901 0.453227 0.174537 0.444643 0.164714 0.44847 0.185371 0.43933 0.174491 0.443224 0.195395 0.433499 0.18511 0.437919 0.204897 0.427428 0.195657 0.432792 0.213747 0.421833 0.204849 0.427362 0.222206 0.416315 0.213234 0.421595 0.230368 0.410525 0.221285 0.415435 0.238261 0.404558 0.229001 0.408884 0.245897 0.398343 0.236383 0.390346 0.227952 0.391934 0.243481 0.38384 0.235118 0.385234 0.250297 0.377077 0.242033 0.378199 0.256914 0.36994 0.248671 0.370831 0.263363 0.362493 0.255148 0.363118 0.269699 0.354738 0.261473 0.345038 0.252035 0.346687 0.267677 0.33719 0.258328 0.328739 0.248873 0.329061 0.264431 0.320069 0.255177 0.31211 0.246215 0.311369 0.261135 0.303891 0.252346 0.302616 0.267029 0.295952 0.257923 0.293843 0.272696 0.287864 0.263327 0.281574 0.252143 0.279511 0.268571 0.273183 0.257159 0.270882 0.273747 0.264599 0.262172 0.262007 0.278975 0.255783 0.267316 0.252892 0.284268 0.267548 0.288693 0.258588 0.293719 0.249532 0.298756 0.265167 0.303593 0.255453 0.309252 0.245162 0.315216 0.261653 0.320249 0.249981 0.326682 0.237957 0.332468 0.234013 0.321293 0.2254 0.337612 0.221915 0.327121 0.212853 0.342006 0.209209 0.332522 0.200412 0.34604 0.196361 0.337085 0.188156 0.349728 0.183682 0.340687 0.176137 0.353059 0.19235 0.360791 0.179723 0.363469 0.166946 0.365485 0.163849 0.356208 0.518472 0.0730268 0.526913 0.0785487 0.521123 0.0903386 0.51202 0.0855967 0.515415 0.102122 0.506282 0.0972387 0.509433 0.114308 0.500591 0.108972 0.503466 0.126218 0.495006 0.120318 0.497681 0.137535 0.48948 0.13094 0.492261 0.148286 0.483983 0.141154 0.487074 0.159142 0.478286 0.151751 0.48217 0.170003 0.472357 0.163048 0.4774 0.180083 0.467894 0.17309 0.472387 0.189959 0.463236 0.183839 0.467413 0.199938 0.458016 0.193815 0.462406 0.210546 0.45232 0.203947 0.457382 0.220392 0.447138 0.213785 0.452157 0.229584 0.442155 0.222905 0.446521 0.238425 0.436871 0.231633 0.440538 0.246963 0.431242 0.240001 0.434185 0.25514 0.425352 0.248017 0.427513 0.263138 0.419004 0.255663 0.420599 0.270905 0.412225 0.263037 0.402005 0.253175 0.404914 0.269975 0.394747 0.260106 0.397139 0.276619 0.387162 0.266726 0.388891 0.28313 0.379281 0.273194 0.380269 0.28968 0.371128 0.279673 0.371316 0.296337 0.362635 0.286181 0.355011 0.276 0.353902 0.292527 0.346552 0.282227 0.33839 0.273778 0.337878 0.288361 0.329981 0.27985 0.32066 0.270382 0.321788 0.285585 0.311957 0.27615 0.311946 0.29134 0.302704 0.281705 0.301622 0.29723 0.293417 0.287178 0.285133 0.278183 0.284113 0.292595 0.276395 0.283505 0.274683 0.298033 0.292043 0.302755 0.282275 0.308319 0.272321 0.314093 0.289344 0.318309 0.279146 0.324014 0.267897 0.330198 0.285961 0.334247 0.274832 0.339993 0.262381 0.345832 0.255268 0.336198 0.249811 0.351462 0.243117 0.341405 0.236488 0.357369 0.231058 0.346568 0.222707 0.362751 0.218534 0.351767 0.205247 0.356675 0.241755 0.367523 0.228784 0.372031 0.248726 0.375845 0.23697 0.381307 0.257293 0.386659 0.246386 0.39271 0.236813 0.399069 0.255688 0.403911 0.246826 0.41011 0.238608 0.416534 0.228557 0.406501 0.231012 0.423313 0.221038 0.414935 0.223961 0.430705 0.213583 0.423161 0.202542 0.413497 0.206211 0.430773 0.196641 0.423367 0.183418 0.414768 0.186586 0.405411 0.171204 0.409203 0.173288 0.400783 0.159698 0.404376 0.162134 0.397052 0.16702 0.390308 0.171112 0.383363 0.55097 0.095546 0.556554 0.102219 0.55174 0.113695 0.545223 0.106743 0.53879 0.099603 0.545001 0.0875719 0.530328 0.0953314 0.53623 0.083229 0.53991 0.119222 0.532761 0.111988 0.52442 0.1072 0.526729 0.12523 0.518308 0.119479 0.521006 0.138489 0.512357 0.131701 0.515542 0.150441 0.506523 0.143376 0.510283 0.160171 0.500879 0.154106 0.504942 0.170659 0.495325 0.16486 0.500231 0.182041 0.490305 0.175768 0.496268 0.193785 0.486054 0.186699 0.49229 0.205422 0.48186 0.197627 0.48818 0.216363 0.47769 0.208408 0.483374 0.226645 0.473255 0.218714 0.478076 0.236429 0.468414 0.228426 0.472407 0.245816 0.463141 0.237783 0.466552 0.254697 0.457495 0.246878 0.460459 0.263168 0.451408 0.255527 0.454006 0.271233 0.444845 0.263768 0.447192 0.27912 0.437871 0.271733 0.439938 0.286905 0.430521 0.279456 0.432181 0.294594 0.422869 0.286866 0.413436 0.278342 0.414934 0.293968 0.405834 0.28537 0.406627 0.300775 0.397691 0.292124 0.397885 0.307411 0.389011 0.298758 0.388722 0.313918 0.379865 0.305338 0.379106 0.320378 0.370324 0.311826 0.362118 0.302893 0.360303 0.318301 0.352501 0.309238 0.344837 0.298719 0.342671 0.315864 0.3357 0.304835 0.329513 0.294058 0.326337 0.311182 0.319908 0.300451 0.316556 0.317561 0.309181 0.307174 0.306649 0.323304 0.299337 0.312818 0.296414 0.328725 0.313338 0.334868 0.303067 0.341095 0.292962 0.346232 0.307087 0.350272 0.29755 0.355371 0.28597 0.360756 0.281134 0.351256 0.271811 0.366033 0.266992 0.357159 0.259589 0.37062 0.254098 0.362729 0.28007 0.375435 0.268458 0.380737 0.286926 0.385927 0.275655 0.391764 0.265167 0.397771 0.283734 0.400393 0.273787 0.406376 0.265689 0.412959 0.284863 0.416543 0.276735 0.423486 0.268518 0.430346 0.257787 0.419683 0.26024 0.437088 0.250081 0.426516 0.25201 0.443895 0.242475 0.433684 0.243868 0.45089 0.234759 0.441031 0.235721 0.458029 0.226785 0.44839 0.216929 0.43849 0.218668 0.455872 0.209554 0.446608 0.199203 0.438554 0.201374 0.454621 0.191688 0.446587 0.182231 0.439971 0.189725 0.432083 0.171767 0.432587 0.178378 0.424092 0.160428 0.425559 0.166606 0.417694 0.149558 0.418957 0.155915 0.412102 0.571492 0.108393 0.579484 0.112238 0.575444 0.125075 0.567538 0.120831 0.559633 0.117175 0.563349 0.105443 0.563656 0.134671 0.554862 0.130928 0.546856 0.12672 0.549305 0.148062 0.541805 0.142534 0.53478 0.13302 0.536169 0.155598 0.529062 0.1476 0.532187 0.163145 0.523991 0.157866 0.528878 0.173356 0.519552 0.166437 0.524765 0.184702 0.514879 0.177357 0.520832 0.195199 0.510601 0.188787 0.517191 0.205839 0.506635 0.200537 0.513391 0.216704 0.502375 0.211871 0.509253 0.228103 0.497704 0.222559 0.504825 0.239363 0.492792 0.232827 0.50014 0.249723 0.487755 0.242728 0.495043 0.259538 0.482517 0.252344 0.489354 0.268944 0.476962 0.261702 0.482992 0.278011 0.470842 0.270716 0.475988 0.287001 0.464105 0.279338 0.468393 0.295796 0.456855 0.287564 0.460378 0.304237 0.449238 0.29547 0.452019 0.312301 0.441341 0.303181 0.443308 0.320058 0.433177 0.310846 0.424064 0.302004 0.424518 0.318222 0.415585 0.309118 0.41542 0.325269 0.406731 0.315979 0.405944 0.331966 0.397516 0.322579 0.396119 0.338537 0.387867 0.329153 0.38574 0.345259 0.377616 0.335895 0.368939 0.326918 0.367128 0.342445 0.358509 0.333403 0.349909 0.324903 0.348048 0.339627 0.339485 0.331411 0.332952 0.322538 0.32967 0.337266 0.323442 0.328746 0.318822 0.34357 0.337914 0.345717 0.326803 0.352266 0.314331 0.358911 0.333986 0.361844 0.321183 0.368674 0.310088 0.374453 0.30375 0.364384 0.298639 0.380137 0.292382 0.370038 0.31678 0.383649 0.305867 0.389246 0.294712 0.394851 0.313929 0.398347 0.303585 0.404298 0.293649 0.410252 0.312642 0.413867 0.303312 0.420315 0.294718 0.426814 0.313059 0.429963 0.304414 0.436733 0.295822 0.443447 0.286407 0.433436 0.286955 0.450114 0.277919 0.440167 0.278276 0.456901 0.269341 0.446865 0.269728 0.463848 0.260953 0.453665 0.26109 0.470997 0.252715 0.460704 0.252158 0.477902 0.244408 0.467974 0.243153 0.4845 0.235784 0.475303 0.227461 0.465352 0.226884 0.48247 0.218959 0.472833 0.210367 0.463477 0.210182 0.480279 0.201798 0.471083 0.1929 0.462375 0.193035 0.478578 0.18417 0.469942 0.174928 0.462026 0.183511 0.454446 0.165591 0.45485 0.17415 0.447504 0.155626 0.447585 0.163968 0.440273 0.14489 0.439995 0.153051 0.432924 0.133867 0.432164 0.142101 0.425575 0.587532 0.116028 0.595821 0.119686 0.592144 0.133146 0.583681 0.129157 0.589431 0.14793 0.580864 0.143629 0.572199 0.139393 0.577187 0.159016 0.567677 0.155377 0.55821 0.151774 0.564561 0.165333 0.554625 0.161698 0.54441 0.158945 0.551667 0.171845 0.54123 0.16761 0.548416 0.183569 0.537747 0.178835 0.54532 0.195263 0.533986 0.189851 0.542413 0.207036 0.53104 0.200088 0.539072 0.21854 0.528131 0.210937 0.535255 0.229589 0.524754 0.222464 0.530814 0.240419 0.520682 0.234381 0.52594 0.251261 0.516013 0.245359 0.52077 0.262603 0.510898 0.255314 0.515329 0.274106 0.505214 0.264994 0.509507 0.284763 0.499129 0.274799 0.503156 0.294388 0.492683 0.284395 0.49582 0.304148 0.485726 0.29394 0.488103 0.313002 0.478378 0.303236 0.4802 0.320691 0.470623 0.311825 0.47196 0.328066 0.462461 0.319926 0.463195 0.335465 0.453734 0.327662 0.454089 0.342541 0.4447 0.334844 0.434348 0.327376 0.434883 0.342209 0.424855 0.33448 0.424508 0.349463 0.414907 0.341354 0.413885 0.356322 0.404652 0.347966 0.403082 0.362831 0.394073 0.35444 0.392209 0.369019 0.383339 0.360624 0.375144 0.351641 0.371972 0.366784 0.364254 0.35782 0.35661 0.348709 0.353057 0.364162 0.345922 0.355041 0.340596 0.371102 0.360068 0.373259 0.347298 0.380347 0.335091 0.386649 0.327812 0.377829 0.324317 0.392472 0.34317 0.395018 0.332555 0.40105 0.322426 0.407406 0.341454 0.409391 0.331468 0.416231 0.322052 0.423118 0.340896 0.424842 0.331758 0.432036 0.322862 0.439204 0.341265 0.440924 0.332104 0.448177 0.322715 0.455059 0.31397 0.446274 0.313323 0.461192 0.305076 0.453218 0.303982 0.467125 0.29605 0.459718 0.294938 0.474046 0.287025 0.466138 0.286145 0.481197 0.277829 0.472547 0.277645 0.488549 0.26871 0.47902 0.269231 0.495969 0.259879 0.485805 0.260557 0.503233 0.251403 0.492965 0.251483 0.510311 0.242911 0.500313 0.234306 0.491155 0.234145 0.507563 0.225529 0.498015 0.217902 0.489412 0.21672 0.505047 0.208858 0.496327 0.201227 0.487583 0.199823 0.503277 0.192141 0.494745 0.184118 0.485944 0.183116 0.501866 0.175146 0.493226 0.166565 0.484723 0.17536 0.477361 0.157521 0.476849 0.166207 0.469446 0.148243 0.469572 0.15689 0.462159 0.138424 0.462235 0.147013 0.454809 0.127613 0.45435 0.136291 0.447029 0.116197 0.446098 0.125109 0.438867 0.604388 0.123184 0.613425 0.126307 0.610018 0.140484 0.600743 0.137081 0.607349 0.155508 0.597898 0.152125 0.605397 0.169284 0.595489 0.166506 0.586224 0.163188 0.592993 0.178955 0.583235 0.175372 0.574098 0.17033 0.580394 0.188553 0.570959 0.183223 0.561488 0.176758 0.56842 0.19701 0.558708 0.189586 0.565547 0.209205 0.556024 0.202398 0.562096 0.22046 0.552984 0.214175 0.558666 0.23247 0.549309 0.225042 0.55515 0.244622 0.545186 0.236373 0.551164 0.256084 0.540953 0.248584 0.546746 0.267192 0.536394 0.26069 0.541934 0.278315 0.53119 0.271882 0.536688 0.289927 0.525452 0.282322 0.530362 0.301545 0.519358 0.29267 0.523259 0.311335 0.512957 0.303159 0.516142 0.319766 0.505772 0.312698 0.50873 0.329055 0.498039 0.32086 0.500654 0.338363 0.490007 0.328945 0.492033 0.347072 0.481588 0.337161 0.482689 0.355152 0.472634 0.345081 0.472717 0.362629 0.463176 0.352374 0.462376 0.369413 0.453228 0.35955 0.444259 0.350058 0.442788 0.366592 0.433787 0.357532 0.432088 0.373217 0.423067 0.364492 0.421194 0.379448 0.412216 0.370986 0.41009 0.385444 0.401288 0.377161 0.398551 0.391534 0.389889 0.383443 0.380663 0.375303 0.377699 0.390162 0.368152 0.382085 0.364524 0.396918 0.355014 0.389132 0.352337 0.402856 0.37347 0.404289 0.361374 0.410542 0.350566 0.417589 0.369876 0.419182 0.359688 0.426161 0.350383 0.433547 0.368663 0.435498 0.359205 0.442925 0.349788 0.45015 0.36712 0.452597 0.357677 0.459418 0.348587 0.465859 0.34044 0.456915 0.339747 0.472399 0.331162 0.463186 0.331027 0.479661 0.322056 0.469565 0.322122 0.48735 0.313025 0.477205 0.31309 0.494439 0.30409 0.484684 0.30395 0.501374 0.295313 0.491828 0.294717 0.508214 0.286564 0.498847 0.285337 0.515002 0.27768 0.505762 0.275839 0.521722 0.268553 0.512625 0.266328 0.528354 0.259259 0.519465 0.256961 0.534911 0.249943 0.526303 0.242235 0.517234 0.240613 0.53304 0.2329 0.523991 0.225065 0.514613 0.223661 0.530676 0.215928 0.521573 0.207783 0.512156 0.206869 0.528583 0.198844 0.519312 0.190864 0.510363 0.190067 0.526552 0.182072 0.51757 0.174265 0.509064 0.173523 0.52492 0.165711 0.516465 0.15785 0.508282 0.166339 0.500612 0.149562 0.500147 0.157897 0.492215 0.140785 0.492379 0.149006 0.48443 0.131685 0.485162 0.139802 0.47723 0.122239 0.478255 0.130112 0.470059 0.111124 0.470381 0.119136 0.462146 0.0988687 0.462537 0.107313 0.454029 0.622951 0.129185 0.632642 0.13204 0.629672 0.146475 0.619826 0.143543 0.627319 0.161281 0.617274 0.158457 0.625889 0.174884 0.615539 0.172053 0.624669 0.188152 0.613861 0.185154 0.603325 0.182067 0.612422 0.198587 0.601459 0.195377 0.590677 0.192133 0.599996 0.208309 0.588769 0.204917 0.577985 0.201633 0.586823 0.217287 0.575282 0.213329 0.584832 0.230513 0.572564 0.225705 0.582517 0.243455 0.569845 0.238354 0.579399 0.25611 0.566737 0.250389 0.575565 0.26887 0.563206 0.26227 0.571062 0.282308 0.559012 0.274236 0.565566 0.294934 0.554023 0.286793 0.559322 0.304803 0.548116 0.298978 0.553058 0.315086 0.54134 0.308818 0.546552 0.326171 0.534523 0.318059 0.53913 0.336934 0.527617 0.328169 0.530977 0.347535 0.519991 0.338182 0.522126 0.356831 0.511527 0.34761 0.512517 0.36502 0.502571 0.356482 0.501856 0.373128 0.492608 0.364766 0.491015 0.380042 0.482081 0.372069 0.480187 0.386428 0.471346 0.378308 0.469074 0.393156 0.460425 0.384362 0.451735 0.375795 0.449161 0.390613 0.440845 0.381984 0.437734 0.396714 0.429728 0.387978 0.426073 0.402697 0.418305 0.39389 0.413769 0.408894 0.406386 0.399941 0.401047 0.415437 0.393885 0.406249 0.386333 0.397871 0.381288 0.412664 0.388986 0.42198 0.378343 0.428522 0.396761 0.4314 0.386633 0.438009 0.376911 0.445187 0.394664 0.447208 0.384855 0.454338 0.374887 0.461535 0.392951 0.462822 0.383231 0.469571 0.373782 0.476229 0.36549 0.468197 0.364587 0.482967 0.356485 0.474769 0.355566 0.489836 0.347667 0.481548 0.346582 0.496768 0.338844 0.488576 0.337469 0.50378 0.329905 0.495547 0.32816 0.510865 0.320818 0.502358 0.318855 0.51791 0.311407 0.509134 0.309464 0.524893 0.301832 0.515844 0.300125 0.531839 0.292168 0.522563 0.290806 0.538589 0.282539 0.5292 0.281455 0.545274 0.272961 0.535737 0.272035 0.551878 0.263553 0.542292 0.262727 0.558533 0.254215 0.548854 0.24755 0.541518 0.245037 0.55543 0.238131 0.548055 0.231313 0.53971 0.228849 0.554487 0.222207 0.546449 0.214566 0.537524 0.213239 0.553255 0.20566 0.544432 0.198002 0.535661 0.196971 0.551483 0.189386 0.542884 0.181539 0.533921 0.180943 0.550272 0.17328 0.541489 0.165328 0.53253 0.165123 0.549164 0.157471 0.540446 0.149848 0.532164 0.157553 0.524148 0.142229 0.524654 0.14978 0.516276 0.134046 0.517223 0.141569 0.508499 0.125457 0.509649 0.132939 0.500833 0.116568 0.501917 0.123944 0.493337 0.107423 0.494599 0.114751 0.486437 0.0964741 0.487567 0.103609 0.478857 0.0843805 0.480897 0.0912177 0.471473 0.642192 0.135146 0.65167 0.138621 0.649104 0.152403 0.639388 0.149433 0.64754 0.166775 0.637395 0.164123 0.647143 0.180272 0.636467 0.17769 0.647166 0.193262 0.635811 0.190913 0.647101 0.206569 0.63526 0.204362 0.623657 0.201646 0.634703 0.217874 0.62289 0.215054 0.611348 0.211741 0.622058 0.228854 0.610312 0.225141 0.598533 0.221313 0.608947 0.239129 0.596868 0.234908 0.606772 0.253399 0.594694 0.248234 0.603196 0.267682 0.591612 0.261904 0.599003 0.280621 0.587668 0.276027 0.595146 0.292818 0.582639 0.288975 0.590629 0.305464 0.57733 0.299765 0.584572 0.318157 0.57185 0.311052 0.577533 0.330801 0.565534 0.322729 0.569447 0.343634 0.558313 0.334436 0.560714 0.354183 0.550256 0.346338 0.551501 0.362831 0.541378 0.356181 0.542122 0.372457 0.532028 0.364044 0.531289 0.382841 0.521814 0.372844 0.520507 0.391059 0.510871 0.381884 0.510197 0.397767 0.500448 0.388655 0.499064 0.405436 0.489715 0.395984 0.487112 0.412668 0.478261 0.403083 0.474482 0.419704 0.466095 0.409951 0.457435 0.399976 0.454182 0.415853 0.445705 0.406251 0.442232 0.42104 0.433924 0.411916 0.429224 0.427291 0.421251 0.418151 0.416111 0.434044 0.408374 0.424843 0.404584 0.440604 0.424434 0.443047 0.412529 0.449608 0.402542 0.4561 0.420715 0.458647 0.410177 0.465098 0.400851 0.471382 0.417524 0.47454 0.408114 0.480518 0.399229 0.486398 0.391571 0.477687 0.390128 0.492688 0.382236 0.484245 0.380972 0.499464 0.372999 0.491095 0.372003 0.506558 0.363948 0.498166 0.363129 0.513862 0.354982 0.505405 0.353917 0.521355 0.345819 0.512847 0.344386 0.528793 0.336394 0.520169 0.334836 0.536087 0.326906 0.527231 0.325308 0.54311 0.317423 0.534156 0.315782 0.549992 0.307985 0.540977 0.30622 0.556724 0.298593 0.547703 0.296589 0.563406 0.289192 0.554389 0.286837 0.569825 0.279727 0.561034 0.277028 0.575824 0.270213 0.567659 0.267279 0.581557 0.260621 0.57396 0.253563 0.565179 0.251011 0.580042 0.244443 0.57171 0.236035 0.562104 0.234993 0.578014 0.227236 0.568883 0.219818 0.560886 0.217801 0.57539 0.210942 0.567193 0.204449 0.560009 0.202086 0.573049 0.195381 0.566295 0.188276 0.558672 0.186611 0.571629 0.179187 0.564937 0.172302 0.55747 0.171824 0.571317 0.16396 0.563876 0.157038 0.55669 0.15753 0.57196 0.149409 0.563848 0.142783 0.557086 0.149967 0.548679 0.135712 0.549545 0.142608 0.540601 0.128061 0.542238 0.135061 0.53329 0.119932 0.535138 0.126898 0.526154 0.111647 0.527909 0.118373 0.518724 0.103105 0.520633 0.109574 0.511059 0.0939124 0.513675 0.100161 0.50378 0.0839988 0.507526 0.0897038 0.497135 0.073324 0.502268 0.0783331 0.491196 0.661505 0.142342 0.67172 0.145803 0.669867 0.157951 0.659304 0.15534 0.669133 0.17056 0.658079 0.168936 0.669537 0.18338 0.658046 0.18219 0.670401 0.196458 0.658645 0.195117 0.670756 0.209759 0.658949 0.208344 0.670466 0.222958 0.658719 0.221645 0.646739 0.21997 0.657997 0.235018 0.645989 0.233448 0.633819 0.231539 0.64484 0.247116 0.632387 0.245323 0.620673 0.243212 0.630557 0.25907 0.617863 0.25718 0.628994 0.273405 0.615008 0.270422 0.626171 0.288309 0.612796 0.284062 0.621898 0.303238 0.609079 0.297973 0.615826 0.317891 0.603486 0.311648 0.60816 0.333433 0.596676 0.325252 0.599293 0.34748 0.588661 0.339764 0.590897 0.359269 0.579982 0.351775 0.582659 0.370158 0.571802 0.361479 0.572431 0.380302 0.562396 0.371513 0.56135 0.390874 0.552106 0.381894 0.549393 0.401432 0.540497 0.392324 0.539314 0.408542 0.530129 0.39962 0.528185 0.416068 0.519455 0.40685 0.516339 0.423658 0.507882 0.414572 0.503428 0.431766 0.495461 0.422167 0.490879 0.438068 0.482633 0.429189 0.479021 0.442654 0.470956 0.433642 0.462661 0.424938 0.45832 0.439519 0.450505 0.430096 0.445813 0.445898 0.437582 0.436412 0.433233 0.452148 0.453629 0.455401 0.441637 0.461578 0.429074 0.467984 0.449289 0.470994 0.437239 0.477445 0.424942 0.484221 0.445025 0.486704 0.432533 0.49373 0.42146 0.500056 0.414799 0.490229 0.412643 0.505414 0.406216 0.495689 0.403924 0.511037 0.397333 0.50164 0.394872 0.517274 0.38823 0.508229 0.385986 0.523777 0.379333 0.515155 0.377243 0.530412 0.370589 0.52223 0.368193 0.537441 0.361526 0.529552 0.358663 0.544868 0.352006 0.536983 0.348972 0.552205 0.342387 0.544262 0.339241 0.559274 0.332746 0.551246 0.329566 0.566283 0.323007 0.557967 0.319913 0.573264 0.313165 0.564528 0.310281 0.580087 0.303278 0.570895 0.300617 0.586839 0.293437 0.577163 0.290804 0.59343 0.283731 0.583567 0.280898 0.599951 0.274164 0.590274 0.270749 0.606619 0.264497 0.597084 0.2577 0.587515 0.254475 0.6041 0.248139 0.59422 0.241225 0.585777 0.238127 0.601087 0.231095 0.591454 0.224452 0.583757 0.222112 0.59671 0.214897 0.588111 0.20855 0.580751 0.20724 0.593723 0.200789 0.586632 0.194042 0.579196 0.19189 0.594466 0.185825 0.587876 0.179232 0.57971 0.177105 0.595497 0.171408 0.588942 0.165145 0.581033 0.162482 0.595762 0.157133 0.589758 0.150973 0.582038 0.15043 0.59645 0.144397 0.590226 0.136808 0.581658 0.14267 0.572273 0.129434 0.573332 0.135747 0.565157 0.122823 0.567249 0.129086 0.558555 0.114998 0.560443 0.121287 0.551351 0.107063 0.553642 0.113298 0.544283 0.0992419 0.547182 0.105357 0.537364 0.0914068 0.540951 0.0971321 0.530533 0.0833359 0.535162 0.0884978 0.524189 0.0747136 0.529987 0.0791625 0.51854 0.065475 0.525578 0.069188 0.513846 0.682227 0.14866 0.692924 0.150848 0.691966 0.16134 0.680768 0.159954 0.692048 0.1724 0.68047 0.17167 0.692951 0.184552 0.68128 0.184056 0.693739 0.198106 0.682154 0.197399 0.694003 0.211456 0.68241 0.210822 0.694133 0.223834 0.682088 0.223757 0.694059 0.235774 0.681131 0.23647 0.66956 0.236164 0.679249 0.249396 0.667982 0.249666 0.656845 0.248682 0.666128 0.264078 0.655471 0.263068 0.643445 0.261233 0.653983 0.278635 0.641774 0.276262 0.639068 0.292177 0.634713 0.308394 0.62792 0.324757 0.629769 0.348417 0.618966 0.341753 0.621367 0.3627 0.610425 0.354031 0.611525 0.37699 0.601748 0.368373 0.601092 0.387059 0.592179 0.378377 0.5899 0.398533 0.581335 0.38923 0.578627 0.409416 0.570208 0.399979 0.566539 0.420213 0.558065 0.410731 0.556497 0.427217 0.548059 0.417784 0.544793 0.434799 0.536607 0.425353 0.532501 0.442448 0.524507 0.432962 0.519335 0.450715 0.511327 0.441214 0.507763 0.455843 0.499357 0.446796 0.494976 0.461364 0.487031 0.452002 0.481577 0.467352 0.473833 0.458279 0.466025 0.449036 0.461263 0.464605 0.468844 0.473618 0.456747 0.480113 0.476524 0.482491 0.464273 0.489075 0.452463 0.495667 0.471687 0.497899 0.459667 0.504537 0.447059 0.511729 0.439989 0.502876 0.434453 0.518971 0.428088 0.509664 0.424818 0.524819 0.418837 0.515187 0.416622 0.530108 0.410333 0.520554 0.407866 0.53595 0.401408 0.526468 0.399021 0.542154 0.392531 0.532668 0.390177 0.548766 0.383728 0.539198 0.381059 0.556093 0.374607 0.546416 0.371682 0.563883 0.365145 0.554202 0.362308 0.571625 0.35564 0.561983 0.352932 0.579019 0.346189 0.569477 0.343479 0.585966 0.336671 0.576626 0.333815 0.592606 0.327057 0.58335 0.323945 0.599075 0.317318 0.58992 0.313882 0.60543 0.307426 0.596339 0.303632 0.611702 0.297386 0.602684 0.293193 0.618038 0.287197 0.609055 0.282366 0.624707 0.27667 0.615769 0.271754 0.631201 0.266177 0.622516 0.260388 0.613496 0.256484 0.628264 0.250754 0.619335 0.244614 0.610442 0.240983 0.625165 0.235484 0.615841 0.229311 0.606604 0.225635 0.622373 0.220265 0.613143 0.214154 0.603503 0.210092 0.620299 0.204532 0.611459 0.198075 0.602079 0.194313 0.618239 0.188547 0.609255 0.182625 0.601506 0.180759 0.615223 0.174633 0.607735 0.168259 0.601586 0.168791 0.615134 0.1627 0.608098 0.156427 0.602006 0.157263 0.617587 0.151324 0.611362 0.14541 0.605206 0.146664 0.618949 0.139005 0.59847 0.125947 0.599591 0.131521 0.590765 0.118084 0.591743 0.123913 0.582523 0.110752 0.584671 0.116863 0.57589 0.102952 0.578212 0.109004 0.569382 0.0949629 0.572542 0.10102 0.563094 0.0871431 0.567282 0.0932622 0.557241 0.0794456 0.562343 0.0856044 0.551649 0.0718734 0.557407 0.0778531 0.546398 0.0640726 0.552569 0.0698253 0.541419 0.0559283 0.548038 0.0613038 0.536996 0.70362 0.152374 0.714476 0.153072 0.714238 0.162708 0.703124 0.162324 0.714788 0.17305 0.70348 0.17297 0.715779 0.184284 0.704434 0.1848 0.716655 0.197014 0.70522 0.198314 0.717794 0.209396 0.705735 0.211232 0.72159 0.220874 0.70723 0.222955 0.730089 0.205907 0.73447 0.217091 0.741899 0.202174 0.745692 0.211854 0.75118 0.22118 0.757525 0.207139 0.762123 0.215808 0.767935 0.224805 0.773441 0.211836 0.778082 0.220643 0.783932 0.229871 0.775975 0.233922 0.123231 0.639199 0.118064 0.647122 0.110444 0.639953 0.115837 0.631944 0.103008 0.632811 0.108734 0.624412 0.114485 0.616179 0.120212 0.607948 0.100727 0.617201 0.106269 0.608559 0.112073 0.600241 0.098498 0.602198 0.104527 0.593387 0.0911102 0.596297 0.0968801 0.587157 0.0833175 0.591609 0.0889297 0.582021 0.0754184 0.587338 0.0810675 0.577289 0.0674227 0.583116 0.0731905 0.572745 0.0594045 0.578887 0.0653894 0.568186 0.0512453 0.574769 0.0576134 0.563521 0.0428179 0.570846 0.0494047 0.559032 0.725793 0.153006 0.73789 0.152927 0.737996 0.162327 0.725883 0.162564 0.738355 0.171885 0.726342 0.172526 0.738786 0.18177 0.727287 0.182877 0.739732 0.191998 0.728275 0.19421 0.750901 0.180842 0.751983 0.189935 0.754099 0.198665 0.764619 0.186962 0.766877 0.195176 0.76975 0.203418 0.779037 0.192199 0.781878 0.200581 0.785278 0.209271 0.793207 0.198308 0.796791 0.206909 0.801253 0.215654 0.789586 0.218042 0.805877 0.224621 0.794341 0.227333 0.111532 0.656046 0.103795 0.666238 0.0964474 0.659204 0.103992 0.649058 0.0892893 0.652656 0.0964814 0.642276 0.0825284 0.646872 0.0892088 0.636357 0.095194 0.626412 0.0819911 0.631112 0.0875861 0.620886 0.0929504 0.611268 0.0801775 0.61601 0.0854914 0.605935 0.0727472 0.611669 0.077926 0.601474 0.0650607 0.607736 0.0701379 0.597419 0.057216 0.604158 0.0621483 0.593565 0.0492115 0.600776 0.054068 0.589819 0.0410365 0.597427 0.0459155 0.586153 0.0326318 0.593959 0.0373989 0.582635 0.749701 0.152308 0.760998 0.150566 0.761456 0.160051 0.750054 0.161833 0.76204 0.169442 0.750385 0.171421 0.76295 0.178458 0.773359 0.166694 0.774733 0.175419 0.776673 0.183864 0.785739 0.172768 0.787695 0.181206 0.790223 0.189693 0.798204 0.178652 0.800741 0.187029 0.803899 0.195252 0.810916 0.183706 0.81433 0.191359 0.818543 0.198743 0.807755 0.203494 0.823334 0.206084 0.812505 0.21157 0.828575 0.213628 0.817338 0.219787 0.0951748 0.677177 0.0857186 0.688041 0.0796116 0.680432 0.0883157 0.670024 0.0732307 0.673132 0.0814893 0.663229 0.0670151 0.666795 0.0749957 0.657181 0.0609204 0.661344 0.0686241 0.65177 0.0758336 0.641654 0.0624001 0.646984 0.0691769 0.63688 0.0748788 0.626362 0.0624657 0.632621 0.0676996 0.622095 0.0554477 0.62877 0.0602871 0.618259 0.0479886 0.625426 0.0525311 0.614868 0.0401689 0.622498 0.0445746 0.61176 0.0320224 0.619512 0.0363452 0.608642 0.0234378 0.616355 0.0278567 0.60526 0.772216 0.148173 0.783002 0.146018 0.783586 0.155326 0.772676 0.157542 0.784435 0.164224 0.793912 0.153333 0.794956 0.161992 0.796313 0.170326 0.804617 0.159375 0.806213 0.167619 0.808164 0.175822 0.815004 0.164499 0.817193 0.172212 0.82024 0.179449 0.825354 0.168226 0.828727 0.174744 0.832762 0.180925 0.824131 0.186433 0.837603 0.186777 0.828609 0.193145 0.8431 0.192502 0.833894 0.199826 0.849304 0.19834 0.839641 0.206726 0.0750347 0.697644 0.0634024 0.705146 0.0598291 0.697019 0.0699983 0.68956 0.0552628 0.689539 0.0644044 0.681985 0.0500405 0.68321 0.058683 0.675642 0.044908 0.678282 0.053066 0.670329 0.0396822 0.673807 0.0474342 0.665642 0.0549933 0.656625 0.0418587 0.661494 0.0491664 0.652468 0.0561465 0.642801 0.0431657 0.648691 0.0499065 0.639068 0.0368813 0.64519 0.0430264 0.63574 0.0300982 0.642108 0.0355754 0.632648 0.0226206 0.639185 0.0275205 0.629712 0.0145769 0.636471 0.0190669 0.626755 0.793046 0.14432 0.802513 0.142492 0.803499 0.150988 0.811643 0.140548 0.812441 0.148487 0.813452 0.156617 0.821212 0.146393 0.821716 0.153863 0.82308 0.161097 0.82962 0.151246 0.830465 0.157799 0.832706 0.164006 0.842561 0.164676 0.835997 0.169677 0.846567 0.169035 0.84026 0.174967 0.851415 0.172946 0.845281 0.17992 0.857072 0.176385 0.85073 0.184467 0.863262 0.178984 0.857226 0.188974 0.0513827 0.709656 0.0396775 0.710842 0.867475 0.169601 0.029811 0.708661 0.869408 0.160377 0.021567 0.704034 0.0256346 0.698269 0.0303507 0.692226 0.0152233 0.69916 0.0201601 0.694347 0.0255907 0.688434 0.0322105 0.681539 0.0369644 0.685492 0.0151582 0.690271 0.0208427 0.684868 0.0273108 0.677824 0.0344419 0.669904 0.0161932 0.680538 0.0225748 0.674216 0.0292319 0.666144 0.0362533 0.657683 0.0238197 0.662822 0.0303926 0.654138 0.0182245 0.659699 0.0242347 0.65101 0.0120219 0.657053 0.0174249 0.648148 0.00541797 0.654971 0.009956 0.645695 0.00143258 0.664633 0.821012 0.139105 0.831031 0.138918 0.830041 0.14504 0.84051 0.139291 0.838968 0.144664 0.849127 0.140523 0.846126 0.145358 0.856909 0.14292 0.852979 0.147793 0.863498 0.147205 0.857997 0.150763 0.853006 0.155173 0.848275 0.159759 0.867724 0.15296 0.00951651 0.694364 0.00457716 0.688436 0.0104913 0.685343 0.00111888 0.681635 0 0.673681 0.151286 0.624046 0.162531 0.624059 0.154524 0.63001 0.754197 0.259615 0.749336 0.264918 0.734058 0.262432 0.746417 0.271135 0.731054 0.271297 0.71666 0.274516 0.719674 0.263203 0.702714 0.280154 0.703718 0.267549 0.687946 0.273278 0.690275 0.260012 0.687552 0.287619 0.674545 0.277965 0.703637 0.292566 0.689041 0.301671 0.706508 0.304287 0.693214 0.313236 0.712187 0.314413 0.699239 0.323865 0.689626 0.332941 0.706745 0.335127 0.696632 0.345262 0.686594 0.356635 0.678941 0.344079 0.676161 0.370331 0.669092 0.358786 0.665188 0.387387 0.658149 0.375843 0.650374 0.36492 0.64065 0.355529 0.647354 0.390676 0.639386 0.381898 0.630933 0.372394 0.628849 0.393901 0.620651 0.384865 0.617573 0.406334 0.609532 0.396459 0.606418 0.417484 0.598261 0.407842 0.594612 0.429134 0.586741 0.419261 0.582771 0.439084 0.574793 0.429827 0.572533 0.446804 0.564629 0.436886 0.560723 0.454601 0.552837 0.444548 0.54824 0.462125 0.540445 0.452134 0.535254 0.470004 0.527426 0.460255 0.523917 0.474882 0.515942 0.465191 0.510473 0.480169 0.502756 0.470666 0.497148 0.485817 0.489338 0.476547 0.484239 0.491461 0.504708 0.495356 0.491611 0.500711 0.478872 0.506678 0.498655 0.510295 0.485709 0.515635 0.472855 0.521809 0.46639 0.513258 0.460087 0.528744 0.453637 0.520398 0.446728 0.536557 0.440533 0.527976 0.436429 0.543271 0.430582 0.534235 0.428879 0.54884 0.42271 0.539593 0.420585 0.554832 0.414149 0.545518 0.411809 0.561154 0.405343 0.551776 0.402903 0.567833 0.396483 0.558445 0.393771 0.575183 0.387405 0.565707 0.384561 0.582972 0.378136 0.57345 0.375442 0.590739 0.368887 0.581156 0.366281 0.598058 0.359662 0.588482 0.356849 0.604854 0.350215 0.595341 0.347003 0.611299 0.340464 0.601925 0.336796 0.617543 0.330438 0.608291 0.326267 0.623677 0.320175 0.614552 0.315508 0.629782 0.30967 0.62075 0.304532 0.635922 0.298946 0.626989 0.293429 0.642157 0.287922 0.633421 0.282575 0.648406 0.277181 0.63963 0.272 0.654954 0.266921 0.645903 0.261826 0.637111 0.25614 0.652868 0.25113 0.643812 0.246137 0.634556 0.240287 0.650656 0.235503 0.641247 0.230701 0.631736 0.224656 0.647817 0.220102 0.638436 0.215223 0.629253 0.210335 0.644464 0.205236 0.635639 0.199771 0.626962 0.1972 0.640644 0.192213 0.631926 0.186631 0.623541 0.183364 0.639164 0.179137 0.630803 0.174287 0.622748 0.17023 0.637982 0.166879 0.630789 0.158475 0.643037 0.156894 0.636217 0.172813 0.645552 0.160317 0.650275 0.74471 0.277916 0.744989 0.285055 0.731286 0.290495 0.730011 0.280872 0.717295 0.297481 0.715659 0.286253 0.734284 0.299566 0.721111 0.307851 0.738388 0.308278 0.726226 0.317447 0.718625 0.324694 0.732149 0.326436 0.724406 0.335209 0.713543 0.346533 0.703377 0.357404 0.699614 0.381259 0.693229 0.368819 0.689033 0.395189 0.682561 0.382994 0.679184 0.40815 0.672322 0.397639 0.669369 0.422549 0.661632 0.411476 0.654503 0.400531 0.651042 0.425648 0.643504 0.414834 0.63633 0.404139 0.63281 0.427508 0.62521 0.416755 0.622071 0.438602 0.614315 0.427851 0.610699 0.44923 0.60255 0.438901 0.598986 0.459036 0.590914 0.448549 0.58729 0.468014 0.580072 0.457092 0.575561 0.47584 0.568282 0.465075 0.56343 0.482891 0.555937 0.472316 0.550089 0.489676 0.542698 0.479931 0.538174 0.495023 0.531497 0.485035 0.525072 0.500323 0.518048 0.490022 0.511781 0.505434 0.531134 0.511215 0.518155 0.516184 0.50521 0.520542 0.523645 0.527762 0.510771 0.531826 0.497957 0.53555 0.492214 0.525103 0.485168 0.539836 0.479201 0.530531 0.472958 0.545301 0.46653 0.536888 0.460911 0.552501 0.453587 0.544628 0.449821 0.560023 0.44279 0.551882 0.442107 0.565917 0.435333 0.557622 0.434301 0.572053 0.427319 0.563716 0.42535 0.578652 0.418504 0.570125 0.416119 0.585515 0.409478 0.576873 0.40671 0.5933 0.400222 0.584398 0.397491 0.601611 0.391017 0.592378 0.388492 0.609804 0.381958 0.600284 0.379412 0.617275 0.372856 0.607674 0.369768 0.623911 0.363367 0.614407 0.359384 0.630053 0.353323 0.620698 0.34857 0.636007 0.342887 0.626798 0.337488 0.641834 0.332077 0.632772 0.326146 0.64761 0.321026 0.638726 0.314732 0.653618 0.309805 0.644801 0.303373 0.659994 0.298634 0.651108 0.292551 0.666883 0.287734 0.657586 0.282295 0.673663 0.277116 0.664178 0.27204 0.680171 0.266551 0.670869 0.261301 0.66183 0.255901 0.677644 0.250456 0.668798 0.245252 0.65988 0.239384 0.675842 0.234191 0.666718 0.229256 0.657189 0.223224 0.673115 0.218922 0.662773 0.214877 0.653367 0.208647 0.668292 0.205557 0.65859 0.201682 0.649535 0.193909 0.664872 0.190587 0.656297 0.18709 0.647693 0.177893 0.661456 0.175259 0.653357 0.165077 0.665869 0.162567 0.657937 0.746929 0.292216 0.750227 0.298971 0.18081 0.669681 0.167476 0.674199 0.754539 0.30535 0.743288 0.316399 0.75941 0.311268 0.748618 0.324288 0.738689 0.335285 0.754181 0.33161 0.745345 0.343569 0.76075 0.337261 0.753916 0.348654 0.768073 0.341937 0.763773 0.351847 0.760072 0.364952 0.773456 0.35463 0.771166 0.366523 0.76973 0.378074 0.757899 0.377494 0.769637 0.390241 0.758023 0.390277 0.769318 0.403184 0.757794 0.405018 0.746335 0.405066 0.734665 0.406151 0.757674 0.415434 0.747556 0.416145 0.73751 0.417363 0.729884 0.422716 0.724978 0.411254 0.722782 0.431023 0.716502 0.418878 0.710782 0.407409 0.705348 0.394934 0.708898 0.429747 0.701904 0.417895 0.695476 0.406464 0.694023 0.430878 0.686253 0.419618 0.686771 0.444321 0.677742 0.433571 0.65976 0.436325 0.64942 0.449058 0.640774 0.438316 0.637909 0.460302 0.63001 0.449495 0.625204 0.470847 0.618231 0.460034 0.612745 0.480768 0.606072 0.469918 0.60073 0.489889 0.594153 0.478951 0.588808 0.497995 0.582395 0.486871 0.576467 0.505016 0.570301 0.493776 0.563211 0.511073 0.557271 0.499949 0.549607 0.516942 0.544216 0.505551 0.536458 0.52273 0.55443 0.528553 0.541333 0.53483 0.528571 0.540095 0.546324 0.546861 0.533478 0.552798 0.520187 0.556283 0.515627 0.543849 0.50713 0.558951 0.502823 0.546932 0.495079 0.561756 0.490544 0.550188 0.484213 0.565363 0.479092 0.55454 0.47344 0.570622 0.467852 0.560794 0.462861 0.57724 0.456893 0.56814 0.454982 0.582666 0.448868 0.574037 0.4475 0.587913 0.441113 0.579931 0.438295 0.594525 0.431969 0.586733 0.428923 0.601764 0.422609 0.593802 0.419715 0.609988 0.413193 0.601837 0.410774 0.619191 0.404055 0.610588 0.395125 0.619205 0.385935 0.62685 0.37596 0.63335 0.370259 0.647853 0.365097 0.639264 0.358425 0.653784 0.353779 0.645114 0.346598 0.659795 0.342343 0.650825 0.335059 0.665252 0.330784 0.656379 0.323888 0.670846 0.319333 0.662208 0.313175 0.677044 0.308043 0.668757 0.303775 0.683945 0.297682 0.676368 0.288124 0.683091 0.278624 0.688988 0.267858 0.695323 0.261591 0.686701 0.251121 0.693256 0.24497 0.684459 0.320845 0.682663 0.312333 0.689187 0.329952 0.677663 0.339656 0.672667 0.346371 0.677771 0.350899 0.666912 0.356118 0.672306 0.36162 0.67996 0.353271 0.685038 0.366332 0.688869 0.358565 0.693489 0.370538 0.698574 0.363367 0.702474 0.357084 0.707329 0.367307 0.712589 0.360935 0.71644 0.354354 0.72071 0.35129 0.712442 0.347169 0.724658 0.345032 0.717485 0.687032 0.576956 0.687956 0.584147 0.678802 0.582006 0.678754 0.573343 0.680382 0.566266 0.687184 0.571299 0.68376 0.561748 0.689595 0.568664 0.687886 0.558373 0.692242 0.567207 0.69289 0.556593 0.694955 0.566001 0.699155 0.55681 0.698611 0.566034 0.331163 0.716871 0.330251 0.723402 0.321549 0.71865 0.324694 0.710322 0.329814 0.732265 0.319886 0.728953 0.329521 0.742604 0.318951 0.740231 0.308982 0.737495 0.318256 0.752073 0.308488 0.750689 0.29926 0.750023 0.299054 0.736262 0.290153 0.750168 0.289162 0.736907 0.280713 0.751304 0.279356 0.739235 0.276428 0.728146 0.269215 0.742443 0.267287 0.733203 0.809407 0.479178 0.813596 0.485529 0.801719 0.487677 0.798077 0.48016 0.787546 0.490525 0.784391 0.482267 0.783215 0.473386 0.782845 0.465468 0.777342 0.493951 0.792472 0.499033 0.781749 0.50337 0.772782 0.507165 0.767063 0.497228 0.762471 0.512953 0.755845 0.503204 0.753128 0.520112 0.74555 0.511171 0.737266 0.502334 0.728554 0.494623 0.736284 0.520722 0.72784 0.51358 0.719472 0.506454 0.710223 0.499151 0.719364 0.488748 0.719158 0.525633 0.728241 0.531143 0.72188 0.541928 0.712555 0.537031 0.717238 0.552785 0.708643 0.548312 0.71372 0.563622 0.70634 0.559314 0.7104 0.574483 0.704089 0.569564 0.725785 0.557844 0.721474 0.568611 0.717545 0.57924 0.7298 0.573798 0.725313 0.583879 0.329214 0.753787 0.329252 0.765426 0.318434 0.764441 0.329394 0.777193 0.318983 0.776491 0.308941 0.776444 0.308473 0.763886 0.299319 0.7767 0.299209 0.7637 0.28985 0.776634 0.290113 0.763684 0.280362 0.776507 0.280667 0.763905 0.270437 0.776786 0.270346 0.764649 0.270266 0.753083 0.818317 0.492788 0.821949 0.500945 0.811085 0.503688 0.806518 0.495379 0.798088 0.507849 0.815913 0.512749 0.803882 0.517246 0.793326 0.522725 0.787154 0.512848 0.786029 0.527027 0.779094 0.517034 0.777094 0.532518 0.769362 0.522599 0.769037 0.538797 0.760847 0.52932 0.76187 0.545634 0.753245 0.536794 0.744693 0.528335 0.746385 0.545045 0.737364 0.53772 0.740216 0.554109 0.731025 0.547567 0.734725 0.563756 0.749262 0.561595 0.74363 0.570645 0.738341 0.579948 0.75241 0.578571 0.746959 0.587246 0.741732 0.595561 0.733417 0.589085 0.755869 0.595293 0.750356 0.603146 0.329492 0.788976 0.329421 0.800687 0.319861 0.799919 0.319559 0.788287 0.310233 0.799447 0.309731 0.788127 0.300552 0.799336 0.299941 0.788367 0.290639 0.799419 0.290152 0.788534 0.280683 0.799529 0.280339 0.788443 0.270677 0.799793 0.270527 0.788648 0.830826 0.519112 0.836413 0.52828 0.827207 0.532388 0.821195 0.522413 0.826035 0.509869 0.816734 0.537686 0.810056 0.527231 0.807574 0.543074 0.800171 0.532837 0.801093 0.54712 0.793468 0.53709 0.793416 0.552588 0.785134 0.542454 0.786159 0.558642 0.777403 0.548493 0.779546 0.56469 0.770633 0.554925 0.773149 0.571225 0.76421 0.561993 0.755315 0.553206 0.758154 0.569941 0.767038 0.578607 0.761307 0.586885 0.776238 0.58772 0.770607 0.595418 0.764962 0.603503 0.779623 0.60464 0.773763 0.612309 0.767698 0.619905 0.759207 0.611261 0.328962 0.812079 0.328043 0.822998 0.318581 0.82208 0.319525 0.811205 0.309384 0.821268 0.310078 0.810454 0.300147 0.820648 0.300559 0.810013 0.290821 0.820242 0.290924 0.809864 0.281343 0.820189 0.281156 0.809891 0.271737 0.82036 0.27112 0.810182 0.843113 0.536997 0.850717 0.545476 0.842111 0.551309 0.834218 0.542091 0.832015 0.557984 0.823954 0.548178 0.824149 0.562992 0.815487 0.553202 0.818317 0.56725 0.809343 0.557191 0.811309 0.57308 0.802096 0.562869 0.804428 0.579048 0.795213 0.568895 0.797847 0.584852 0.788674 0.574712 0.791449 0.590824 0.782243 0.580808 0.785439 0.597365 0.800372 0.601067 0.794288 0.607399 0.788185 0.614334 0.802806 0.617373 0.796448 0.624212 0.790024 0.631303 0.781995 0.621648 0.783579 0.638409 0.775813 0.628882 0.326893 0.833754 0.325991 0.844787 0.316567 0.844171 0.317541 0.833001 0.307471 0.843516 0.308403 0.83225 0.298554 0.842973 0.299381 0.831522 0.289778 0.842547 0.290385 0.831042 0.280971 0.842261 0.281304 0.830847 0.271795 0.842106 0.272042 0.83088 0.859561 0.553656 0.868843 0.562096 0.860757 0.568232 0.851197 0.559814 0.850783 0.575196 0.841193 0.566812 0.842216 0.581119 0.833299 0.572284 0.836278 0.58592 0.827509 0.576933 0.829173 0.59211 0.820472 0.582928 0.822003 0.598478 0.813366 0.588984 0.815406 0.604646 0.806746 0.594953 0.80902 0.610949 0.823982 0.613763 0.817558 0.620257 0.811237 0.626861 0.826355 0.629058 0.82006 0.635665 0.813641 0.642571 0.804792 0.633706 0.807104 0.649685 0.798223 0.640808 0.800684 0.656755 0.791518 0.647943 0.325516 0.856153 0.325168 0.867821 0.315869 0.867069 0.316032 0.855557 0.306732 0.866645 0.306715 0.855125 0.297609 0.866473 0.297828 0.854827 0.288547 0.866301 0.289135 0.854473 0.279469 0.865991 0.28041 0.854176 0.27024 0.865807 0.271058 0.853931 0.877538 0.571489 0.885185 0.581914 0.876788 0.587439 0.869411 0.577365 0.866621 0.593825 0.859274 0.584098 0.858121 0.599323 0.850504 0.589974 0.852411 0.603857 0.844619 0.594671 0.845817 0.609959 0.837617 0.600883 0.839035 0.616378 0.830526 0.607376 0.832646 0.622617 0.84778 0.625632 0.841739 0.631691 0.835634 0.637851 0.851246 0.640728 0.845011 0.646683 0.83844 0.652907 0.82928 0.644207 0.832285 0.659435 0.822952 0.651006 0.826305 0.666709 0.816702 0.658148 0.820728 0.674166 0.81064 0.665314 0.324903 0.879385 0.3243 0.890754 0.315183 0.889846 0.315726 0.878581 0.305999 0.88913 0.306542 0.878035 0.296682 0.888648 0.297312 0.877737 0.287265 0.888304 0.28794 0.877486 0.277885 0.888094 0.278725 0.877253 0.268575 0.887802 0.269474 0.877113 0.892108 0.59276 0.899207 0.603286 0.890035 0.60847 0.883425 0.59811 0.880233 0.614056 0.87329 0.604051 0.873355 0.618518 0.865644 0.608919 0.868538 0.62298 0.860298 0.613319 0.862946 0.628789 0.854081 0.619333 0.857227 0.634852 0.872235 0.637682 0.866365 0.643812 0.860207 0.649699 0.874389 0.651649 0.867871 0.657805 0.86143 0.663946 0.853677 0.655615 0.85563 0.67021 0.847224 0.6617 0.850405 0.676685 0.841344 0.668243 0.845697 0.683893 0.835976 0.675403 0.84141 0.691538 0.831029 0.68295 0.323231 0.902007 0.321911 0.913354 0.313005 0.912367 0.314194 0.901079 0.303893 0.911478 0.305094 0.900241 0.294722 0.910697 0.295861 0.899592 0.285383 0.910181 0.286341 0.899115 0.275957 0.910086 0.276878 0.898899 0.26692 0.91012 0.267589 0.898658 0.906697 0.613888 0.914414 0.62501 0.905823 0.628834 0.897532 0.618522 0.89695 0.63277 0.88837 0.623411 0.890358 0.636331 0.881846 0.627572 0.885868 0.639983 0.877442 0.631886 0.880669 0.645391 0.892704 0.647912 0.887393 0.652252 0.880968 0.658074 0.892674 0.659091 0.886418 0.663671 0.880459 0.669279 0.874602 0.664296 0.875385 0.675553 0.86874 0.670621 0.871385 0.682013 0.863603 0.677114 0.86824 0.68883 0.859242 0.683834 0.865522 0.695927 0.855444 0.690911 0.863308 0.703668 0.852123 0.698638 0.320426 0.924578 0.318609 0.935522 0.31035 0.934022 0.31172 0.923398 0.301786 0.933001 0.302767 0.922455 0.293028 0.932405 0.293706 0.921722 0.284419 0.932434 0.284525 0.921424 0.275875 0.933207 0.275451 0.921738 0.267445 0.934929 0.266492 0.92245 0.920864 0.637454 0.92458 0.650969 0.916354 0.652053 0.91271 0.639977 0.908767 0.652923 0.904063 0.642549 0.902767 0.654187 0.897443 0.645121 0.89793 0.655936 0.905886 0.66352 0.901334 0.664453 0.89639 0.666508 0.903109 0.672837 0.898555 0.674506 0.898837 0.681755 0.898536 0.687899 0.893036 0.688071 0.886441 0.687579 0.898788 0.693368 0.892556 0.693545 0.885104 0.693159 0.876867 0.691841 0.878949 0.685446 0.875375 0.698553 0.874805 0.706154 0.316272 0.945743 0.308446 0.943716 0.299231 0.951562 0.300486 0.942751 0.292123 0.951393 0.292588 0.942348 0.298108 0.959326 0.290846 0.958997 0.915678 0.697197 0.908462 0.702555 0.906291 0.697179 0.912094 0.692275 0.916065 0.684472 0.921149 0.687914 0.917335 0.673634 0.923396 0.676841 0.911827 0.671982 0.910712 0.663281 0.916958 0.663695 0.907393 0.671798 0.924639 0.664841 0.707717 0.48237 0.715393 0.471514 0.699949 0.492294 0.691222 0.486255 0.698849 0.475232 0.696368 0.454097 0.705559 0.463559 0.702428 0.441615 0.711229 0.451853 0.7201 0.460104 0.716626 0.440757 0.724172 0.449822 0.728976 0.440722 0.738155 0.447035 0.750986 0.451575 0.668636 0.579874 0.67945 0.591206 0.669094 0.590356 0.660837 0.590652 0.660065 0.579635 0.654334 0.591662 0.653043 0.580545 0.646042 0.593655 0.643945 0.582568 0.641609 0.571867 0.638942 0.561022 0.634283 0.585416 0.630787 0.575089 0.626426 0.564968 0.621514 0.554106 0.635166 0.548607 0.620943 0.579229 0.6152 0.569849 0.609175 0.560116 0.603123 0.551789 0.616485 0.545075 0.605152 0.57552 0.597345 0.566979 0.590263 0.559083 0.584433 0.551354 0.59704 0.543724 0.571571 0.55861 0.565295 0.54989 0.578716 0.542927 0.573092 0.533235 0.587059 0.526383 0.592174 0.535457 0.559454 0.539839 0.568085 0.522388 0.581797 0.516093 0.594743 0.508844 0.600344 0.518971 0.606999 0.500635 0.612844 0.51097 0.618057 0.520503 0.605313 0.527994 0.623832 0.529748 0.610362 0.536597 0.630385 0.538881 0.634843 0.522381 0.641175 0.531704 0.644743 0.514917 0.650503 0.524632 0.654431 0.507985 0.659225 0.517422 0.64079 0.504692 0.63699 0.49344 0.629587 0.512639 0.62474 0.502342 0.619005 0.491564 0.631524 0.481901 0.612135 0.58412 0.604716 0.589504 0.617395 0.593273 0.610055 0.598052 0.603235 0.603085 0.598393 0.595229 0.596564 0.608365 0.592756 0.601133 0.411008 0.694005 0.412894 0.704274 0.404693 0.704798 0.402969 0.693683 0.401799 0.682389 0.410098 0.683768 0.394824 0.693717 0.393295 0.682249 0.391795 0.671515 0.384298 0.683202 0.38139 0.672967 0.377813 0.663032 0.374323 0.655057 0.371224 0.675894 0.366807 0.667032 0.362584 0.660812 0.375071 0.685372 0.386611 0.694305 0.378371 0.695872 0.38881 0.706167 0.381208 0.707441 0.373993 0.709542 0.384155 0.71941 0.377108 0.72122 0.370401 0.723705 0.37998 0.732974 0.373066 0.73513 0.366098 0.737595 0.36369 0.726621 0.35887 0.740252 0.356715 0.730036 0.351055 0.743082 0.349153 0.733343 0.688772 0.592252 0.689658 0.601342 0.68016 0.601006 0.690518 0.61154 0.681055 0.611706 0.671348 0.612346 0.67 0.601083 0.664377 0.6135 0.662374 0.601822 0.658163 0.615081 0.656106 0.60314 0.650494 0.616947 0.648177 0.605097 0.642829 0.61896 0.640143 0.607372 0.637356 0.596117 0.632533 0.609969 0.629227 0.599248 0.625483 0.588983 0.621507 0.602997 0.625094 0.613229 0.617907 0.61701 0.614154 0.607247 0.610868 0.620972 0.607033 0.611752 0.603688 0.625038 0.600039 0.61635 0.415704 0.714791 0.418965 0.725459 0.410624 0.726895 0.407371 0.7159 0.402439 0.728296 0.3993 0.716931 0.396678 0.705371 0.391547 0.718071 0.394596 0.729714 0.387072 0.731186 0.397791 0.740849 0.390187 0.742619 0.382821 0.744475 0.393174 0.75348 0.385681 0.755502 0.378323 0.757572 0.375642 0.746544 0.370961 0.759685 0.36842 0.748732 0.363454 0.761926 0.361069 0.750989 0.355554 0.764369 0.353263 0.753511 0.366282 0.772664 0.358591 0.775184 0.691894 0.622819 0.69437 0.634755 0.685198 0.635633 0.682671 0.62345 0.676031 0.636483 0.673461 0.624339 0.669369 0.637634 0.666778 0.625624 0.663119 0.639445 0.66052 0.627328 0.655693 0.641539 0.652991 0.629211 0.648465 0.643437 0.645691 0.631095 0.641648 0.645381 0.63878 0.633029 0.635617 0.621244 0.63191 0.635551 0.628577 0.624071 0.625093 0.638557 0.621628 0.62737 0.618274 0.641701 0.614711 0.630925 0.61101 0.644891 0.607604 0.634484 0.422156 0.736217 0.425077 0.746834 0.416964 0.748369 0.413984 0.737729 0.408802 0.749942 0.405748 0.739237 0.400875 0.751612 0.411432 0.760649 0.403552 0.762276 0.395898 0.764062 0.40583 0.773165 0.398424 0.774885 0.39126 0.776759 0.388447 0.765998 0.384112 0.778755 0.381031 0.768173 0.376922 0.780981 0.373665 0.770395 0.369788 0.783282 0.380199 0.791736 0.373151 0.793741 0.365285 0.796085 0.362136 0.78572 0.696927 0.646733 0.698537 0.658406 0.689392 0.659145 0.687709 0.647608 0.681105 0.659828 0.678653 0.64835 0.675201 0.660831 0.672147 0.649315 0.669178 0.662954 0.665937 0.65125 0.662073 0.665592 0.658625 0.653642 0.654967 0.667949 0.651474 0.655829 0.648103 0.670031 0.644712 0.657856 0.641295 0.672108 0.638063 0.660005 0.635036 0.647631 0.631267 0.662322 0.62837 0.650363 0.624207 0.66492 0.621346 0.653216 0.616828 0.667871 0.613877 0.656182 0.427576 0.757529 0.429321 0.768473 0.421339 0.770001 0.419523 0.759104 0.413518 0.771558 0.422914 0.780946 0.415347 0.782617 0.408003 0.78433 0.417599 0.793493 0.410502 0.795361 0.403466 0.797307 0.400884 0.786156 0.396451 0.799305 0.393951 0.788049 0.389541 0.801161 0.387043 0.789951 0.382733 0.802759 0.391767 0.811716 0.384802 0.81342 0.37752 0.815179 0.375735 0.804451 0.369759 0.817152 0.367753 0.806548 0.698946 0.670296 0.699217 0.682714 0.691826 0.683059 0.690493 0.670849 0.686184 0.683788 0.683637 0.671479 0.681293 0.685178 0.678299 0.672612 0.675486 0.687369 0.672481 0.674906 0.668778 0.689759 0.665619 0.677519 0.66186 0.691899 0.658509 0.679871 0.655018 0.693936 0.651517 0.682001 0.648271 0.695985 0.644685 0.684036 0.641652 0.698012 0.637927 0.686034 0.634362 0.674254 0.631263 0.68815 0.627401 0.676563 0.624673 0.690605 0.620364 0.679303 0.430546 0.779507 0.431777 0.790553 0.42477 0.791754 0.433186 0.801531 0.426526 0.802694 0.419829 0.804224 0.42842 0.813412 0.422045 0.814855 0.415335 0.816462 0.413057 0.806018 0.408383 0.818199 0.406104 0.80793 0.401279 0.819987 0.398856 0.809874 0.394282 0.821788 0.403832 0.830015 0.396962 0.831797 0.389913 0.83374 0.387102 0.823669 0.382611 0.835592 0.379613 0.825572 0.375399 0.83731 0.372217 0.827332 0.700274 0.694952 0.702719 0.707023 0.696798 0.707883 0.693888 0.69568 0.692134 0.709292 0.689014 0.696574 0.687038 0.711287 0.684182 0.698227 0.681026 0.713465 0.678259 0.700356 0.674495 0.715316 0.671749 0.702382 0.667892 0.716994 0.665082 0.704283 0.661425 0.718659 0.658431 0.70621 0.654939 0.720405 0.651839 0.708116 0.648591 0.722136 0.645405 0.710035 0.642337 0.724146 0.639072 0.71208 0.63531 0.700056 0.632872 0.714141 0.629053 0.702246 0.636171 0.72615 0.434861 0.81216 0.436953 0.822559 0.430687 0.824005 0.439795 0.833061 0.433412 0.834621 0.426874 0.836047 0.424337 0.825414 0.420044 0.837437 0.417622 0.826829 0.413318 0.838946 0.41086 0.828414 0.406471 0.840567 0.415604 0.849687 0.408932 0.851525 0.402489 0.853548 0.399782 0.842337 0.396092 0.855378 0.393123 0.844159 0.388872 0.856982 0.385739 0.845917 0.381336 0.858237 0.378579 0.847326 0.706521 0.718428 0.710871 0.729823 0.704043 0.730615 0.700333 0.719482 0.698849 0.732 0.695482 0.721089 0.693475 0.734284 0.690188 0.723339 0.687041 0.737013 0.683852 0.725826 0.680171 0.739341 0.67718 0.727835 0.673328 0.741248 0.670576 0.729513 0.66666 0.742827 0.664057 0.731055 0.660209 0.74449 0.657595 0.732623 0.653871 0.746303 0.651211 0.734378 0.647615 0.748423 0.644947 0.736392 0.641433 0.750653 0.638686 0.73848 0.650437 0.759773 0.644295 0.762281 0.44242 0.843982 0.444777 0.854997 0.438262 0.856199 0.435983 0.845411 0.431578 0.857372 0.429298 0.846763 0.424842 0.858808 0.422417 0.848172 0.418179 0.860521 0.427289 0.869005 0.420862 0.870905 0.41447 0.873055 0.411669 0.862598 0.408083 0.875234 0.405313 0.864744 0.401583 0.877465 0.398877 0.866737 0.394665 0.879601 0.391807 0.8685 0.387434 0.881613 0.384233 0.869962 0.714394 0.741761 0.716088 0.753698 0.709306 0.753171 0.707276 0.741891 0.704086 0.753461 0.70193 0.742793 0.698957 0.754603 0.696714 0.744713 0.69257 0.756519 0.690307 0.74715 0.685677 0.75858 0.683284 0.749622 0.67871 0.760659 0.676167 0.751631 0.672089 0.762642 0.669376 0.753402 0.665707 0.764874 0.662867 0.755337 0.659627 0.767432 0.656583 0.757443 0.653704 0.770092 0.66318 0.776271 0.657698 0.779517 0.652405 0.782639 0.647968 0.772829 0.446764 0.865696 0.448498 0.876209 0.442072 0.876521 0.440345 0.866527 0.435597 0.877279 0.433787 0.867534 0.429414 0.878716 0.425914 0.889638 0.423363 0.88058 0.420506 0.891438 0.41726 0.882682 0.414905 0.893521 0.411132 0.884909 0.409143 0.895878 0.404813 0.88727 0.402899 0.898743 0.398155 0.889871 0.396585 0.902145 0.39133 0.892582 0.716138 0.765237 0.714143 0.775997 0.708941 0.773562 0.709856 0.763837 0.705022 0.763548 0.699968 0.76421 0.693931 0.765407 0.688559 0.775255 0.687402 0.7669 0.683238 0.776775 0.680973 0.768728 0.67791 0.778769 0.674845 0.770876 0.672576 0.781129 0.668906 0.773401 0.667465 0.784193 0.662723 0.787858 0.66622 0.799829 0.65808 0.791973 0.448879 0.886835 0.446656 0.897191 0.67404 0.804096 0.441817 0.903938 0.681702 0.805251 0.436126 0.908673 0.432603 0.90367 0.428838 0.897337 0.430566 0.911798 0.427337 0.90608 0.42389 0.899339 0.422168 0.907773 0.418884 0.900934 0.424494 0.913857 0.694509 0.802052 0.688339 0.804661 0.686341 0.798787 0.691455 0.796848 0.696774 0.793905 0.700049 0.797753 0.688664 0.791069 0.693431 0.789124 0.702191 0.788332 0.705707 0.791734 0.706061 0.781855 0.710096 0.785284 0.685942 0.784496 0.690644 0.78318 0.684078 0.792842 0.681144 0.786178 0.426343 0.617799 0.417971 0.626884 0.433166 0.625766 0.425537 0.633531 0.439678 0.633489 0.432175 0.640743 0.42614 0.649885 0.439119 0.649016 0.433839 0.657103 0.429206 0.665234 0.440625 0.665087 0.435326 0.672312 0.428825 0.680103 0.424187 0.673372 0.570737 0.611308 0.570299 0.620061 0.559386 0.615969 0.560116 0.605472 0.550845 0.613166 0.550986 0.601321 0.543008 0.613084 0.542248 0.600929 0.533397 0.615051 0.531439 0.602512 0.524203 0.617295 0.52114 0.604915 0.51858 0.59226 0.515967 0.580905 0.51177 0.607763 0.508195 0.595281 0.505226 0.584086 0.500173 0.573393 0.511992 0.57048 0.498933 0.599004 0.495035 0.587833 0.489276 0.576941 0.483922 0.592831 0.47837 0.58185 0.473245 0.598738 0.468056 0.587681 0.465946 0.602923 0.460744 0.592281 0.45876 0.606557 0.453488 0.59652 0.449617 0.611627 0.444266 0.602544 0.440905 0.618441 0.435033 0.609654 0.453973 0.622324 0.446476 0.627838 0.459263 0.632477 0.451863 0.636866 0.445408 0.642088 0.45807 0.647677 0.451793 0.652518 0.446008 0.658403 0.457891 0.663298 0.452121 0.668532 0.446483 0.674459 0.457911 0.678493 0.452128 0.684052 0.445548 0.690444 0.440545 0.68102 0.437402 0.697506 0.432897 0.688462 0.56922 0.629291 0.568828 0.639701 0.560145 0.637911 0.559192 0.62652 0.553875 0.637357 0.552019 0.62484 0.547008 0.638174 0.544759 0.625312 0.538964 0.639745 0.536031 0.627327 0.530918 0.641622 0.527544 0.629455 0.523001 0.643641 0.519296 0.631557 0.515546 0.619609 0.511012 0.633916 0.506833 0.622407 0.502647 0.611013 0.497335 0.626145 0.492532 0.615364 0.488347 0.604108 0.482335 0.620809 0.477762 0.609954 0.475145 0.625056 0.470604 0.614062 0.467898 0.628523 0.46301 0.617498 0.479978 0.635648 0.473495 0.639309 0.46547 0.643411 0.479281 0.649698 0.471672 0.653955 0.464272 0.658568 0.477177 0.664069 0.469849 0.668649 0.463537 0.673451 0.475137 0.67863 0.469219 0.683354 0.46368 0.688271 0.474991 0.693349 0.469432 0.698142 0.463455 0.703334 0.457793 0.693616 0.456446 0.709187 0.450826 0.699846 0.449456 0.71475 0.443107 0.70615 0.569823 0.650775 0.572195 0.662425 0.565489 0.662094 0.562374 0.649985 0.559608 0.66294 0.556512 0.650212 0.552751 0.664164 0.549706 0.65121 0.545548 0.665193 0.542116 0.652394 0.538319 0.666261 0.53463 0.653857 0.530899 0.667914 0.526975 0.65578 0.522629 0.670472 0.51919 0.658191 0.515191 0.645846 0.510559 0.661661 0.506808 0.64905 0.502215 0.637273 0.497861 0.653514 0.492731 0.641953 0.487291 0.631153 0.485317 0.646347 0.490543 0.657341 0.484502 0.660204 0.495281 0.668249 0.489118 0.670548 0.482007 0.674167 0.493538 0.681036 0.4868 0.684454 0.480566 0.688771 0.491862 0.695155 0.486116 0.699092 0.480647 0.703473 0.491496 0.709108 0.485931 0.713488 0.480248 0.718352 0.475099 0.708162 0.474047 0.723812 0.468909 0.713456 0.467736 0.729206 0.462134 0.718985 0.462758 0.733657 0.456179 0.723849 0.57421 0.674559 0.576032 0.686954 0.570854 0.687502 0.56825 0.674439 0.565364 0.688608 0.562608 0.675515 0.558866 0.68951 0.555937 0.676711 0.552047 0.690154 0.548794 0.677633 0.545173 0.690796 0.541789 0.678584 0.537697 0.691907 0.534367 0.679931 0.529268 0.693997 0.525751 0.682384 0.521059 0.696618 0.516799 0.685647 0.513584 0.674024 0.509958 0.688122 0.505733 0.677206 0.501989 0.665587 0.499746 0.678977 0.504498 0.689583 0.498262 0.691823 0.509624 0.70003 0.503567 0.702176 0.497296 0.705308 0.508555 0.711806 0.502263 0.714896 0.496496 0.718622 0.506867 0.723868 0.50125 0.727433 0.496173 0.731819 0.491047 0.722925 0.491015 0.736923 0.485447 0.727982 0.485493 0.742678 0.479316 0.733632 0.480406 0.748273 0.473554 0.738952 0.476633 0.753142 0.469402 0.743562 0.578378 0.699592 0.580681 0.712341 0.57559 0.713289 0.573434 0.700712 0.569781 0.714374 0.567702 0.701895 0.563207 0.714872 0.561232 0.702597 0.556723 0.715079 0.554719 0.702876 0.550037 0.715501 0.54805 0.703304 0.542658 0.716369 0.540732 0.704159 0.5355 0.717542 0.532909 0.705707 0.529537 0.718095 0.525616 0.707533 0.524423 0.718278 0.519995 0.708833 0.514901 0.698645 0.514698 0.709867 0.518941 0.719075 0.512781 0.72097 0.522359 0.727748 0.516651 0.729779 0.511368 0.732631 0.520531 0.737764 0.515765 0.740499 0.511451 0.743872 0.50644 0.736102 0.507676 0.747854 0.501728 0.740181 0.503872 0.752657 0.497347 0.745111 0.500275 0.758019 0.492822 0.750755 0.496235 0.763677 0.48819 0.756482 0.492822 0.769042 0.484423 0.761735 0.58214 0.724093 0.581835 0.734643 0.576723 0.734161 0.576868 0.724539 0.571313 0.734525 0.571201 0.725243 0.565152 0.73485 0.564729 0.725582 0.558814 0.734907 0.558093 0.725744 0.552032 0.735018 0.551107 0.726152 0.545314 0.735293 0.543684 0.726881 0.539426 0.735464 0.537425 0.727372 0.534957 0.735491 0.532525 0.727301 0.530757 0.735637 0.527805 0.727109 0.525791 0.736065 0.533196 0.743051 0.529107 0.74353 0.524472 0.744797 0.532134 0.749716 0.528107 0.750862 0.519968 0.747221 0.516095 0.750271 0.512831 0.7539 0.515628 0.762675 0.509984 0.758302 0.514167 0.767391 0.507268 0.763481 0.50421 0.769056 0.50191 0.774267 0.580094 0.743924 0.57531 0.742395 0.567874 0.750209 0.570163 0.742794 0.562393 0.751015 0.564388 0.743262 0.556545 0.751017 0.558558 0.743412 0.559631 0.757968 0.553351 0.757253 0.54502 0.767606 0.539127 0.775021 0.537698 0.76999 0.541406 0.763695 0.541865 0.755886 0.539396 0.749521 0.53759 0.755278 0.53555 0.749464 0.537127 0.742973 0.53405 0.755505 0.530398 0.756226 0.531894 0.778678 0.532605 0.772703 0.526842 0.769479 0.520905 0.769178 0.521573 0.765233 0.52692 0.765621 0.565333 0.757404 0.760712 0.424802 0.770649 0.413425 0.775725 0.424796 0.783814 0.410856 0.788232 0.422209 0.795376 0.407566 0.798946 0.417966 0.803691 0.42774 0.809812 0.41311 0.814208 0.422169 0.819571 0.43049 0.809663 0.436237 0.825839 0.437814 0.816982 0.443186 0.832684 0.44446 0.824674 0.449286 0.817828 0.453641 0.814014 0.457813 0.237547 0.74155 0.235181 0.751764 0.225525 0.747642 0.228464 0.736168 0.232957 0.725431 0.240837 0.73264 0.218692 0.73226 0.21619 0.74487 0.20642 0.743169 0.208585 0.7302 0.196275 0.742045 0.197718 0.729533 0.185311 0.741583 0.186308 0.729679 0.186814 0.71811 0.186744 0.707047 0.172714 0.729916 0.173149 0.719272 0.172994 0.709387 0.172483 0.6999 0.186564 0.696626 0.774997 0.32875 0.781052 0.333281 0.776432 0.345146 0.769592 0.322877 0.788434 0.334887 0.78536 0.346743 0.783309 0.355795 0.794596 0.346759 0.793204 0.3557 0.792055 0.366522 0.781721 0.366942 0.791601 0.376846 0.78083 0.377855 0.791824 0.386936 0.780845 0.388878 0.792977 0.397242 0.781494 0.400276 0.802905 0.384638 0.804061 0.394097 0.806408 0.403646 0.815543 0.390728 0.817692 0.399413 0.820944 0.40817 0.829707 0.395147 0.832297 0.403371 0.836118 0.411525 0.825036 0.416853 0.840766 0.419259 0.830006 0.424943 0.846041 0.426759 0.835677 0.432322 0.85171 0.434025 0.841881 0.439365 0.231016 0.773952 0.228788 0.785137 0.219554 0.782559 0.221596 0.771276 0.22349 0.75955 0.232944 0.762574 0.212236 0.769045 0.214139 0.757312 0.202661 0.767246 0.20446 0.755554 0.19266 0.765996 0.194422 0.75429 0.181267 0.765063 0.183415 0.753439 0.167693 0.763724 0.16972 0.752414 0.171622 0.741086 0.796735 0.335006 0.805517 0.335261 0.804038 0.346052 0.814811 0.335245 0.813778 0.344868 0.813498 0.353574 0.803141 0.354916 0.813371 0.363583 0.802606 0.36525 0.813615 0.373019 0.80248 0.375118 0.814364 0.381944 0.825323 0.370308 0.826542 0.378694 0.827917 0.386899 0.839004 0.374884 0.840512 0.38304 0.842312 0.390988 0.85298 0.379077 0.854979 0.386981 0.857292 0.394663 0.84457 0.398853 0.860257 0.402272 0.847814 0.406525 0.863907 0.40973 0.852076 0.414119 0.867902 0.417059 0.85668 0.421499 0.872186 0.424391 0.861669 0.428794 0.226071 0.795505 0.223282 0.805596 0.214955 0.803843 0.217184 0.793341 0.206169 0.802112 0.208245 0.791423 0.210294 0.780442 0.199058 0.789719 0.200974 0.778634 0.189232 0.78807 0.191135 0.777239 0.177478 0.78637 0.17919 0.775939 0.165897 0.784847 0.166485 0.774574 0.824273 0.334814 0.833767 0.333631 0.834265 0.341253 0.823932 0.343384 0.835217 0.349515 0.824211 0.351993 0.836231 0.35846 0.824496 0.361546 0.837468 0.36674 0.848027 0.354221 0.849561 0.362672 0.851175 0.371018 0.861202 0.358739 0.863032 0.367016 0.865074 0.375084 0.874646 0.363162 0.876836 0.371197 0.879141 0.37917 0.867323 0.383013 0.881647 0.387045 0.869786 0.390803 0.884452 0.394764 0.872656 0.398458 0.887835 0.402323 0.876001 0.406018 0.891582 0.409879 0.879774 0.413466 0.895364 0.417544 0.883661 0.42102 0.221508 0.816124 0.220009 0.827087 0.211382 0.825619 0.213024 0.814561 0.20273 0.823932 0.20441 0.812931 0.193972 0.822216 0.195565 0.811203 0.197226 0.800429 0.18635 0.809574 0.187664 0.798766 0.175543 0.807814 0.176273 0.796826 0.164641 0.806054 0.165397 0.795188 0.843703 0.33064 0.854359 0.326247 0.855912 0.33377 0.844943 0.337844 0.857697 0.341147 0.846452 0.345513 0.859517 0.350058 0.869003 0.337206 0.870907 0.346172 0.87271 0.354923 0.882508 0.342749 0.884534 0.351296 0.886591 0.359291 0.896608 0.347874 0.898809 0.355894 0.900631 0.363885 0.888588 0.367337 0.902397 0.371795 0.890727 0.375359 0.904543 0.379396 0.893081 0.383175 0.907244 0.386663 0.895918 0.39077 0.910406 0.393734 0.899285 0.398206 0.91421 0.400829 0.903025 0.405673 0.917966 0.408035 0.906945 0.413287 0.218555 0.838333 0.216969 0.849194 0.2085 0.847523 0.209856 0.836696 0.19962 0.845844 0.201029 0.834927 0.190763 0.844282 0.192292 0.833271 0.18196 0.842992 0.183583 0.831862 0.185097 0.82068 0.173633 0.830355 0.174782 0.81906 0.162151 0.828443 0.163491 0.817241 0.865556 0.321642 0.87718 0.317719 0.878559 0.326624 0.867184 0.329876 0.880447 0.333876 0.890214 0.323968 0.891981 0.331016 0.894356 0.339444 0.90381 0.328366 0.906205 0.336306 0.908633 0.344728 0.918033 0.333218 0.920402 0.341606 0.922648 0.349858 0.91094 0.352863 0.924637 0.357793 0.912842 0.360919 0.926411 0.365147 0.914329 0.368532 0.928312 0.371876 0.916216 0.375572 0.930576 0.37822 0.918748 0.38236 0.933294 0.384507 0.921683 0.38892 0.936682 0.390944 0.925279 0.395608 0.940357 0.397477 0.929128 0.402669 0.215359 0.859786 0.213235 0.870035 0.20541 0.868466 0.207171 0.858124 0.197321 0.866985 0.198482 0.856493 0.188586 0.865657 0.189558 0.855045 0.179777 0.864503 0.180611 0.853825 0.170012 0.863333 0.170791 0.852581 0.172205 0.841543 0.159683 0.850898 0.160765 0.839678 0.889362 0.314836 0.902006 0.312913 0.902302 0.321751 0.914777 0.310941 0.914702 0.319395 0.91583 0.325617 0.926835 0.316603 0.927853 0.322762 0.929679 0.33007 0.938978 0.320152 0.940188 0.327094 0.941534 0.335281 0.931628 0.338415 0.943289 0.343504 0.93364 0.346615 0.945351 0.35119 0.935662 0.354408 0.947621 0.358263 0.937705 0.361602 0.950024 0.364784 0.939801 0.368198 0.952604 0.370918 0.942144 0.374391 0.955748 0.376919 0.945007 0.380546 0.959261 0.382681 0.948178 0.386781 0.963029 0.388261 0.951952 0.392941 0.210391 0.880236 0.208153 0.890581 0.201197 0.889382 0.203205 0.878916 0.193973 0.888307 0.195625 0.877681 0.1863 0.887206 0.187548 0.876402 0.178171 0.885946 0.179086 0.875274 0.16934 0.884671 0.169673 0.873952 0.15975 0.883251 0.159523 0.87251 0.159383 0.861905 0.92714 0.308324 0.939522 0.305631 0.93857 0.314031 0.952117 0.304455 0.949855 0.312553 0.949226 0.318656 0.960646 0.312936 0.958917 0.318536 0.958367 0.324369 0.949645 0.325064 0.958257 0.331455 0.950294 0.332871 0.958805 0.339257 0.951507 0.341021 0.960462 0.346364 0.953503 0.348602 0.962985 0.352483 0.955887 0.355467 0.966247 0.35786 0.958851 0.361663 0.969938 0.362822 0.961874 0.36732 0.974043 0.367179 0.965466 0.372583 0.97841 0.37124 0.969293 0.377586 0.982901 0.375241 0.973383 0.382526 0.206175 0.901004 0.203721 0.911302 0.197498 0.909353 0.199511 0.899648 0.190973 0.907731 0.192532 0.898361 0.183778 0.906441 0.184969 0.897172 0.176332 0.905679 0.177103 0.8961 0.168338 0.905249 0.168726 0.895169 0.159567 0.904814 0.15972 0.894135 0.168912 0.914341 0.160409 0.914483 0.964449 0.30585 0.974885 0.310206 0.970105 0.31561 0.975039 0.323072 0.9676 0.320031 0.973238 0.327783 0.966419 0.325054 0.981136 0.32723 0.97896 0.331469 0.985806 0.331954 0.983006 0.335806 0.979032 0.340046 0.974698 0.344499 0.977999 0.348458 0.972632 0.353347 0.969391 0.348801 0.981658 0.351675 0.976548 0.35732 0.986151 0.354288 0.980851 0.360642 0.990907 0.356114 0.985667 0.363519 0.996036 0.356973 0.991062 0.366184 0.99408 0.348298 0.999143 0.348476 0.994828 0.341425 1 0.340199 0.182845 0.930009 0.182605 0.923175 0.993047 0.334993 0.997836 0.332467 0.176638 0.929875 0.176701 0.92266 0.176308 0.91454 0.182865 0.915186 0.185565 0.687031 0.199021 0.68344 0.17134 0.69108 0.169675 0.682574 0.183369 0.678108 0.764433 0.317052 0.196579 0.673728 0.211905 0.678959 0.664616 0.279885 0.676693 0.263082 0.692931 0.247648 0.169749 0.374961 </float_array>
          <technique_common>
            <accessor count="4616" offset="0" source="#meshId0-tex0-array" stride="2">
              <param name="S" type="float" />
              <param name="T" type="float" />
            </accessor>
          </technique_common>
        </source>
        <vertices id="meshId0-vertices">
          <input semantic="POSITION" source="#meshId0-positions" />
        </vertices>
        <polylist count="8664" material="defaultMaterial">
          <input offset="0" semantic="VERTEX" source="#meshId0-vertices" />
          <input offset="0" semantic="NORMAL" source="#meshId0-normals" />
          <input offset="0" semantic="TANGENT" source="#meshId0-tangents" />
          <input offset="0" semantic="BINORMAL" source="#meshId0-bitangents" />
          <input offset="0" semantic="TEXCOORD" source="#meshId0-tex0" set="0" />
          <vcount>3 3 3 3 3 3 3 3 3 3 3 3 3 3 3 3 3 3 3 3 3 3 3 3 3 3 3 3 3 3 3 3 3 3 3 3 3 3 3 3 3 3 3 3 3 3 3 3 3 3 3 3 3 3 3 3 3 3 3 3 3 3 3 3 3 3 3 3 3 3 3 3 3 3 3 3 3 3 3 3 3 3 3 3 3 3 3 3 3 3 3 3 3 3 3 3 3 3 3 3 3 3 3 3 3 3 3 3 3 3 3 3 3 3 3 3 3 3 3 3 3 3 3 3 3 3 3 3 3 3 3 3 3 3 3 3 3 3 3 3 3 3 3 3 3 3 3 3 3 3 3 3 3 3 3 3 3 3 3 3 3 3 3 3 3 3 3 3 3 3 3 3 3 3 3 3 3 3 3 3 3 3 3 3 3 3 3 3 3 3 3 3 3 3 3 3 3 3 3 3 3 3 3 3 3 3 3 3 3 3 3 3 3 3 3 3 3 3 3 3 3 3 3 3 3 3 3 3 3 3 3 3 3 3 3 3 3 3 3 3 3 3 3 3 3 3 3 3 3 3 3 3 3 3 3 3 3 3 3 3 3 3 3 3 3 3 3 3 3 3 3 3 3 3 3 3 3 3 3 3 3 3 3 3 3 3 3 3 3 3 3 3 3 3 3 3 3 3 3 3 3 3 3 3 3 3 3 3 3 3 3 3 3 3 3 3 3 3 3 3 3 3 3 3 3 3 3 3 3 3 3 3 3 3 3 3 3 3 3 3 3 3 3 3 3 3 3 3 3 3 3 3 3 3 3 3 3 3 3 3 3 3 3 3 3 3 3 3 3 3 3 3 3 3 3 3 3 3 3 3 3 3 3 3 3 3 3 3 3 3 3 3 3 3 3 3 3 3 3 3 3 3 3 3 3 3 3 3 3 3 3 3 3 3 3 3 3 3 3 3 3 3 3 3 3 3 3 3 3 3 3 3 3 3 3 3 3 3 3 3 3 3 3 3 3 3 3 3 3 3 3 3 3 3 3 3 3 3 3 3 3 3 3 3 3 3 3 3 3 3 3 3 3 3 3 3 3 3 3 3 3 3 3 3 3 3 3 3 3 3 3 3 3 3 3 3 3 3 3 3 3 3 3 3 3 3 3 3 3 3 3 3 3 3 3 3 3 3 3 3 3 3 3 3 3 3 3 3 3 3 3 3 3 3 3 3 3 3 3 3 3 3 3 3 3 3 3 3 3 3 3 3 3 3 3 3 3 3 3 3 3 3 3 3 3 3 3 3 3 3 3 3 3 3 3 3 3 3 3 3 3 3 3 3 3 3 3 3 3 3 3 3 3 3 3 3 3 3 3 3 3 3 3 3 3 3 3 3 3 3 3 3 3 3 3 3 3 3 3 3 3 3 3 3 3 3 3 3 3 3 3 3 3 3 3 3 3 3 3 3 3 3 3 3 3 3 3 3 3 3 3 3 3 3 3 3 3 3 3 3 3 3 3 3 3 3 3 3 3 3 3 3 3 3 3 3 3 3 3 3 3 3 3 3 3 3 3 3 3 3 3 3 3 3 3 3 3 3 3 3 3 3 3 3 3 3 3 3 3 3 3 3 3 3 3 3 3 3 3 3 3 3 3 3 3 3 3 3 3 3 3 3 3 3 3 3 3 3 3 3 3 3 3 3 3 3 3 3 3 3 3 3 3 3 3 3 3 3 3 3 3 3 3 3 3 3 3 3 3 3 3 3 3 3 3 3 3 3 3 3 3 3 3 3 3 3 3 3 3 3 3 3 3 3 3 3 3 3 3 3 3 3 3 3 3 3 3 3 3 3 3 3 3 3 3 3 3 3 3 3 3 3 3 3 3 3 3 3 3 3 3 3 3 3 3 3 3 3 3 3 3 3 3 3 3 3 3 3 3 3 3 3 3 3 3 3 3 3 3 3 3 3 3 3 3 3 3 3 3 3 3 3 3 3 3 3 3 3 3 3 3 3 3 3 3 3 3 3 3 3 3 3 3 3 3 3 3 3 3 3 3 3 3 3 3 3 3 3 3 3 3 3 3 3 3 3 3 3 3 3 3 3 3 3 3 3 3 3 3 3 3 3 3 3 3 3 3 3 3 3 3 3 3 3 3 3 3 3 3 3 3 3 3 3 3 3 3 3 3 3 3 3 3 3 3 3 3 3 3 3 3 3 3 3 3 3 3 3 3 3 3 3 3 3 3 3 3 3 3 3 3 3 3 3 3 3 3 3 3 3 3 3 3 3 3 3 3 3 3 3 3 3 3 3 3 3 3 3 3 3 3 3 3 3 3 3 3 3 3 3 3 3 3 3 3 3 3 3 3 3 3 3 3 3 3 3 3 3 3 3 3 3 3 3 3 3 3 3 3 3 3 3 3 3 3 3 3 3 3 3 3 3 3 3 3 3 3 3 3 3 3 3 3 3 3 3 3 3 3 3 3 3 3 3 3 3 3 3 3 3 3 3 3 3 3 3 3 3 3 3 3 3 3 3 3 3 3 3 3 3 3 3 3 3 3 3 3 3 3 3 3 3 3 3 3 3 3 3 3 3 3 3 3 3 3 3 3 3 3 3 3 3 3 3 3 3 3 3 3 3 3 3 3 3 3 3 3 3 3 3 3 3 3 3 3 3 3 3 3 3 3 3 3 3 3 3 3 3 3 3 3 3 3 3 3 3 3 3 3 3 3 3 3 3 3 3 3 3 3 3 3 3 3 3 3 3 3 3 3 3 3 3 3 3 3 3 3 3 3 3 3 3 3 3 3 3 3 3 3 3 3 3 3 3 3 3 3 3 3 3 3 3 3 3 3 3 3 3 3 3 3 3 3 3 3 3 3 3 3 3 3 3 3 3 3 3 3 3 3 3 3 3 3 3 3 3 3 3 3 3 3 3 3 3 3 3 3 3 3 3 3 3 3 3 3 3 3 3 3 3 3 3 3 3 3 3 3 3 3 3 3 3 3 3 3 3 3 3 3 3 3 3 3 3 3 3 3 3 3 3 3 3 3 3 3 3 3 3 3 3 3 3 3 3 3 3 3 3 3 3 3 3 3 3 3 3 3 3 3 3 3 3 3 3 3 3 3 3 3 3 3 3 3 3 3 3 3 3 3 3 3 3 3 3 3 3 3 3 3 3 3 3 3 3 3 3 3 3 3 3 3 3 3 3 3 3 3 3 3 3 3 3 3 3 3 3 3 3 3 3 3 3 3 3 3 3 3 3 3 3 3 3 3 3 3 3 3 3 3 3 3 3 3 3 3 3 3 3 3 3 3 3 3 3 3 3 3 3 3 3 3 3 3 3 3 3 3 3 3 3 3 3 3 3 3 3 3 3 3 3 3 3 3 3 3 3 3 3 3 3 3 3 3 3 3 3 3 3 3 3 3 3 3 3 3 3 3 3 3 3 3 3 3 3 3 3 3 3 3 3 3 3 3 3 3 3 3 3 3 3 3 3 3 3 3 3 3 3 3 3 3 3 3 3 3 3 3 3 3 3 3 3 3 3 3 3 3 3 3 3 3 3 3 3 3 3 3 3 3 3 3 3 3 3 3 3 3 3 3 3 3 3 3 3 3 3 3 3 3 3 3 3 3 3 3 3 3 3 3 3 3 3 3 3 3 3 3 3 3 3 3 3 3 3 3 3 3 3 3 3 3 3 3 3 3 3 3 3 3 3 3 3 3 3 3 3 3 3 3 3 3 3 3 3 3 3 3 3 3 3 3 3 3 3 3 3 3 3 3 3 3 3 3 3 3 3 3 3 3 3 3 3 3 3 3 3 3 3 3 3 3 3 3 3 3 3 3 3 3 3 3 3 3 3 3 3 3 3 3 3 3 3 3 3 3 3 3 3 3 3 3 3 3 3 3 3 3 3 3 3 3 3 3 3 3 3 3 3 3 3 3 3 3 3 3 3 3 3 3 3 3 3 3 3 3 3 3 3 3 3 3 3 3 3 3 3 3 3 3 3 3 3 3 3 3 3 3 3 3 3 3 3 3 3 3 3 3 3 3 3 3 3 3 3 3 3 3 3 3 3 3 3 3 3 3 3 3 3 3 3 3 3 3 3 3 3 3 3 3 3 3 3 3 3 3 3 3 3 3 3 3 3 3 3 3 3 3 3 3 3 3 3 3 3 3 3 3 3 3 3 3 3 3 3 3 3 3 3 3 3 3 3 3 3 3 3 3 3 3 3 3 3 3 3 3 3 3 3 3 3 3 3 3 3 3 3 3 3 3 3 3 3 3 3 3 3 3 3 3 3 3 3 3 3 3 3 3 3 3 3 3 3 3 3 3 3 3 3 3 3 3 3 3 3 3 3 3 3 3 3 3 3 3 3 3 3 3 3 3 3 3 3 3 3 3 3 3 3 3 3 3 3 3 3 3 3 3 3 3 3 3 3 3 3 3 3 3 3 3 3 3 3 3 3 3 3 3 3 3 3 3 3 3 3 3 3 3 3 3 3 3 3 3 3 3 3 3 3 3 3 3 3 3 3 3 3 3 3 3 3 3 3 3 3 3 3 3 3 3 3 3 3 3 3 3 3 3 3 3 3 3 3 3 3 3 3 3 3 3 3 3 3 3 3 3 3 3 3 3 3 3 3 3 3 3 3 3 3 3 3 3 3 3 3 3 3 3 3 3 3 3 3 3 3 3 3 3 3 3 3 3 3 3 3 3 3 3 3 3 3 3 3 3 3 3 3 3 3 3 3 3 3 3 3 3 3 3 3 3 3 3 3 3 3 3 3 3 3 3 3 3 3 3 3 3 3 3 3 3 3 3 3 3 3 3 3 3 3 3 3 3 3 3 3 3 3 3 3 3 3 3 3 3 3 3 3 3 3 3 3 3 3 3 3 3 3 3 3 3 3 3 3 3 3 3 3 3 3 3 3 3 3 3 3 3 3 3 3 3 3 3 3 3 3 3 3 3 3 3 3 3 3 3 3 3 3 3 3 3 3 3 3 3 3 3 3 3 3 3 3 3 3 3 3 3 3 3 3 3 3 3 3 3 3 3 3 3 3 3 3 3 3 3 3 3 3 3 3 3 3 3 3 3 3 3 3 3 3 3 3 3 3 3 3 3 3 3 3 3 3 3 3 3 3 3 3 3 3 3 3 3 3 3 3 3 3 3 3 3 3 3 3 3 3 3 3 3 3 3 3 3 3 3 3 3 3 3 3 3 3 3 3 3 3 3 3 3 3 3 3 3 3 3 3 3 3 3 3 3 3 3 3 3 3 3 3 3 3 3 3 3 3 3 3 3 3 3 3 3 3 3 3 3 3 3 3 3 3 3 3 3 3 3 3 3 3 3 3 3 3 3 3 3 3 3 3 3 3 3 3 3 3 3 3 3 3 3 3 3 3 3 3 3 3 3 3 3 3 3 3 3 3 3 3 3 3 3 3 3 3 3 3 3 3 3 3 3 3 3 3 3 3 3 3 3 3 3 3 3 3 3 3 3 3 3 3 3 3 3 3 3 3 3 3 3 3 3 3 3 3 3 3 3 3 3 3 3 3 3 3 3 3 3 3 3 3 3 3 3 3 3 3 3 3 3 3 3 3 3 3 3 3 3 3 3 3 3 3 3 3 3 3 3 3 3 3 3 3 3 3 3 3 3 3 3 3 3 3 3 3 3 3 3 3 3 3 3 3 3 3 3 3 3 3 3 3 3 3 3 3 3 3 3 3 3 3 3 3 3 3 3 3 3 3 3 3 3 3 3 3 3 3 3 3 3 3 3 3 3 3 3 3 3 3 3 3 3 3 3 3 3 3 3 3 3 3 3 3 3 3 3 3 3 3 3 3 3 3 3 3 3 3 3 3 3 3 3 3 3 3 3 3 3 3 3 3 3 3 3 3 3 3 3 3 3 3 3 3 3 3 3 3 3 3 3 3 3 3 3 3 3 3 3 3 3 3 3 3 3 3 3 3 3 3 3 3 3 3 3 3 3 3 3 3 3 3 3 3 3 3 3 3 3 3 3 3 3 3 3 3 3 3 3 3 3 3 3 3 3 3 3 3 3 3 3 3 3 3 3 3 3 3 3 3 3 3 3 3 3 3 3 3 3 3 3 3 3 3 3 3 3 3 3 3 3 3 3 3 3 3 3 3 3 3 3 3 3 3 3 3 3 3 3 3 3 3 3 3 3 3 3 3 3 3 3 3 3 3 3 3 3 3 3 3 3 3 3 3 3 3 3 3 3 3 3 3 3 3 3 3 3 3 3 3 3 3 3 3 3 3 3 3 3 3 3 3 3 3 3 3 3 3 3 3 3 3 3 3 3 3 3 3 3 3 3 3 3 3 3 3 3 3 3 3 3 3 3 3 3 3 3 3 3 3 3 3 3 3 3 3 3 3 3 3 3 3 3 3 3 3 3 3 3 3 3 3 3 3 3 3 3 3 3 3 3 3 3 3 3 3 3 3 3 3 3 3 3 3 3 3 3 3 3 3 3 3 3 3 3 3 3 3 3 3 3 3 3 3 3 3 3 3 3 3 3 3 3 3 3 3 3 3 3 3 3 3 3 3 3 3 3 3 3 3 3 3 3 3 3 3 3 3 3 3 3 3 3 3 3 3 3 3 3 3 3 3 3 3 3 3 3 3 3 3 3 3 3 3 3 3 3 3 3 3 3 3 3 3 3 3 3 3 3 3 3 3 3 3 3 3 3 3 3 3 3 3 3 3 3 3 3 3 3 3 3 3 3 3 3 3 3 3 3 3 3 3 3 3 3 3 3 3 3 3 3 3 3 3 3 3 3 3 3 3 3 3 3 3 3 3 3 3 3 3 3 3 3 3 3 3 3 3 3 3 3 3 3 3 3 3 3 3 3 3 3 3 3 3 3 3 3 3 3 3 3 3 3 3 3 3 3 3 3 3 3 3 3 3 3 3 3 3 3 3 3 3 3 3 3 3 3 3 3 3 3 3 3 3 3 3 3 3 3 3 3 3 3 3 3 3 3 3 3 3 3 3 3 3 3 3 3 3 3 3 3 3 3 3 3 3 3 3 3 3 3 3 3 3 3 3 3 3 3 3 3 3 3 3 3 3 3 3 3 3 3 3 3 3 3 3 3 3 3 3 3 3 3 3 3 3 3 3 3 3 3 3 3 3 3 3 3 3 3 3 3 3 3 3 3 3 3 3 3 3 3 3 3 3 3 3 3 3 3 3 3 3 3 3 3 3 3 3 3 3 3 3 3 3 3 3 3 3 3 3 3 3 3 3 3 3 3 3 3 3 3 3 3 3 3 3 3 3 3 3 3 3 3 3 3 3 3 3 3 3 3 3 3 3 3 3 3 3 3 3 3 3 3 3 3 3 3 3 3 3 3 3 3 3 3 3 3 3 3 3 3 3 3 3 3 3 3 3 3 3 3 3 3 3 3 3 3 3 3 3 3 3 3 3 3 3 3 3 3 3 3 3 3 3 3 3 3 3 3 3 3 3 3 3 3 3 3 3 3 3 3 3 3 3 3 3 3 3 3 3 3 3 3 3 3 3 3 3 3 3 3 3 3 3 3 3 3 3 3 3 3 3 3 3 3 3 3 3 3 3 3 3 3 3 3 3 3 3 3 3 3 3 3 3 3 3 3 3 3 3 3 3 3 3 3 3 3 3 3 3 3 3 3 3 3 3 3 3 3 3 3 3 3 3 3 3 3 3 3 3 3 3 3 3 3 3 3 3 3 3 3 3 3 3 3 3 3 3 3 3 3 3 3 3 3 3 3 3 3 3 3 3 3 3 3 3 3 3 3 3 3 3 3 3 3 3 3 3 3 3 3 3 3 3 3 3 3 3 3 3 3 3 3 3 3 3 3 3 3 3 3 3 3 3 3 3 3 3 3 3 3 3 3 3 3 3 3 3 3 3 3 3 3 3 3 3 3 3 3 3 3 3 3 3 3 3 3 3 3 3 3 3 3 3 3 3 3 3 3 3 3 3 3 3 3 3 3 3 3 3 3 3 3 3 3 3 3 3 3 3 3 3 3 3 3 3 3 3 3 3 3 3 3 3 3 3 3 3 3 3 3 3 3 3 3 3 3 3 3 3 3 3 3 3 3 3 3 3 3 3 3 3 3 3 3 3 3 3 3 3 3 3 3 3 3 3 3 3 3 3 3 3 3 3 3 3 3 3 3 3 3 3 3 3 3 3 3 3 3 3 3 3 3 3 3 3 3 3 3 3 3 3 3 3 3 3 3 3 3 3 3 3 3 3 3 3 3 3 3 3 3 3 3 3 3 3 3 3 3 3 3 3 3 3 3 3 3 3 3 3 3 3 3 3 3 3 3 3 3 3 3 3 3 3 3 3 3 3 3 3 3 3 3 3 3 3 3 3 3 3 3 3 3 3 3 3 3 3 3 3 3 3 3 3 3 3 3 3 3 3 3 3 3 3 3 3 3 3 3 3 3 3 3 3 3 3 3 3 3 3 3 3 3 3 3 3 3 3 3 3 3 3 3 3 3 3 3 3 3 3 3 3 3 3 3 3 3 3 3 3 3 3 3 3 3 3 3 3 3 3 3 3 3 3 3 3 3 3 3 3 3 3 3 3 3 3 3 3 3 3 3 3 3 3 3 3 3 3 3 3 3 3 3 3 3 3 3 3 3 3 3 3 3 3 3 3 3 3 3 3 3 3 3 3 3 3 3 3 3 3 3 3 3 3 3 3 3 3 3 3 3 3 3 3 3 3 3 3 3 3 3 3 3 3 3 3 3 3 3 3 3 3 3 3 3 3 3 3 3 3 3 3 3 3 3 3 3 3 3 3 3 3 3 3 3 3 3 3 3 3 3 3 3 3 3 3 3 3 3 3 3 3 3 3 3 3 3 3 3 3 3 3 3 3 3 3 3 3 3 3 3 3 3 3 3 3 3 3 3 3 3 3 3 3 3 3 3 3 3 3 3 3 3 3 3 3 3 3 3 3 3 3 3 3 3 3 3 3 3 3 3 3 3 3 3 3 3 3 3 3 3 3 3 3 3 3 3 3 3 3 3 3 3 3 3 3 3 3 3 3 3 3 3 3 3 3 3 3 3 3 3 3 3 3 3 3 3 3 3 3 3 3 3 3 3 3 3 3 3 3 3 3 3 3 3 3 3 3 3 3 3 3 3 3 3 3 3 3 3 3 3 3 3 3 3 3 3 3 3 3 3 3 3 3 3 3 3 3 3 3 3 3 3 3 3 3 3 3 3 3 3 3 3 3 3 3 3 3 3 3 3 3 3 3 3 3 3 3 3 3 3 3 3 3 3 3 3 3 3 3 3 3 3 3 3 3 3 3 3 3 3 3 3 3 3 3 3 3 3 3 3 3 3 3 3 3 3 3 3 3 3 3 3 3 3 3 3 3 3 3 3 3 3 3 3 3 3 3 3 3 3 3 3 3 3 3 3 3 3 3 3 3 3 3 3 3 3 3 3 3 3 3 3 3 3 3 3 3 3 3 3 3 3 3 3 3 3 3 3 3 3 3 3 3 3 3 3 3 3 3 3 3 3 3 3 3 3 3 3 3 3 3 3 3 3 3 3 3 3 3 3 3 3 3 3 3 3 3 3 3 3 3 3 3 3 3 3 3 3 3 3 3 3 3 3 3 3 3 3 3 3 3 3 3 3 3 3 3 3 3 3 3 3 3 3 3 3 3 3 3 3 3 3 3 3 3 3 3 3 3 3 3 3 3 3 3 3 3 3 3 3 3 3 3 3 3 3 3 3 3 3 3 3 3 3 3 3 3 3 3 3 3 3 3 3 3 3 3 3 3 3 3 3 3 3 3 3 3 3 3 3 3 3 3 3 3 3 3 3 3 3 3 3 3 3 3 3 3 3 3 3 3 3 3 3 3 3 3 3 3 3 3 3 3 3 3 3 3 3 3 3 3 3 3 3 3 3 3 3 3 3 3 3 3 3 3 3 3 3 3 3 3 3 3 3 3 3 3 3 3 3 3 3 3 3 3 3 3 3 3 3 3 3 3 3 3 3 3 3 3 3 3 3 3 3 3 3 3 3 3 3 3 3 3 3 3 3 3 3 3 3 3 3 3 3 3 3 3 3 3 3 3 3 3 3 3 3 3 3 3 3 3 3 3 3 3 3 3 3 3 3 3 3 3 3 3 3 3 3 3 3 3 3 3 3 3 3 3 3 3 3 3 3 3 3 3 3 3 3 3 3 3 3 3 3 3 3 3 3 3 3 3 3 3 3 3 3 3 3 3 3 3 3 3 3 3 3 3 3 3 3 3 3 3 3 3 3 3 3 3 3 3 3 3 3 3 3 3 3 3 3 3 3 3 3 3 3 3 3 3 3 3 3 3 3 3 3 3 3 3 3 3 3 3 3 3 3 3 3 3 3 3 3 3 3 3 3 3 3 3 3 3 3 3 3 3 3 3 3 3 3 3 3 3 3 3 3 3 3 3 3 3 3 3 3 3 3 3 3 3 3 3 3 3 3 3 3 3 3 3 3 3 3 3 3 3 3 3 3 3 3 3 3 3 3 3 3 3 3 3 3 3 3 3 3 3 3 3 3 3 3 3 3 3 3 3 3 3 3 3 3 3 3 3 3 3 3 3 3 3 3 3 3 3 3 3 3 3 3 3 3 3 3 3 3 3 3 3 3 3 3 3 3 3 3 3 3 3 3 3 3 3 3 3 3 3 3 3 3 3 3 3 3 3 3 3 3 3 3 3 3 3 3 3 3 3 3 3 3 3 3 3 3 3 3 3 3 3 3 3 3 3 3 3 3 3 3 3 3 3 3 3 3 3 3 3 3 3 3 3 3 3 3 3 3 3 3 3 3 3 3 3 3 3 3 3 3 3 3 3 3 3 3 3 3 3 3 3 3 3 3 3 3 3 3 3 3 3 3 3 3 3 3 3 3 3 3 3 3 3 3 3 3 3 3 3 3 3 3 3 3 3 3 3 3 3 3 3 3 3 3 3 3 3 3 3 3 3 3 3 3 3 3 3 3 3 3 3 3 3 3 3 3 3 3 3 3 3 3 3 3 3 3 3 3 3 3 3 3 3 3 3 3 3 3 3 3 3 3 3 3 3 3 3 3 3 3 3 3 3 3 3 3 3 3 3 3 3 3 3 3 3 3 3 3 3 3 3 3 3 3 3 3 3 3 3 3 3 3 3 3 3 3 3 3 3 3 3 3 3 3 3 3 3 3 3 3 3 3 3 3 3 3 3 3 3 3 3 3 3 3 3 3 3 3 3 3 3 3 3 3 3 3 3 3 3 3 3 3 3 3 3 3 3 3 3 3 3 3 3 3 3 3 3 3 3 3 3 3 3 3 3 3 3 3 3 3 3 3 3 3 3 3 3 3 3 3 3 3 3 3 3 3 3 3 3 3 3 3 3 3 3 3 3 3 3 3 3 3 3 3 3 3 3 3 3 3 3 3 3 3 3 3 3 3 3 3 3 3 3 3 3 3 3 3 3 3 3 3 3 3 3 3 3 3 3 3 3 3 3 3 3 3 3 3 3 3 3 3 3 3 3 3 3 3 3 3 3 3 3 3 3 3 3 3 3 3 3 3 3 3 3 3 3 3 3 3 3 3 3 3 3 3 3 3 3 3 3 3 3 3 3 3 3 3 3 3 3 3 3 3 3 3 3 3 3 3 3 3 3 3 3 3 3 3 3 3 3 3 3 3 3 3 3 3 3 3 3 3 3 3 3 3 3 3 3 3 3 3 3 3 3 3 3 3 3 3 3 3 3 3 3 3 3 3 3 3 3 3 3 3 3 3 3 3 3 3 3 3 3 3 3 3 3 3 3 3 3 3 3 3 3 3 3 3 3 3 3 3 3 3 3 3 3 3 3 3 3 3 3 3 3 3 3 3 3 3 3 3 3 3 3 3 3 3 3 3 3 3 3 3 3 3 3 3 3 3 3 3 3 3 3 3 3 3 3 3 3 3 3 3 3 3 3 3 3 3 3 3 3 3 3 3 3 3 3 3 3 3 3 3 3 3 3 3 3 3 3 3 3 3 3 3 3 3 3 3 3 3 3 3 3 3 3 3 3 3 3 3 3 3 3 3 3 3 3 3 3 3 3 3 3 3 3 3 3 3 3 3 3 3 3 3 3 3 3 3 3 3 3 3 3 3 3 3 3 3 3 3 3 3 3 3 3 3 3 3 3 3 3 3 3 3 3 3 3 3 3 3 3 3 3 3 3 3 3 3 3 3 3 3 3 3 3 3 3 3 3 3 3 3 3 3 3 3 3 3 3 3 3 3 3 3 3 3 3 3 3 3 3 3 3 3 3 3 3 3 3 3 3 3 3 3 3 3 3 3 3 3 3 3 3 3 3 3 3 3 3 3 3 3 3 3 3 3 3 3 3 3 3 3 3 3 3 3 3 3 3 3 3 3 3 3 3 3 3 3 3 3 3 3 3 3 3 3 3 3 3 3 3 3 3 3 3 3 3 3 3 3 3 3 3 3 3 3 3 3 3 3 3 3 3 3 3 3 3 3 3 3 3 3 3 3 3 3 3 3 3 3 3 3 3 3 3 3 3 3 3 3 3 3 3 3 3 3 3 3 3 3 3 3 3 3 3 3 3 3 3 3 3 3 3 3 3 3 3 3 3 3 3 3 3 3 3 3 3 3 3 3 3 3 3 3 3 3 3 3 3 3 3 3 3 3 3 3 3 3 3 3 3 3 3 3 3 3 3 3 3 3 3 3 3 3 3 3 3 3 3 3 3 3 3 3 3 3 3 3 3 3 3 3 3 3 3 3 3 3 3 3 3 3 3 3 3 3 3 3 3 3 3 3 3 3 3 3 3 3 3 3 3 3 3 3 3 3 3 3 3 3 3 3 3 3 3 3 3 3 3 3 3 3 3 3 3 3 3 3 3 3 3 3 3 3 3 3 3 3 3 3 3 3 3 3 3 3 3 3 3 3 3 3 3 3 3 3 3 3 3 3 3 3 3 3 3 3 3 3 3 3 3 3 3 3 3 3 3 3 3 3 3 3 3 3 3 3 3 3 3 3 3 3 3 3 3 3 3 3 3 3 3 3 3 3 3 3 3 3 3 3 3 3 3 3 3 3 3 3 3 3 3 3 3 3 3 3 3 3 3 3 3 3 3 3 3 3 3 3 3 3 3 3 3 3 3 3 3 3 3 3 3 3 3 3 3 3 3 3 3 3 3 3 3 3 3 3 3 3 3 3 3 3 3 3 3 3 3 3 3 3 3 3 3 3 3 3 3 3 3 3 3 3 3 3 3 3 3 3 3 3 3 3 3 3 3 3 3 3 3 3 3 3 3 3 3 3 3 3 3 3 3 3 3 3 3 3 3 3 3 3 3 3 3 3 3 3 3 3 3 3 3 3 3 3 3 3 3 3 3 3 3 3 3 3 3 3 3 3 3 3 3 3 3 3 3 3 3 3 3 3 3 3 3 3 3 3 3 3 3 3 3 3 3 3 3 3 3 3 3 3 3 3 3 3 3 3 3 3 3 3 3 3 3 3 3 3 3 3 3 3 3 3 3 3 3 3 3 3 3 3 3 3 3 3 3 3 3 3 3 3 3 3 3 3 3 3 3 3 3 3 3 3 3 3 3 3 3 3 3 3 3 3 3 3 3 3 3 3 3 3 3 3 3 3 3 3 3 3 3 3 3 3 3 3 3 3 3 3 3 3 3 3 3 3 3 3 3 3 3 3 3 3 3 3 3 3 3 3 3 3 3 3 3 3 3 3 3 3 3 3 3 3 3 3 3 3 3 3 3 3 3 3 3 3 3 3 3 3 3 3 3 3 3 3 3 3 3 3 3 3 3 3 3 3 3 3 3 3 3 3 3 3 3 3 3 3 3 3 3 3 3 3 3 3 3 3 3 3 3 3 3 3 3 3 3 3 3 3 3 3 3 3 3 3 3 3 3 3 3 3 3 3 3 3 3 3 3 3 3 3 3 3 3 3 3 3 3 3 3 3 3 3 3 3 3 3 3 3 3 3 3 3 3 3 3 3 3 3 3 3 3 3 3 3 3 3 3 3 3 3 3 3 3 3 3 3 3 3 3 3 3 3 3 3 3 3 3 3 3 3 3 3 3 3 3 3 3 3 3 3 3 3 3 3 3 3 3 3 3 3 3 3 3 3 3 3 3 3 3 3 3 3 3 3 3 3 3 3 3 3 3 3 3 3 3 3 3 3 3 3 3 3 3 3 3 3 3 3 3 3 3 3 3 3 3 3 3 3 3 3 3 3 3 3 3 3 3 3 3 3 3 3 3 3 3 3 3 3 3 3 3 3 3 3 3 3 3 3 3 3 3 3 3 3 3 3 3 3 3 3 3 3 3 3 3 3 3 3 3 3 3 3 3 3 3 3 3 3 3 3 3 3 3 3 3 3 3 3 3 3 3 3 3 3 3 3 3 3 3 3 3 3 3 3 3 3 3 3 3 3 3 3 3 3 3 3 3 3 3 3 3 3 3 3 3 3 3 3 3 3 3 3 3 3 3 3 3 3 3 3 3 3 3 3 3 3 3 3 3 3 3 3 3 3 3 3 3 3 3 3 3 3 3 3 3 3 3 3 3 3 3 3 3 3 3 3 3 3 3 3 3 3 3 3 3 3 3 3 3 3 3 3 3 3 3 3 3 3 3 3 3 3 3 3 3 3 3 3 3 3 3 3 3 3 3 3 3 3 3 3 3 3 3 3 3 3 3 3 3 3 3 3 3 3 3 3 3 3 3 3 3 3 3 3 3 3 3 3 3 3 3 3 3 3 3 3 3 3 3 3 3 3 3 3 3 3 3 3 3 3 3 3 3 3 3 3 3 3 3 3 3 3 3 3 3 3 3 3 3 3 3 3 3 3 3 3 3 3 3 3 3 3 3 3 3 3 3 3 3 3 3 3 3 3 3 3 3 3 3 3 3 3 3 3 3 3 3 3 3 3 3 3 3 3 3 3 3 3 3 3 3 3 3 3 3 3 3 3 3 3 3 3 3 3 3 3 3 3 3 3 3 3 3 3 3 3 3 3 3 3 3 3 3 3 3 3 3 3 3 3 3 3 3 3 3 3 3 3 3 3 3 3 3 3 3 3 3 3 3 3 3 3 3 3 3 3 3 3 3 3 3 3 3 3 3 3 3 3 3 3 3 3 3 3 3 3 3 3 3 3 3 3 3 3 3 3 3 3 3 3 3 3 3 3 3 3 3 3 3 3 3 3 3 3 3 3 3 3 3 3 3 3 3 3 3 3 3 3 3 3 3 3 3 3 3 3 3 3 3 3 3 3 3 3 3 3 3 3 3 3 3 3 3 3 3 3 3 3 3 3 3 3 3 3 3 3 3 3 3 3 3 3 3 3 3 3 3 3 3 3 3 3 3 3 3 3 3 3 3 3 3 3 3 3 3 3 3 3 3 3 3 3 3 3 3 3 3 3 3 3 3 3 3 3 3 3 3 3 3 3 3 3 3 3 3 3 3 3 3 3 3 3 3 3 3 3 3 3 3 3 3 3 3 3 3 3 3 3 3 3 3 3 3 3 3 3 3 3 3 3 3 3 3 3 3 3 3 3 3 3 3 3 3 3 3 3 3 3 3 3 3 3 3 3 3 3 3 3 3 3 3 3 3 3 3 3 3 3 3 3 3 3 3 3 3 3 3 3 3 3 3 3 3 3 3 3 3 3 3 3 3 3 3 3 3 3 3 3 3 3 3 3 3 3 3 3 3 3 3 3 3 3 3 3 3 3 3 3 3 3 3 3 3 3 3 3 3 3 3 3 3 3 3 3 3 3 3 3 3 3 3 3 3 3 3 3 3 3 3 3 3 3 3 3 3 3 3 3 3 3 3 3 3 3 3 3 3 3 3 3 3 3 3 3 3 3 3 3 3 3 3 3 3 3 3 3 3 3 3 3 3 3 3 3 3 3 3 3 3 3 3 3 3 3 3 3 3 3 3 3 3 3 3 3 3 3 3 3 3 3 3 3 3 3 3 3 3 3 3 3 3 3 3 3 3 3 3 3 3 3 3 3 3 3 3 3 3 3 3 3 3 3 3 3 3 3 3 3 3 3 3 3 3 3 3 3 3 3 3 3 3 3 3 3 3 3 3 3 3 3 3 3 3 3 3 3 3 3 3 3 3 3 3 3 3 3 3 3 3 3 3 3 3 3 3 3 3 3 3 3 3 3 3 3 3 3 3 3 3 3 3 3 3 3 3 3 3 3 3 3 3 3 3 3 3 3 3 3 3 3 3 3 3 3 3 3 3 3 3 3 3 3 3 3 3 3 3 3 3 3 3 3 3 3 3 3 3 3 3 3 3 3 3 3 3 3 3 3 3 3 3 3 3 3 3 3 3 3 3 3 3 3 3 3 3 3 3 3 3 3 3 3 3 3 3 3 3 3 3 3 3 3 3 3 3 3 3 3 3 3 3 3 3 3 3 3 3 3 3 3 3 3 3 3 3 3 3 3 3 3 3 3 3 3 3 3 3 3 3 3 3 3 3 3 3 3 3 3 3 3 3 3 3 3 3 3 3 3 3 3 3 3 3 3 3 3 3 3 3 3 3 3 3 3 3 3 3 3 3 3 3 3 3 3 3 3 3 3 3 3 3 3 3 3 3 3 3 3 3 3 3 3 3 3 3 3 3 3 3 3 3 3 3 3 3 3 3 3 3 3 3 3 3 3 3 3 3 3 3 3 3 3 3 3 3 3 3 3 3 3 3 3 3 3 3 3 3 3 3 3 3 3 3 3 3 3 3 3 3 3 3 3 3 3 3 3 3 3 3 3 3 3 3 3 3 3 3 3 3 3 3 3 3 3 3 3 3 3 3 3 3 3 3 3 3 3 3 3 3 3 3 3 3 3 3 3 3 3 3 3 3 3 3 3 3 3 3 3 3 3 3 3 3 3 3 3 3 3 3 3 3 3 3 3 3 3 3 3 3 3 3 3 3 3 3 3 3 3 3 3 3 3 3 3 3 3 3 3 3 3 3 3 3 3 3 3 3 3 3 3 3 3 3 3 3 3 3 3 3 3 3 3 3 3 3 3 3 3 3 3 3 3 3 3 3 3 3 3 3 3 3 3 3 3 3 3 3 3 3 3 3 3 3 3 3 3 3 3 3 3 3 3 3 3 3 3 3 3 3 3 3 3 3 3 3 3 3 3 3 3 3 3 3 3 3 3 3 3 3 3 3 3 3 3 3 3 3 3 3 3 3 3 3 3 3 3 3 3 3 3 3 3 3 3 3 3 3 3 3 3 3 3 3 3 3 3 3 3 3 3 3 3 3 3 3 3 3 3 3 3 3 3 3 3 3 3 3 3 3 3 3 3 3 3 3 3 3 3 3 3 3 3 3 3 3 3 3 3 3 3 3 3 3 3 3 3 3 3 3 3 3 3 3 3 3 3 3 3 3 3 3 3 3 3 3 3 3 3 3 3 3 3 3 3 3 3 3 3 3 3 3 3 3 3 3 3 3 3 3 3 3 3 3 3 3 3 3 3 3 3 3 3 3 3 3 3 3 3 3 3 3 3 3 3 3 3 3 3 3 3 3 3 3 3 3 3 3 3 3 3 3 3 3 3 3 3 3 3 3 3 3 3 3 3 3 3 3 3 3 3 3 3 3 3 3 3 3 3 3 3 3 3 3 3 3 3 3 3 3 3 3 3 3 3 3 3 3 3 3 3 3 3 3 3 3 3 3 3 3 3 3 3 3 3 3 3 3 3 3 3 3 3 3 3 3 3 3 3 3 3 3 3 3 3 3 3 3 3 3 3 3 3 3 3 3 3 3 3 3 3 3 3 3 3 3 3 3 3 3 3 3 3 3 3 3 3 3 3 3 3 3 3 3 3 3 3 3 3 3 3 3 3 3 3 3 3 3 3 3 3 3 3 3 3 3 3 3 3 3 3 3 3 3 3 3 3 3 3 3 3 3 3 3 3 3 3 3 3 3 3 3 3 3 3 3 3 3 3 3 3 3 3 3 3 3 3 3 3 3 3 3 3 3 3 3 3 3 3 3 3 3 3 3 3 3 3 3 3 3 3 3 3 3 3 3 3 3 3 3 3 3 3 3 3 3 3 3 3 3 3 3 3 3 3 3 3 3 3 3 3 3 3 3 3 3 3 3 3 3 3 3 3 3 3 3 3 3 3 3 3 3 3 3 3 3 3 3 3 3 3 3 3 3 3 3 3 3 3 3 3 3 3 3 3 3 3 3 3 3 3 3 3 3 3 3 3 3 3 3 3 3 3 3 3 3 3 3 3 3 3 3 3 3 3 3 3 3 3 3 3 3 3 3 3 3 3 3 3 3 3 3 3 3 3 3 3 3 3 3 3 3 3 3 3 3 3 3 3 3 3 3 3 3 3 3 3 3 3 3 3 3 3 3 3 3 3 3 3 3 3 3 3 3 3 3 3 3 3 3 3 3 3 3 3 3 3 3 3 3 3 3 3 3 3 3 3 3 3 3 3 3 3 3 3 3 3 3 3 3 3 3 3 3 3 3 3 3 3 3 3 3 3 3 3 3 3 3 3 3 3 3 3 3 3 3 3 3 3 3 3 3 3 3 3 3 3 3 3 3 3 3 3 3 3 3 3 3 3 3 3 3 3 3 3 3 3 3 3 3 3 3 3 3 3 3 3 3 3 3 3 3 3 3 3 3 3 3 3 3 3 3 3 3 3 3 3 3 3 3 3 3 3 3 3 3 3 3 3 3 3 3 3 3 3 3 3 3 3 3 3 3 3 3 3 3 3 3 3 3 3 3 3 3 3 3 3 3 3 3 3 3 3 3 3 3 3 3 3 3 3 3 3 3 3 3 3 3 3 3 3 3 3 3 3 3 3 3 3 3 3 3 3 3 3 3 3 3 3 3 3 3 3 3 3 3 3 3 3 3 3 3 3 3 3 3 3 3 3 3 3 3 3 3 3 3 3 3 3 3 3 3 3 3 3 3 3 3 3 3 3 3 3 3 3 3 3 3 3 3 3 3 3 3 3 3 3 3 3 3 3 3 3 3 3 3 3 3 3 3 3 3 3 3 3 3 3 3 3 3 3 3 3 3 3 3 3 3 3 3 3 3 3 3 3 3 3 3 3 3 3 3 3 3 3 3 3 3 3 3 3 3 3 3 3 3 3 3 3 3 3 3 3 3 3 3 3 3 3 3 3 3 3 3 3 3 3 3 3 3 3 3 3 3 3 3 3 3 3 3 3 3 3 3 3 3 3 3 3 3 3 3 3 3 3 3 3 3 3 3 3 3 3 3 3 3 3 3 3 3 3 3 3 3 3 3 3 3 3 3 3 3 3 3 3 3 3 3 3 3 3 3 3 3 3 3 3 3 3 3 3 3 3 3 3 3 3 3 3 3 3 3 3 3 3 3 3 3 3 3 3 3 3 3 3 3 3 3 3 3 3 3 3 3 3 3 3 3 3 3 3 3 3 3 3 3 3 3 3 3 3 3 3 3 3 3 3 3 3 3 3 3 3 3 3 3 3 3 3 3 3 3 </vcount>
          <p>3 0 1 1 2 3 5 0 3 3 4 5 1 0 5 5 6 1 10 7 8 8 9 10 8 7 11 11 12 8 11 7 10 10 13 11 17 14 15 15 16 17 21 18 19 19 20 21 15 14 22 22 23 15 27 24 25 25 26 27 25 24 28 28 29 25 28 24 27 27 30 28 34 31 32 32 33 34 36 31 34 34 35 36 32 31 36 36 37 32 41 38 39 39 40 41 43 38 41 41 42 43 39 38 43 43 44 39 48 45 46 46 47 48 50 45 48 48 49 50 46 45 50 50 51 46 55 52 53 53 54 55 53 52 56 56 57 53 56 52 55 55 58 56 62 59 60 60 61 62 64 59 62 62 63 64 60 59 64 64 65 60 69 66 67 67 68 69 67 66 70 70 71 67 75 72 73 73 74 75 79 76 77 77 78 79 77 76 80 80 81 77 80 76 79 79 82 80 86 83 84 84 85 86 84 83 87 87 88 84 87 83 86 86 89 87 93 90 91 91 92 93 95 90 93 93 94 95 91 90 95 95 96 91 100 97 98 98 99 100 104 101 102 102 103 104 106 101 104 104 105 106 110 107 108 108 109 110 108 107 111 111 112 108 111 107 110 110 113 111 117 114 115 115 116 117 115 114 118 118 119 115 118 114 117 117 120 118 124 121 122 122 123 124 122 121 125 125 126 122 128 121 124 124 127 128 125 121 129 129 130 125 129 121 128 128 131 129 135 132 133 133 134 135 137 132 135 135 136 137 133 132 138 138 139 133 138 132 140 140 141 138 140 132 137 137 142 140 146 143 144 144 145 146 144 143 147 147 148 144 150 143 146 146 149 150 147 143 151 151 152 147 151 143 150 150 153 151 157 154 155 155 156 157 159 154 157 157 158 159 161 154 159 159 160 161 163 154 161 161 162 163 155 154 163 163 164 155 168 165 166 166 167 168 166 165 169 169 170 166 169 165 168 168 171 169 175 172 173 173 174 175 179 176 177 177 178 179 180 176 179 179 127 180 182 172 175 175 181 182 184 172 182 182 183 184 188 185 186 186 187 188 191 185 189 189 190 191 186 185 191 191 192 186 189 185 193 193 194 189 193 185 188 188 195 193 199 196 197 197 198 199 201 196 199 199 200 201 197 196 201 201 202 197 206 203 204 204 205 206 208 203 206 206 207 208 204 203 208 208 209 204 213 210 211 211 212 213 216 210 214 214 215 216 211 210 216 216 217 211 219 210 213 213 218 219 214 210 219 219 220 214 224 221 222 222 223 224 226 221 224 224 225 226 222 221 226 226 227 222 231 228 229 229 230 231 233 228 231 231 232 233 229 228 234 234 235 229 237 228 233 233 236 237 234 228 237 237 238 234 242 239 240 240 241 242 240 239 243 243 244 240 243 239 242 242 245 243 249 246 247 247 248 249 251 246 249 249 250 251 247 246 251 251 252 247 227 253 254 254 222 227 254 253 255 255 256 254 255 253 257 257 258 255 260 253 227 227 259 260 257 253 260 260 261 257 265 262 263 263 264 265 267 262 265 265 266 267 269 262 267 267 268 269 263 262 270 270 271 263 270 262 269 269 272 270 276 273 274 274 275 276 278 273 276 276 277 278 269 268 279 279 280 269 282 273 278 278 281 282 286 283 284 284 285 286 288 283 286 286 287 288 284 283 289 289 290 284 289 283 291 291 292 289 291 283 288 288 293 291 297 294 295 295 296 297 295 294 272 272 298 295 272 294 299 299 270 272 299 294 300 300 301 299 300 294 297 297 302 300 305 277 303 303 304 305 303 277 276 276 306 303 278 277 307 307 308 278 307 277 305 305 309 307 313 310 311 311 312 313 317 314 315 315 316 317 315 314 318 318 319 315 321 310 313 313 320 321 318 314 322 322 323 318 327 324 325 325 326 327 329 324 327 327 328 329 331 324 329 329 330 331 333 324 331 331 332 333 325 324 333 333 334 325 336 319 318 318 335 336 338 319 336 336 337 338 315 319 339 339 340 315 339 319 338 338 341 339 345 342 343 343 344 345 347 342 345 345 346 347 343 342 348 348 349 343 348 342 350 350 351 348 350 342 347 347 352 350 356 353 354 354 355 356 354 353 357 357 358 354 357 353 356 356 359 357 363 360 361 361 362 363 365 360 363 363 364 365 361 360 365 365 366 361 370 367 368 368 369 370 368 367 371 371 372 368 371 367 370 370 373 371 377 374 375 375 376 377 379 374 377 377 378 379 375 374 379 379 380 375 382 380 379 379 381 382 384 380 382 382 383 384 375 380 384 384 385 375 387 385 384 384 386 387 389 385 387 387 388 389 375 385 389 389 376 375 391 389 388 388 390 391 376 389 391 391 392 376 394 392 391 391 393 394 396 392 394 394 395 396 376 392 396 396 377 376 398 396 395 395 397 398 377 396 398 398 378 377 400 398 397 397 399 400 378 398 400 400 401 378 403 401 400 400 402 403 381 401 403 403 404 381 378 401 381 381 379 378 406 404 403 403 405 406 408 404 406 406 407 408 381 404 408 408 382 381 410 408 407 407 409 410 382 408 410 410 383 382 412 410 409 409 411 412 383 410 412 412 413 383 415 413 412 412 414 415 386 413 415 415 416 386 383 413 386 386 384 383 418 416 415 415 417 418 420 416 418 418 419 420 386 416 420 420 387 386 422 420 419 419 421 422 387 420 422 422 388 387 424 422 421 421 423 424 388 422 424 424 390 388 426 424 423 423 425 426 390 424 426 426 427 390 390 427 393 393 391 390 429 427 426 426 428 429 393 427 429 429 430 393 393 430 431 431 394 393 433 430 429 429 432 433 431 430 433 433 434 431 435 434 433 433 373 435 437 434 435 435 436 437 431 434 437 437 438 431 431 438 395 395 394 431 440 438 437 437 439 440 395 438 440 440 397 395 442 440 439 439 441 442 397 440 442 442 399 397 444 442 441 441 443 444 399 442 444 444 445 399 447 445 444 444 446 447 402 445 447 447 448 402 399 445 402 402 400 399 450 448 447 447 449 450 405 448 450 450 451 405 402 448 405 405 403 402 453 451 450 450 452 453 455 451 453 453 454 455 405 451 455 455 406 405 457 455 454 454 456 457 406 455 457 457 407 406 459 457 456 456 458 459 407 457 459 459 409 407 461 459 458 458 460 461 409 459 461 461 411 409 463 461 460 460 462 463 411 461 463 463 464 411 466 464 463 463 465 466 414 464 466 466 467 414 411 464 414 414 412 411 469 467 466 466 468 469 417 467 469 469 470 417 414 467 417 417 415 414 472 470 469 469 471 472 474 470 472 472 473 474 417 470 474 474 418 417 476 474 473 473 475 476 418 474 476 476 419 418 478 476 475 475 477 478 419 476 478 478 421 419 480 478 477 477 479 480 421 478 480 480 423 421 482 480 479 479 481 482 423 480 482 482 425 423 484 482 481 481 483 484 425 482 484 484 485 425 425 485 428 428 426 425 487 485 484 484 486 487 428 485 487 487 488 428 428 488 432 432 429 428 372 488 487 487 489 372 432 488 372 372 371 432 490 489 487 487 486 490 492 489 490 490 491 492 372 489 492 492 368 372 494 492 491 491 493 494 368 492 494 494 369 368 496 494 493 493 495 496 369 494 496 496 497 369 369 497 498 498 370 369 500 497 496 496 499 500 498 497 500 500 501 498 498 501 436 436 435 498 503 501 500 500 502 503 436 501 503 503 504 436 436 504 439 439 437 436 506 504 503 503 505 506 439 504 506 506 441 439 508 506 505 505 507 508 441 506 508 508 443 441 510 508 507 507 509 510 443 508 510 510 511 443 443 511 446 446 444 443 513 511 510 510 512 513 446 511 513 513 514 446 516 514 513 513 515 516 449 514 516 516 517 449 446 514 449 449 447 446 519 517 516 516 518 519 452 517 519 519 520 452 449 517 452 452 450 449 522 520 519 519 521 522 524 520 522 522 523 524 452 520 524 524 453 452 526 524 523 523 525 526 453 524 526 526 454 453 528 526 525 525 527 528 454 526 528 528 456 454 530 528 527 527 529 530 456 528 530 530 458 456 532 530 529 529 531 532 458 530 532 532 460 458 364 532 531 531 365 364 460 532 364 364 462 460 534 531 529 529 533 534 365 531 534 534 366 365 536 534 533 533 535 536 366 534 536 536 537 366 539 537 536 536 538 539 541 537 539 539 540 541 366 537 541 541 361 366 544 541 542 542 543 544 361 541 544 544 362 361 546 544 543 543 545 546 362 544 546 546 547 362 362 547 548 548 363 362 550 547 546 546 549 550 548 547 550 550 465 548 468 550 549 549 551 468 465 550 468 468 466 465 553 551 549 549 552 553 471 551 553 553 554 471 468 551 471 471 469 468 556 554 553 553 555 556 558 554 556 556 557 558 471 554 558 558 472 471 560 558 557 557 559 560 472 558 560 560 473 472 562 560 559 559 561 562 473 560 562 562 475 473 564 562 561 561 563 564 475 562 564 564 477 475 566 564 563 563 565 566 477 564 566 566 479 477 568 566 565 565 567 568 479 566 568 568 481 479 570 568 567 567 569 570 481 568 570 570 483 481 572 570 569 569 571 572 483 570 572 572 573 483 483 573 486 486 484 483 575 573 572 572 574 575 486 573 575 575 490 486 577 575 574 574 576 577 490 575 577 577 491 490 579 577 576 576 578 579 491 577 579 579 493 491 581 579 578 578 580 581 493 579 581 581 495 493 583 581 580 580 582 583 495 581 583 583 584 495 495 584 499 499 496 495 586 584 583 583 585 586 499 584 586 586 587 499 499 587 502 502 500 499 589 587 586 586 588 589 502 587 589 589 590 502 502 590 505 505 503 502 592 590 589 589 591 592 505 590 592 592 507 505 594 592 591 591 593 594 507 592 594 594 509 507 596 594 593 593 595 596 509 594 596 596 597 509 509 597 512 512 510 509 599 597 596 596 598 599 512 597 599 599 600 512 512 600 515 515 513 512 602 600 599 599 601 602 515 600 602 602 603 515 605 603 602 602 604 605 518 603 605 605 606 518 515 603 518 518 516 515 608 606 605 605 607 608 521 606 608 608 609 521 518 606 521 521 519 518 611 609 608 608 610 611 613 609 611 611 612 613 521 609 613 613 522 521 615 613 612 612 614 615 522 613 615 615 523 522 617 615 614 614 616 617 523 615 617 617 525 523 619 617 616 616 618 619 525 617 619 619 527 525 533 619 618 618 535 533 527 619 533 533 529 527 621 618 616 616 620 621 535 618 621 621 622 535 624 622 621 621 623 624 538 622 624 624 625 538 535 622 538 538 536 535 627 625 624 624 626 627 629 625 627 627 628 629 538 625 629 629 539 538 631 629 628 628 630 631 539 629 631 631 540 539 635 632 633 633 634 635 542 632 635 635 543 542 637 635 634 634 636 637 543 635 637 637 545 543 639 637 636 636 638 639 545 637 639 639 552 545 555 639 638 638 640 555 552 639 555 555 553 552 644 641 642 642 643 644 646 641 644 644 645 646 555 640 647 647 556 555 649 646 645 645 648 649 556 647 650 650 557 556 652 649 648 648 651 652 557 650 653 653 559 557 655 652 651 651 654 655 559 653 656 656 561 559 658 655 654 654 657 658 561 656 659 659 563 561 661 658 657 657 660 661 563 659 662 662 565 563 664 661 660 660 663 664 565 662 665 665 567 565 667 664 663 663 666 667 567 665 668 668 569 567 670 667 666 666 669 670 569 668 671 671 571 569 673 670 669 669 672 673 571 671 674 674 675 571 571 675 574 574 572 571 677 675 674 674 676 677 574 675 677 677 576 574 679 677 676 676 678 679 576 677 679 679 578 576 681 679 678 678 680 681 578 679 681 681 580 578 683 681 680 680 682 683 580 681 683 683 582 580 685 683 682 682 684 685 582 683 685 685 686 582 582 686 585 585 583 582 688 686 685 685 687 688 585 686 688 688 689 585 585 689 588 588 586 585 691 689 688 688 690 691 588 689 691 691 692 588 588 692 591 591 589 588 694 692 691 691 693 694 591 692 694 694 593 591 696 694 693 693 695 696 593 694 696 696 595 593 698 696 695 695 697 698 595 696 698 698 699 595 595 699 598 598 596 595 701 699 698 698 700 701 598 699 701 701 702 598 598 702 601 601 599 598 704 702 701 701 703 704 601 702 704 704 705 601 601 705 604 604 602 601 359 705 704 704 357 359 604 705 359 359 706 604 707 706 359 359 356 707 607 706 707 707 708 607 604 706 607 607 605 604 710 708 707 707 709 710 610 708 710 710 711 610 607 708 610 610 608 607 713 711 710 710 712 713 715 711 713 713 714 715 610 711 715 715 611 610 717 715 714 714 716 717 611 715 717 717 612 611 719 717 716 716 718 719 612 717 719 719 614 612 620 719 718 718 720 620 614 719 620 620 616 614 722 720 718 718 721 722 623 720 722 722 723 623 620 720 623 623 621 620 725 723 722 722 724 725 626 723 725 725 726 626 623 723 626 626 624 623 728 726 725 725 727 728 730 726 728 728 729 730 626 726 730 730 627 626 732 730 729 729 731 732 627 730 732 732 628 627 734 732 731 731 733 734 628 732 734 734 630 628 738 735 736 736 737 738 740 735 738 738 739 740 742 738 737 737 741 742 739 738 742 742 743 739 643 742 741 741 744 643 743 742 643 643 642 743 746 744 741 741 745 746 748 744 746 746 747 748 643 744 748 748 644 643 750 748 747 747 749 750 644 748 750 750 645 644 752 750 749 749 751 752 645 750 752 752 648 645 754 752 751 751 753 754 648 752 754 754 651 648 756 754 753 753 755 756 651 754 756 756 654 651 758 756 755 755 757 758 654 756 758 758 657 654 760 758 757 757 759 760 657 758 760 760 660 657 762 760 759 759 761 762 660 760 762 762 663 660 764 762 761 761 763 764 663 762 764 764 666 663 766 764 763 763 765 766 666 764 766 766 669 666 768 766 765 765 767 768 669 766 768 768 672 669 770 768 767 767 769 770 672 768 770 770 771 672 672 771 772 772 673 672 774 771 770 770 773 774 772 771 774 774 775 772 777 774 773 773 776 777 775 774 777 777 778 775 780 777 776 776 779 780 778 777 780 780 781 778 783 780 779 779 782 783 781 780 783 783 784 781 786 783 782 782 785 786 784 783 786 786 787 784 684 788 687 687 685 684 790 787 786 786 789 790 687 788 791 791 792 687 687 792 690 690 688 687 794 792 791 791 793 794 690 792 794 794 795 690 690 795 693 693 691 690 797 795 794 794 796 797 693 795 797 797 695 693 799 797 796 796 798 799 695 797 799 799 697 695 801 799 798 798 800 801 697 799 801 801 802 697 697 802 700 700 698 697 804 802 801 801 803 804 700 802 804 804 805 700 700 805 703 703 701 700 807 805 804 804 806 807 703 805 807 807 358 703 809 807 806 806 808 809 358 807 809 809 354 358 811 809 808 808 810 811 354 809 811 811 355 354 813 811 810 810 812 813 355 811 813 813 709 355 712 813 812 812 814 712 709 813 712 712 710 709 816 814 812 812 815 816 819 814 817 817 818 819 712 814 819 819 713 712 821 819 818 818 820 821 713 819 821 821 714 713 823 821 820 820 822 823 714 821 823 823 716 714 721 823 822 822 824 721 716 823 721 721 718 716 826 824 822 822 825 826 724 824 826 826 827 724 721 824 724 724 722 721 829 827 826 826 828 829 727 827 829 829 830 727 724 827 727 727 725 724 832 830 829 829 831 832 834 830 832 832 833 834 727 830 834 834 728 727 836 834 833 833 835 836 728 834 836 836 729 728 838 836 835 835 837 838 729 836 838 838 731 729 840 838 837 837 839 840 731 838 840 840 733 731 844 841 842 842 843 844 736 841 844 844 737 736 745 844 843 843 845 745 737 844 745 745 741 737 847 845 843 843 846 847 849 845 847 847 848 849 745 845 849 849 746 745 851 849 848 848 850 851 746 849 851 851 747 746 853 851 850 850 852 853 747 851 853 853 749 747 855 853 852 852 854 855 749 853 855 855 751 749 857 855 854 854 856 857 751 855 857 857 753 751 859 857 856 856 858 859 753 857 859 859 755 753 861 859 858 858 860 861 755 859 861 861 757 755 863 861 860 860 862 863 757 861 863 863 759 757 865 863 862 862 864 865 759 863 865 865 761 759 867 865 864 864 866 867 761 865 867 867 763 761 869 867 866 866 868 869 763 867 869 869 765 763 871 869 868 868 870 871 765 869 871 871 767 765 873 871 870 870 872 873 767 871 873 873 769 767 875 873 872 872 874 875 769 873 875 875 876 769 769 876 773 773 770 769 878 876 875 875 877 878 773 876 878 878 776 773 880 878 877 877 879 880 776 878 880 880 779 776 882 880 879 879 881 882 779 880 882 882 782 779 884 882 881 881 883 884 782 882 884 884 785 782 886 884 883 883 885 886 785 884 886 886 887 785 785 887 789 789 786 785 889 887 886 886 888 889 789 887 889 889 890 789 789 890 891 891 790 789 893 890 889 889 892 893 891 890 893 893 894 891 793 895 796 796 794 793 897 894 893 893 896 897 796 895 898 898 798 796 900 897 896 896 899 900 798 898 901 901 800 798 903 900 899 899 902 903 800 901 904 904 905 800 800 905 803 803 801 800 907 905 904 904 906 907 803 905 907 907 908 803 803 908 806 806 804 803 910 908 907 907 909 910 806 908 910 910 808 806 912 910 909 909 911 912 808 910 912 912 810 808 815 912 911 911 913 815 810 912 815 815 812 810 915 913 911 911 914 915 917 913 915 915 916 917 815 913 917 917 816 815 921 918 919 919 920 921 817 918 921 921 818 817 923 921 920 920 922 923 818 921 923 923 820 818 825 923 922 922 924 825 820 923 825 825 822 820 926 924 922 922 925 926 828 924 926 926 927 828 825 924 828 828 826 825 929 927 926 926 928 929 831 927 929 929 930 831 828 927 831 831 829 828 932 930 929 929 931 932 934 930 932 932 933 934 831 930 934 934 832 831 936 934 933 933 935 936 832 934 936 936 833 832 938 936 935 935 937 938 833 936 938 938 835 833 940 938 937 937 939 940 835 938 940 940 837 835 942 940 939 939 941 942 837 940 942 942 839 837 846 943 944 944 945 846 842 943 846 846 843 842 947 945 944 944 946 947 949 945 947 947 948 949 846 945 949 949 847 846 951 949 948 948 950 951 847 949 951 951 848 847 953 951 950 950 952 953 848 951 953 953 850 848 955 953 952 952 954 955 850 953 955 955 852 850 957 955 954 954 956 957 852 955 957 957 854 852 959 957 956 956 958 959 854 957 959 959 856 854 961 959 958 958 960 961 856 959 961 961 858 856 963 961 960 960 962 963 858 961 963 963 860 858 965 963 962 962 964 965 860 963 965 965 862 860 967 965 964 964 966 967 862 965 967 967 864 862 969 967 966 966 968 969 864 967 969 969 866 864 971 969 968 968 970 971 866 969 971 971 868 866 973 971 970 970 972 973 868 971 973 973 870 868 975 973 972 972 974 975 870 973 975 975 872 870 977 975 974 974 976 977 872 975 977 977 874 872 979 977 976 976 978 979 874 977 979 979 980 874 874 980 877 877 875 874 982 980 979 979 981 982 877 980 982 982 879 877 984 982 981 981 983 984 879 982 984 984 881 879 986 984 983 983 985 986 881 984 986 986 883 881 988 986 985 985 987 988 883 986 988 988 885 883 990 988 987 987 989 990 885 988 990 990 991 885 885 991 888 888 886 885 993 991 990 990 992 993 888 991 993 993 994 888 888 994 892 892 889 888 996 994 993 993 995 996 892 994 996 996 997 892 892 997 896 896 893 892 999 997 996 996 998 999 896 997 999 999 899 896 1001 999 998 998 1000 1001 899 999 1001 1001 902 899 1003 1001 1000 1000 1002 1003 902 1001 1003 1003 1004 902 902 1004 1005 1005 903 902 1007 1004 1003 1003 1006 1007 1005 1004 1007 1007 1008 1005 906 1009 909 909 907 906 1011 1008 1007 1007 1010 1011 909 1009 914 914 911 909 1012 1010 1007 1007 1006 1012 1014 1010 1012 1012 1013 1014 1011 1010 1014 1014 1015 1011 1017 1014 1013 1013 1016 1017 1015 1014 1017 1017 919 1015 1019 1017 1016 1016 1018 1019 919 1017 1019 1019 920 919 925 1019 1018 1018 1020 925 920 1019 925 925 922 920 1022 1020 1018 1018 1021 1022 928 1020 1022 1022 1023 928 925 1020 928 928 926 925 1025 1023 1022 1022 1024 1025 931 1023 1025 1025 1026 931 928 1023 931 931 929 928 1028 1026 1025 1025 1027 1028 1030 1026 1028 1028 1029 1030 931 1026 1030 1030 932 931 1032 1030 1029 1029 1031 1032 932 1030 1032 1032 933 932 1034 1032 1031 1031 1033 1034 933 1032 1034 1034 935 933 1036 1034 1033 1033 1035 1036 935 1034 1036 1036 937 935 1038 1036 1035 1035 1037 1038 937 1036 1038 1038 939 937 1040 1038 1037 1037 1039 1040 939 1038 1040 1040 941 939 1042 1039 1037 1037 1041 1042 1046 1043 1044 1044 1045 1046 946 1043 1046 1046 947 946 1048 1046 1045 1045 1047 1048 947 1046 1048 1048 948 947 1050 1048 1047 1047 1049 1050 948 1048 1050 1050 950 948 1052 1050 1049 1049 1051 1052 950 1050 1052 1052 952 950 1054 1052 1051 1051 1053 1054 952 1052 1054 1054 954 952 1056 1054 1053 1053 1055 1056 954 1054 1056 1056 956 954 1058 1056 1055 1055 1057 1058 956 1056 1058 1058 958 956 1060 1058 1057 1057 1059 1060 958 1058 1060 1060 960 958 1062 1060 1059 1059 1061 1062 960 1060 1062 1062 962 960 1064 1062 1061 1061 1063 1064 962 1062 1064 1064 964 962 1066 1064 1063 1063 1065 1066 964 1064 1066 1066 966 964 1068 1066 1065 1065 1067 1068 966 1066 1068 1068 968 966 1070 1068 1067 1067 1069 1070 968 1068 1070 1070 970 968 1072 1070 1069 1069 1071 1072 970 1070 1072 1072 972 970 1074 1072 1071 1071 1073 1074 972 1072 1074 1074 974 972 1076 1074 1073 1073 1075 1076 974 1074 1076 1076 976 974 1078 1076 1075 1075 1077 1078 976 1076 1078 1078 978 976 1080 1078 1077 1077 1079 1080 978 1078 1080 1080 1081 978 978 1081 981 981 979 978 1083 1081 1080 1080 1082 1083 981 1081 1083 1083 983 981 1085 1083 1082 1082 1084 1085 983 1083 1085 1085 985 983 1087 1085 1084 1084 1086 1087 985 1085 1087 1087 987 985 1089 1087 1086 1086 1088 1089 987 1087 1089 1089 989 987 1091 1089 1088 1088 1090 1091 989 1089 1091 1091 1092 989 989 1092 992 992 990 989 1094 1092 1091 1091 1093 1094 992 1092 1094 1094 1095 992 992 1095 995 995 993 992 1097 1095 1094 1094 1096 1097 995 1095 1097 1097 1098 995 995 1098 998 998 996 995 1100 1098 1097 1097 1099 1100 998 1098 1100 1100 1000 998 1102 1100 1099 1099 1101 1102 1000 1100 1102 1102 1002 1000 1104 1102 1101 1101 1103 1104 1002 1102 1104 1104 1105 1002 1002 1105 1006 1006 1003 1002 1107 1105 1104 1104 1106 1107 1006 1105 1107 1107 1012 1006 1109 1107 1106 1106 1108 1109 1012 1107 1109 1109 1013 1012 1111 1109 1108 1108 1110 1111 1013 1109 1111 1111 1016 1013 1021 1111 1110 1110 1112 1021 1016 1111 1021 1021 1018 1016 1114 1112 1110 1110 1113 1114 1024 1112 1114 1114 1115 1024 1021 1112 1024 1024 1022 1021 1117 1115 1114 1114 1116 1117 1027 1115 1117 1117 1118 1027 1024 1115 1027 1027 1025 1024 1120 1118 1117 1117 1119 1120 1122 1118 1120 1120 1121 1122 1027 1118 1122 1122 1028 1027 1124 1122 1121 1121 1123 1124 1028 1122 1124 1124 1029 1028 1126 1124 1123 1123 1125 1126 1029 1124 1126 1126 1031 1029 1128 1126 1125 1125 1127 1128 1031 1126 1128 1128 1033 1031 1130 1128 1127 1127 1129 1130 1033 1128 1130 1130 1035 1033 1041 1130 1129 1129 1131 1041 1035 1130 1041 1041 1037 1035 1133 1131 1129 1129 1132 1133 1135 1131 1133 1133 1134 1135 1041 1131 1135 1135 1042 1041 1139 1136 1137 1137 1138 1139 1044 1136 1139 1139 1045 1044 1141 1139 1138 1138 1140 1141 1045 1139 1141 1141 1047 1045 1143 1141 1140 1140 1142 1143 1047 1141 1143 1143 1049 1047 1145 1143 1142 1142 1144 1145 1049 1143 1145 1145 1051 1049 1147 1145 1144 1144 1146 1147 1051 1145 1147 1147 1053 1051 1149 1147 1146 1146 1148 1149 1053 1147 1149 1149 1055 1053 1151 1149 1148 1148 1150 1151 1055 1149 1151 1151 1057 1055 1153 1151 1150 1150 1152 1153 1057 1151 1153 1153 1059 1057 1155 1153 1152 1152 1154 1155 1059 1153 1155 1155 1061 1059 1157 1155 1154 1154 1156 1157 1061 1155 1157 1157 1063 1061 1159 1157 1156 1156 1158 1159 1063 1157 1159 1159 1065 1063 1161 1159 1158 1158 1160 1161 1065 1159 1161 1161 1067 1065 1163 1161 1160 1160 1162 1163 1067 1161 1163 1163 1069 1067 1165 1163 1162 1162 1164 1165 1069 1163 1165 1165 1071 1069 1167 1165 1164 1164 1166 1167 1071 1165 1167 1167 1073 1071 1169 1167 1166 1166 1168 1169 1073 1167 1169 1169 1075 1073 1171 1169 1168 1168 1170 1171 1075 1169 1171 1171 1077 1075 1173 1171 1170 1170 1172 1173 1077 1171 1173 1173 1079 1077 1175 1173 1172 1172 1174 1175 1079 1173 1175 1175 1176 1079 1079 1176 1082 1082 1080 1079 1178 1176 1175 1175 1177 1178 1082 1176 1178 1178 1084 1082 1180 1178 1177 1177 1179 1180 1084 1178 1180 1180 1086 1084 1182 1180 1179 1179 1181 1182 1086 1180 1182 1182 1088 1086 1184 1182 1181 1181 1183 1184 1088 1182 1184 1184 1090 1088 1186 1184 1183 1183 1185 1186 1090 1184 1186 1186 1187 1090 1090 1187 1093 1093 1091 1090 1189 1187 1186 1186 1188 1189 1093 1187 1189 1189 1190 1093 1093 1190 1096 1096 1094 1093 1192 1190 1189 1189 1191 1192 1096 1190 1192 1192 1193 1096 1096 1193 1099 1099 1097 1096 1195 1193 1192 1192 1194 1195 1099 1193 1195 1195 1101 1099 1197 1195 1194 1194 1196 1197 1101 1195 1197 1197 1103 1101 1199 1197 1196 1196 1198 1199 1103 1197 1199 1199 1200 1103 1103 1200 1106 1106 1104 1103 1202 1200 1199 1199 1201 1202 1106 1200 1202 1202 1108 1106 1113 1202 1201 1201 1203 1113 1108 1202 1113 1113 1110 1108 1205 1203 1201 1201 1204 1205 1116 1203 1205 1205 1206 1116 1113 1203 1116 1116 1114 1113 1208 1206 1205 1205 1207 1208 1119 1206 1208 1208 1209 1119 1116 1206 1119 1119 1117 1116 1211 1209 1208 1208 1210 1211 1213 1209 1211 1211 1212 1213 1119 1209 1213 1213 1120 1119 1215 1213 1212 1212 1214 1215 1120 1213 1215 1215 1121 1120 1217 1215 1214 1214 1216 1217 1121 1215 1217 1217 1123 1121 1219 1217 1216 1216 1218 1219 1123 1217 1219 1219 1125 1123 1220 1219 1218 1218 352 1220 1125 1219 1220 1220 1127 1125 1132 1220 352 352 347 1132 1127 1220 1132 1132 1129 1127 1222 1218 1216 1216 1221 1222 352 1218 1222 1222 350 352 1224 1222 1221 1221 1223 1224 350 1222 1224 1224 351 350 1226 1224 1223 1223 1225 1226 351 1224 1226 1226 1227 351 1229 1227 1226 1226 1228 1229 1231 1227 1229 1229 1230 1231 351 1227 1231 1231 348 351 1233 1231 1230 1230 1232 1233 348 1231 1233 1233 349 348 1235 1233 1232 1232 1234 1235 349 1233 1235 1235 1236 349 1238 1236 1235 1235 1237 1238 1240 1236 1238 1238 1239 1240 349 1236 1240 1240 343 349 1242 1240 1239 1239 1241 1242 343 1240 1242 1242 344 343 1244 1242 1241 1241 1243 1244 344 1242 1244 1244 1245 344 344 1245 1246 1246 345 344 1250 1247 1248 1248 1249 1250 1252 1247 1250 1250 1251 1252 1252 1251 1253 1253 1254 1252 1256 1251 1250 1250 1255 1256 1253 1251 1256 1256 1257 1253 1253 1257 1140 1140 1138 1253 1259 1257 1256 1256 1258 1259 1140 1257 1259 1259 1142 1140 1261 1259 1258 1258 1260 1261 1142 1259 1261 1261 1144 1142 1263 1261 1260 1260 1262 1263 1144 1261 1263 1263 1146 1144 1265 1263 1262 1262 1264 1265 1146 1263 1265 1265 1148 1146 1267 1265 1264 1264 1266 1267 1148 1265 1267 1267 1150 1148 1269 1267 1266 1266 1268 1269 1150 1267 1269 1269 1152 1150 1271 1269 1268 1268 1270 1271 1152 1269 1271 1271 1154 1152 1273 1271 1270 1270 1272 1273 1154 1271 1273 1273 1156 1154 1275 1273 1272 1272 1274 1275 1156 1273 1275 1275 1158 1156 1277 1275 1274 1274 1276 1277 1158 1275 1277 1277 1160 1158 1279 1277 1276 1276 1278 1279 1160 1277 1279 1279 1162 1160 1281 1279 1278 1278 1280 1281 1162 1279 1281 1281 1164 1162 1283 1281 1280 1280 1282 1283 1164 1281 1283 1283 1166 1164 1285 1283 1282 1282 1284 1285 1166 1283 1285 1285 1168 1166 1287 1285 1284 1284 1286 1287 1168 1285 1287 1287 1170 1168 1289 1287 1286 1286 1288 1289 1170 1287 1289 1289 1172 1170 1291 1289 1288 1288 1290 1291 1172 1289 1291 1291 1174 1172 1293 1291 1290 1290 1292 1293 1174 1291 1293 1293 1294 1174 1174 1294 1177 1177 1175 1174 1296 1294 1293 1293 1295 1296 1177 1294 1296 1296 1179 1177 1298 1296 1295 1295 1297 1298 1179 1296 1298 1298 1181 1179 1300 1298 1297 1297 1299 1300 1181 1298 1300 1300 1183 1181 1302 1300 1299 1299 1301 1302 1183 1300 1302 1302 1185 1183 1304 1302 1301 1301 1303 1304 1185 1302 1304 1304 1305 1185 1185 1305 1188 1188 1186 1185 1307 1305 1304 1304 1306 1307 1188 1305 1307 1307 1308 1188 1188 1308 1191 1191 1189 1188 1310 1308 1307 1307 1309 1310 1191 1308 1310 1310 1311 1191 1191 1311 1194 1194 1192 1191 1313 1311 1310 1310 1312 1313 1194 1311 1313 1313 1196 1194 1315 1313 1312 1312 1314 1315 1196 1313 1315 1315 1198 1196 1317 1315 1314 1314 1316 1317 1198 1315 1317 1317 1204 1198 1207 1317 1316 1316 1318 1207 1204 1317 1207 1207 1205 1204 1320 1318 1316 1316 1319 1320 1210 1318 1320 1320 1321 1210 1207 1318 1210 1210 1208 1207 1323 1321 1320 1320 1322 1323 1325 1321 1323 1323 1324 1325 1210 1321 1325 1325 1211 1210 1327 1325 1324 1324 1326 1327 1211 1325 1327 1327 1212 1211 1329 1327 1326 1326 1328 1329 1212 1327 1329 1329 1214 1212 1221 1329 1328 1328 1223 1221 1214 1329 1221 1221 1216 1214 1331 1328 1326 1326 1330 1331 1223 1328 1331 1331 1225 1223 1333 1331 1330 1330 1332 1333 1225 1331 1333 1333 1334 1225 1336 1334 1333 1333 1335 1336 1228 1334 1336 1336 1337 1228 1225 1334 1228 1228 1226 1225 1339 1337 1336 1336 1338 1339 1341 1337 1339 1339 1340 1341 1228 1337 1341 1341 1229 1228 1343 1341 1340 1340 1342 1343 1229 1341 1343 1343 1230 1229 1345 1343 1342 1342 1344 1345 1230 1343 1345 1345 1232 1230 1347 1345 1344 1344 1346 1347 1232 1345 1347 1347 1234 1232 1349 1347 1346 1346 1348 1349 1234 1347 1349 1349 1350 1234 1234 1350 1237 1237 1235 1234 1352 1350 1349 1349 1351 1352 1237 1350 1352 1352 1353 1237 1355 1353 1352 1352 1354 1355 1357 1353 1355 1355 1356 1357 1237 1353 1357 1357 1238 1237 1359 1357 1356 1356 1358 1359 1238 1357 1359 1359 1239 1238 1361 1359 1358 1358 1360 1361 1239 1359 1361 1361 1241 1239 1363 1361 1360 1360 1362 1363 1241 1361 1363 1363 1243 1241 1367 1364 1365 1365 1366 1367 1369 1364 1367 1367 1368 1369 1369 1368 1249 1249 1248 1369 1371 1368 1367 1367 1370 1371 1249 1368 1371 1371 1372 1249 1249 1372 1255 1255 1250 1249 1374 1372 1371 1371 1373 1374 1255 1372 1374 1374 1375 1255 1255 1375 1258 1258 1256 1255 1377 1375 1374 1374 1376 1377 1258 1375 1377 1377 1260 1258 1379 1377 1376 1376 1378 1379 1260 1377 1379 1379 1262 1260 1381 1379 1378 1378 1380 1381 1262 1379 1381 1381 1264 1262 1383 1381 1380 1380 1382 1383 1264 1381 1383 1383 1266 1264 1385 1383 1382 1382 1384 1385 1266 1383 1385 1385 1268 1266 1387 1385 1384 1384 1386 1387 1268 1385 1387 1387 1270 1268 1389 1387 1386 1386 1388 1389 1270 1387 1389 1389 1272 1270 1391 1389 1388 1388 1390 1391 1272 1389 1391 1391 1274 1272 1393 1391 1390 1390 1392 1393 1274 1391 1393 1393 1276 1274 1395 1393 1392 1392 1394 1395 1276 1393 1395 1395 1278 1276 1397 1395 1394 1394 1396 1397 1278 1395 1397 1397 1280 1278 1399 1397 1396 1396 1398 1399 1280 1397 1399 1399 1282 1280 1401 1399 1398 1398 1400 1401 1282 1399 1401 1401 1284 1282 1403 1401 1400 1400 1402 1403 1284 1401 1403 1403 1286 1284 1405 1403 1402 1402 1404 1405 1286 1403 1405 1405 1288 1286 1407 1405 1404 1404 1406 1407 1288 1405 1407 1407 1290 1288 1409 1407 1406 1406 1408 1409 1290 1407 1409 1409 1292 1290 1411 1409 1408 1408 1410 1411 1292 1409 1411 1411 1412 1292 1292 1412 1295 1295 1293 1292 1414 1412 1411 1411 1413 1414 1295 1412 1414 1414 1297 1295 1416 1414 1413 1413 1415 1416 1297 1414 1416 1416 1299 1297 1418 1416 1415 1415 1417 1418 1299 1416 1418 1418 1301 1299 1420 1418 1417 1417 1419 1420 1301 1418 1420 1420 1303 1301 1422 1420 1419 1419 1421 1422 1303 1420 1422 1422 1423 1303 1303 1423 1306 1306 1304 1303 1425 1423 1422 1422 1424 1425 1306 1423 1425 1425 1426 1306 1306 1426 1309 1309 1307 1306 1428 1426 1425 1425 1427 1428 1309 1426 1428 1428 1429 1309 1309 1429 1312 1312 1310 1309 1431 1429 1428 1428 1430 1431 1312 1429 1431 1431 1314 1312 1319 1431 1430 1430 1432 1319 1314 1431 1319 1319 1316 1314 1434 1432 1430 1430 1433 1434 1322 1432 1434 1434 1435 1322 1319 1432 1322 1322 1320 1319 1437 1435 1434 1434 1436 1437 1439 1435 1437 1437 1438 1439 1322 1435 1439 1439 1323 1322 1441 1439 1438 1438 1440 1441 1323 1439 1441 1441 1324 1323 1330 1441 1440 1440 1332 1330 1324 1441 1330 1330 1326 1324 1443 1440 1438 1438 1442 1443 1332 1440 1443 1443 1444 1332 1446 1444 1443 1443 1445 1446 1335 1444 1446 1446 1447 1335 1332 1444 1335 1335 1333 1332 1449 1447 1446 1446 1448 1449 1338 1447 1449 1449 1450 1338 1335 1447 1338 1338 1336 1335 1452 1450 1449 1449 1451 1452 1454 1450 1452 1452 1453 1454 1338 1450 1454 1454 1339 1338 1456 1454 1453 1453 1455 1456 1339 1454 1456 1456 1340 1339 1458 1456 1455 1455 1457 1458 1340 1456 1458 1458 1342 1340 1460 1458 1457 1457 1459 1460 1342 1458 1460 1460 1344 1342 1462 1460 1459 1459 1461 1462 1344 1460 1462 1462 1346 1344 1464 1462 1461 1461 1463 1464 1346 1462 1464 1464 1348 1346 1466 1464 1463 1463 1465 1466 1348 1464 1466 1466 1467 1348 1348 1467 1351 1351 1349 1348 1469 1467 1466 1466 1468 1469 1351 1467 1469 1469 1470 1351 1351 1470 1354 1354 1352 1351 1472 1470 1469 1469 1471 1472 1354 1470 1472 1472 1473 1354 1475 1473 1472 1472 1474 1475 1477 1473 1475 1475 1476 1477 1354 1473 1477 1477 1355 1354 1479 1477 1476 1476 1478 1479 1355 1477 1479 1479 1356 1355 1481 1479 1478 1478 1480 1481 1356 1479 1481 1481 1358 1356 1483 1481 1480 1480 1482 1483 1358 1481 1483 1483 1360 1358 1485 1483 1482 1482 1484 1485 1360 1483 1485 1485 1362 1360 1489 1486 1487 1487 1488 1489 1365 1486 1489 1489 1366 1365 1491 1489 1488 1488 1490 1491 1366 1489 1491 1491 1492 1366 1366 1492 1370 1370 1367 1366 1494 1492 1491 1491 1493 1494 1370 1492 1494 1494 1495 1370 1370 1495 1373 1373 1371 1370 1497 1495 1494 1494 1496 1497 1373 1495 1497 1497 1498 1373 1373 1498 1376 1376 1374 1373 1500 1498 1497 1497 1499 1500 1376 1498 1500 1500 1378 1376 1502 1500 1499 1499 1501 1502 1378 1500 1502 1502 1380 1378 1504 1502 1501 1501 1503 1504 1380 1502 1504 1504 1382 1380 1506 1504 1503 1503 1505 1506 1382 1504 1506 1506 1384 1382 1508 1506 1505 1505 1507 1508 1384 1506 1508 1508 1386 1384 1510 1508 1507 1507 1509 1510 1386 1508 1510 1510 1388 1386 1512 1510 1509 1509 1511 1512 1388 1510 1512 1512 1390 1388 1514 1512 1511 1511 1513 1514 1390 1512 1514 1514 1392 1390 1516 1514 1513 1513 1515 1516 1392 1514 1516 1516 1394 1392 1518 1516 1515 1515 1517 1518 1394 1516 1518 1518 1396 1394 1520 1518 1517 1517 1519 1520 1396 1518 1520 1520 1398 1396 1522 1520 1519 1519 1521 1522 1398 1520 1522 1522 1400 1398 1524 1522 1521 1521 1523 1524 1400 1522 1524 1524 1402 1400 1526 1524 1523 1523 1525 1526 1402 1524 1526 1526 1404 1402 1528 1526 1525 1525 1527 1528 1404 1526 1528 1528 1406 1404 1530 1528 1527 1527 1529 1530 1406 1528 1530 1530 1408 1406 1532 1530 1529 1529 1531 1532 1408 1530 1532 1532 1410 1408 1534 1532 1531 1531 1533 1534 1410 1532 1534 1534 1535 1410 1410 1535 1413 1413 1411 1410 1537 1535 1534 1534 1536 1537 1413 1535 1537 1537 1415 1413 1539 1537 1536 1536 1538 1539 1415 1537 1539 1539 1417 1415 1541 1539 1538 1538 1540 1541 1417 1539 1541 1541 1419 1417 1543 1541 1540 1540 1542 1543 1419 1541 1543 1543 1421 1419 1545 1543 1542 1542 1544 1545 1421 1543 1545 1545 1546 1421 1421 1546 1424 1424 1422 1421 1548 1546 1545 1545 1547 1548 1424 1546 1548 1548 1549 1424 1424 1549 1427 1427 1425 1424 1551 1549 1548 1548 1550 1551 1427 1549 1551 1551 1433 1427 1436 1551 1550 1550 1552 1436 1433 1551 1436 1436 1434 1433 1554 1552 1550 1550 1553 1554 1556 1552 1554 1554 1555 1556 1436 1552 1556 1556 1437 1436 1442 1556 1555 1555 1557 1442 1437 1556 1442 1442 1438 1437 1559 1557 1555 1555 1558 1559 1445 1557 1559 1559 1560 1445 1442 1557 1445 1445 1443 1442 1562 1560 1559 1559 1561 1562 1448 1560 1562 1562 1563 1448 1445 1560 1448 1448 1446 1445 1565 1563 1562 1562 1564 1565 1451 1563 1565 1565 1566 1451 1448 1563 1451 1451 1449 1448 1568 1566 1565 1565 1567 1568 1570 1566 1568 1568 1569 1570 1451 1566 1570 1570 1452 1451 1572 1570 1569 1569 1571 1572 1452 1570 1572 1572 1453 1452 1574 1572 1571 1571 1573 1574 1453 1572 1574 1574 1455 1453 1576 1574 1573 1573 1575 1576 1455 1574 1576 1576 1457 1455 1578 1576 1575 1575 1577 1578 1457 1576 1578 1578 1459 1457 1580 1578 1577 1577 1579 1580 1459 1578 1580 1580 1461 1459 1582 1580 1579 1579 1581 1582 1461 1580 1582 1582 1463 1461 1584 1582 1581 1581 1583 1584 1463 1582 1584 1584 1465 1463 1586 1584 1583 1583 1585 1586 1465 1584 1586 1586 1587 1465 1465 1587 1468 1468 1466 1465 1589 1587 1586 1586 1588 1589 1468 1587 1589 1589 1590 1468 1468 1590 1471 1471 1469 1468 1592 1590 1589 1589 1591 1592 1471 1590 1592 1592 1593 1471 1471 1593 1474 1474 1472 1471 1595 1593 1592 1592 1594 1595 1474 1593 1595 1595 1596 1474 1598 1596 1595 1595 1597 1598 1600 1596 1598 1598 1599 1600 1474 1596 1600 1600 1475 1474 1602 1600 1599 1599 1601 1602 1475 1600 1602 1602 1476 1475 1604 1602 1601 1601 1603 1604 1476 1602 1604 1604 1478 1476 1606 1604 1603 1603 1605 1606 1478 1604 1606 1606 1480 1478 1608 1606 1605 1605 1607 1608 1480 1606 1608 1608 1482 1480 1610 1608 1607 1607 1609 1610 1482 1608 1610 1610 1484 1482 1614 1611 1612 1612 1613 1614 1487 1611 1614 1614 1488 1487 1616 1614 1613 1613 1615 1616 1488 1614 1616 1616 1490 1488 1618 1616 1615 1615 1617 1618 1490 1616 1618 1618 1619 1490 1490 1619 1493 1493 1491 1490 1621 1619 1618 1618 1620 1621 1493 1619 1621 1621 1622 1493 1493 1622 1496 1496 1494 1493 1624 1622 1621 1621 1623 1624 1496 1622 1624 1624 1625 1496 1496 1625 1499 1499 1497 1496 1627 1625 1624 1624 1626 1627 1499 1625 1627 1627 1501 1499 1629 1627 1626 1626 1628 1629 1501 1627 1629 1629 1503 1501 1631 1629 1628 1628 1630 1631 1503 1629 1631 1631 1505 1503 1633 1631 1630 1630 1632 1633 1505 1631 1633 1633 1507 1505 1635 1633 1632 1632 1634 1635 1507 1633 1635 1635 1509 1507 1637 1635 1634 1634 1636 1637 1509 1635 1637 1637 1511 1509 1639 1637 1636 1636 1638 1639 1511 1637 1639 1639 1513 1511 1641 1639 1638 1638 1640 1641 1513 1639 1641 1641 1515 1513 1643 1641 1640 1640 1642 1643 1515 1641 1643 1643 1517 1515 1645 1643 1642 1642 1644 1645 1517 1643 1645 1645 1519 1517 1647 1645 1644 1644 1646 1647 1519 1645 1647 1647 1521 1519 1649 1647 1646 1646 1648 1649 1521 1647 1649 1649 1523 1521 1651 1649 1648 1648 1650 1651 1523 1649 1651 1651 1525 1523 1653 1651 1650 1650 1652 1653 1525 1651 1653 1653 1527 1525 1655 1653 1652 1652 1654 1655 1527 1653 1655 1655 1529 1527 1657 1655 1654 1654 1656 1657 1529 1655 1657 1657 1531 1529 1659 1657 1656 1656 1658 1659 1531 1657 1659 1659 1533 1531 1661 1659 1658 1658 1660 1661 1533 1659 1661 1661 1662 1533 1533 1662 1536 1536 1534 1533 1664 1662 1661 1661 1663 1664 1536 1662 1664 1664 1538 1536 1666 1664 1663 1663 1665 1666 1538 1664 1666 1666 1540 1538 1668 1666 1665 1665 1667 1668 1540 1666 1668 1668 1542 1540 1670 1668 1667 1667 1669 1670 1542 1668 1670 1670 1544 1542 1672 1670 1669 1669 1671 1672 1544 1670 1672 1672 1673 1544 1544 1673 1547 1547 1545 1544 1675 1673 1672 1672 1674 1675 1547 1673 1675 1675 1553 1547 1677 1675 1674 1674 1676 1677 1553 1675 1677 1677 1554 1553 1558 1677 1676 1676 1678 1558 1554 1677 1558 1558 1555 1554 1680 1678 1676 1676 1679 1680 1561 1678 1680 1680 1681 1561 1558 1678 1561 1561 1559 1558 1683 1681 1680 1680 1682 1683 1564 1681 1683 1683 1684 1564 1561 1681 1564 1564 1562 1561 1686 1684 1683 1683 1685 1686 1567 1684 1686 1686 1687 1567 1564 1684 1567 1567 1565 1564 1689 1687 1686 1686 1688 1689 1691 1687 1689 1689 1690 1691 1567 1687 1691 1691 1568 1567 1693 1691 1690 1690 1692 1693 1568 1691 1693 1693 1569 1568 1695 1693 1692 1692 1694 1695 1569 1693 1695 1695 1571 1569 1697 1695 1694 1694 1696 1697 1571 1695 1697 1697 1573 1571 1699 1697 1696 1696 1698 1699 1573 1697 1699 1699 1575 1573 1701 1699 1698 1698 1700 1701 1575 1699 1701 1701 1577 1575 1703 1701 1700 1700 1702 1703 1577 1701 1703 1703 1579 1577 1705 1703 1702 1702 1704 1705 1579 1703 1705 1705 1581 1579 1707 1705 1704 1704 1706 1707 1581 1705 1707 1707 1583 1581 1709 1707 1706 1706 1708 1709 1583 1707 1709 1709 1585 1583 1711 1709 1708 1708 1710 1711 1585 1709 1711 1711 1712 1585 1585 1712 1588 1588 1586 1585 1714 1712 1711 1711 1713 1714 1588 1712 1714 1714 1715 1588 1588 1715 1591 1591 1589 1588 1717 1715 1714 1714 1716 1717 1591 1715 1717 1717 1718 1591 1591 1718 1594 1594 1592 1591 1720 1718 1717 1717 1719 1720 1594 1718 1720 1720 1721 1594 1594 1721 1597 1597 1595 1594 1723 1721 1720 1720 1722 1723 1597 1721 1723 1723 1724 1597 1726 1724 1723 1723 1725 1726 1728 1724 1726 1726 1727 1728 1597 1724 1728 1728 1598 1597 1730 1728 1727 1727 1729 1730 1598 1728 1730 1730 1599 1598 1732 1730 1729 1729 1731 1732 1599 1730 1732 1732 1601 1599 1734 1732 1731 1731 1733 1734 1601 1732 1734 1734 1603 1601 1736 1734 1733 1733 1735 1736 1603 1734 1736 1736 1605 1603 1738 1736 1735 1735 1737 1738 1605 1736 1738 1738 1607 1605 1740 1738 1737 1737 1739 1740 1607 1738 1740 1740 1609 1607 1744 1741 1742 1742 1743 1744 1612 1741 1744 1744 1613 1612 1746 1744 1743 1743 1745 1746 1613 1744 1746 1746 1615 1613 1748 1746 1745 1745 1747 1748 1615 1746 1748 1748 1617 1615 1750 1748 1747 1747 1749 1750 1617 1748 1750 1750 1751 1617 1617 1751 1620 1620 1618 1617 1753 1751 1750 1750 1752 1753 1620 1751 1753 1753 1754 1620 1620 1754 1623 1623 1621 1620 1756 1754 1753 1753 1755 1756 1623 1754 1756 1756 1757 1623 1623 1757 1626 1626 1624 1623 1759 1757 1756 1756 1758 1759 1626 1757 1759 1759 1628 1626 1761 1759 1758 1758 1760 1761 1628 1759 1761 1761 1630 1628 1763 1761 1760 1760 1762 1763 1630 1761 1763 1763 1632 1630 1765 1763 1762 1762 1764 1765 1632 1763 1765 1765 1634 1632 1767 1765 1764 1764 1766 1767 1634 1765 1767 1767 1636 1634 1769 1767 1766 1766 1768 1769 1636 1767 1769 1769 1638 1636 1771 1769 1768 1768 1770 1771 1638 1769 1771 1771 1640 1638 1773 1771 1770 1770 1772 1773 1640 1771 1773 1773 1642 1640 1775 1773 1772 1772 1774 1775 1642 1773 1775 1775 1644 1642 1777 1775 1774 1774 1776 1777 1644 1775 1777 1777 1646 1644 1779 1777 1776 1776 1778 1779 1646 1777 1779 1779 1648 1646 1781 1779 1778 1778 1780 1781 1648 1779 1781 1781 1650 1648 1783 1781 1780 1780 1782 1783 1650 1781 1783 1783 1652 1650 1785 1783 1782 1782 1784 1785 1652 1783 1785 1785 1654 1652 1787 1785 1784 1784 1786 1787 1654 1785 1787 1787 1656 1654 1789 1787 1786 1786 1788 1789 1656 1787 1789 1789 1658 1656 1791 1789 1788 1788 1790 1791 1658 1789 1791 1791 1660 1658 1793 1791 1790 1790 1792 1793 1660 1791 1793 1793 1794 1660 1660 1794 1663 1663 1661 1660 1796 1794 1793 1793 1795 1796 1663 1794 1796 1796 1665 1663 1798 1796 1795 1795 1797 1798 1665 1796 1798 1798 1667 1665 1800 1798 1797 1797 1799 1800 1667 1798 1800 1800 1669 1667 1802 1800 1799 1799 1801 1802 1669 1800 1802 1802 1671 1669 1804 1802 1801 1801 1803 1804 1671 1802 1804 1804 1805 1671 1671 1805 1674 1674 1672 1671 1679 1805 1804 1804 1806 1679 1674 1805 1679 1679 1676 1674 1807 1806 1804 1804 1803 1807 1682 1806 1807 1807 1808 1682 1679 1806 1682 1682 1680 1679 1810 1808 1807 1807 1809 1810 1685 1808 1810 1810 1811 1685 1682 1808 1685 1685 1683 1682 1813 1811 1810 1810 1812 1813 1688 1811 1813 1813 1814 1688 1685 1811 1688 1688 1686 1685 1816 1814 1813 1813 1815 1816 1818 1814 1816 1816 1817 1818 1688 1814 1818 1818 1689 1688 1820 1818 1817 1817 1819 1820 1689 1818 1820 1820 1690 1689 1822 1820 1819 1819 1821 1822 1690 1820 1822 1822 1692 1690 1824 1822 1821 1821 1823 1824 1692 1822 1824 1824 1694 1692 1826 1824 1823 1823 1825 1826 1694 1824 1826 1826 1696 1694 1828 1826 1825 1825 1827 1828 1696 1826 1828 1828 1698 1696 1830 1828 1827 1827 1829 1830 1698 1828 1830 1830 1700 1698 1832 1830 1829 1829 1831 1832 1700 1830 1832 1832 1702 1700 1834 1832 1831 1831 1833 1834 1702 1832 1834 1834 1704 1702 1836 1834 1833 1833 1835 1836 1704 1834 1836 1836 1706 1704 1838 1836 1835 1835 1837 1838 1706 1836 1838 1838 1708 1706 1840 1838 1837 1837 1839 1840 1708 1838 1840 1840 1710 1708 1842 1840 1839 1839 1841 1842 1710 1840 1842 1842 1843 1710 1710 1843 1713 1713 1711 1710 1845 1843 1842 1842 1844 1845 1713 1843 1845 1845 1846 1713 1713 1846 1716 1716 1714 1713 1848 1846 1845 1845 1847 1848 1716 1846 1848 1848 1849 1716 1716 1849 1719 1719 1717 1716 1851 1849 1848 1848 1850 1851 1719 1849 1851 1851 1852 1719 1719 1852 1722 1722 1720 1719 1854 1852 1851 1851 1853 1854 1722 1852 1854 1854 1855 1722 1857 1855 1854 1854 1856 1857 1725 1855 1857 1857 1858 1725 1722 1855 1725 1725 1723 1722 1860 1858 1857 1857 1859 1860 1862 1858 1860 1860 1861 1862 1725 1858 1862 1862 1726 1725 1864 1862 1861 1861 1863 1864 1726 1862 1864 1864 1727 1726 1866 1864 1863 1863 1865 1866 1727 1864 1866 1866 1729 1727 1868 1866 1865 1865 1867 1868 1729 1866 1868 1868 1731 1729 1870 1868 1867 1867 1869 1870 1731 1868 1870 1870 1733 1731 1872 1870 1869 1869 1871 1872 1733 1870 1872 1872 1735 1733 1874 1872 1871 1871 1873 1874 1735 1872 1874 1874 1737 1735 1876 1874 1873 1873 1875 1876 1737 1874 1876 1876 1739 1737 1880 1877 1878 1878 1879 1880 1742 1877 1880 1880 1743 1742 1882 1880 1879 1879 1881 1882 1743 1880 1882 1882 1745 1743 1884 1882 1881 1881 1883 1884 1745 1882 1884 1884 1747 1745 1886 1884 1883 1883 1885 1886 1747 1884 1886 1886 1749 1747 1888 1886 1885 1885 1887 1888 1749 1886 1888 1888 1889 1749 1749 1889 1752 1752 1750 1749 1891 1889 1888 1888 1890 1891 1752 1889 1891 1891 1892 1752 1752 1892 1755 1755 1753 1752 1894 1892 1891 1891 1893 1894 1755 1892 1894 1894 1895 1755 1755 1895 1758 1758 1756 1755 1897 1895 1894 1894 1896 1897 1758 1895 1897 1897 1760 1758 1899 1897 1896 1896 1898 1899 1760 1897 1899 1899 1762 1760 1901 1899 1898 1898 1900 1901 1762 1899 1901 1901 1764 1762 1903 1901 1900 1900 1902 1903 1764 1901 1903 1903 1766 1764 1905 1903 1902 1902 1904 1905 1766 1903 1905 1905 1768 1766 1907 1905 1904 1904 1906 1907 1768 1905 1907 1907 1770 1768 1909 1907 1906 1906 1908 1909 1770 1907 1909 1909 1772 1770 1911 1909 1908 1908 1910 1911 1772 1909 1911 1911 1774 1772 1913 1911 1910 1910 1912 1913 1774 1911 1913 1913 1776 1774 1915 1913 1912 1912 1914 1915 1776 1913 1915 1915 1778 1776 1917 1915 1914 1914 1916 1917 1778 1915 1917 1917 1780 1778 1919 1917 1916 1916 1918 1919 1780 1917 1919 1919 1782 1780 1921 1919 1918 1918 1920 1921 1782 1919 1921 1921 1784 1782 1923 1921 1920 1920 1922 1923 1784 1921 1923 1923 1786 1784 1925 1923 1922 1922 1924 1925 1786 1923 1925 1925 1788 1786 1927 1925 1924 1924 1926 1927 1788 1925 1927 1927 1790 1788 1929 1927 1926 1926 1928 1929 1790 1927 1929 1929 1792 1790 1931 1929 1928 1928 1930 1931 1792 1929 1931 1931 1932 1792 1792 1932 1795 1795 1793 1792 1934 1932 1931 1931 1933 1934 1795 1932 1934 1934 1797 1795 1936 1934 1933 1933 1935 1936 1797 1934 1936 1936 1799 1797 1938 1936 1935 1935 1937 1938 1799 1936 1938 1938 1801 1799 1940 1938 1937 1937 1939 1940 1801 1938 1940 1940 1803 1801 1809 1940 1939 1939 1941 1809 1803 1940 1809 1809 1807 1803 1943 1941 1939 1939 1942 1943 1812 1941 1943 1943 1944 1812 1809 1941 1812 1812 1810 1809 1946 1944 1943 1943 1945 1946 1815 1944 1946 1946 1947 1815 1812 1944 1815 1815 1813 1812 1949 1947 1946 1946 1948 1949 1951 1947 1949 1949 1950 1951 1815 1947 1951 1951 1816 1815 1953 1951 1950 1950 1952 1953 1816 1951 1953 1953 1817 1816 1955 1953 1952 1952 1954 1955 1817 1953 1955 1955 1819 1817 1957 1955 1954 1954 1956 1957 1819 1955 1957 1957 1821 1819 1959 1957 1956 1956 1958 1959 1821 1957 1959 1959 1823 1821 1961 1959 1958 1958 1960 1961 1823 1959 1961 1961 1825 1823 1963 1961 1960 1960 1962 1963 1825 1961 1963 1963 1827 1825 1965 1963 1962 1962 1964 1965 1827 1963 1965 1965 1829 1827 1967 1965 1964 1964 1966 1967 1829 1965 1967 1967 1831 1829 1969 1967 1966 1966 1968 1969 1831 1967 1969 1969 1833 1831 1971 1969 1968 1968 1970 1971 1833 1969 1971 1971 1835 1833 1973 1971 1970 1970 1972 1973 1835 1971 1973 1973 1837 1835 1975 1973 1972 1972 1974 1975 1837 1973 1975 1975 1839 1837 1977 1975 1974 1974 1976 1977 1839 1975 1977 1977 1841 1839 1979 1977 1976 1976 1978 1979 1841 1977 1979 1979 1980 1841 1841 1980 1844 1844 1842 1841 1982 1980 1979 1979 1981 1982 1844 1980 1982 1982 1983 1844 1844 1983 1847 1847 1845 1844 1985 1983 1982 1982 1984 1985 1847 1983 1985 1985 1986 1847 1847 1986 1850 1850 1848 1847 1988 1986 1985 1985 1987 1988 1850 1986 1988 1988 1989 1850 1850 1989 1853 1853 1851 1850 1991 1989 1988 1988 1990 1991 1853 1989 1991 1991 1992 1853 1853 1992 1856 1856 1854 1853 1994 1992 1991 1991 1993 1994 1856 1992 1994 1994 1995 1856 1997 1995 1994 1994 1996 1997 1859 1995 1997 1997 1998 1859 1856 1995 1859 1859 1857 1856 2000 1998 1997 1997 1999 2000 2002 1998 2000 2000 2001 2002 1859 1998 2002 2002 1860 1859 2004 2002 2001 2001 2003 2004 1860 2002 2004 2004 1861 1860 2006 2004 2003 2003 2005 2006 1861 2004 2006 2006 1863 1861 2008 2006 2005 2005 2007 2008 1863 2006 2008 2008 1865 1863 2010 2008 2007 2007 2009 2010 1865 2008 2010 2010 1867 1865 2012 2010 2009 2009 2011 2012 1867 2010 2012 2012 1869 1867 2014 2012 2011 2011 2013 2014 1869 2012 2014 2014 1871 1869 2016 2014 2013 2013 2015 2016 1871 2014 2016 2016 1873 1871 2018 2016 2015 2015 2017 2018 1873 2016 2018 2018 1875 1873 2022 2019 2020 2020 2021 2022 1878 2019 2022 2022 1879 1878 2024 2022 2021 2021 2023 2024 1879 2022 2024 2024 1881 1879 2026 2024 2023 2023 2025 2026 1881 2024 2026 2026 1883 1881 2028 2026 2025 2025 2027 2028 1883 2026 2028 2028 1885 1883 2030 2028 2027 2027 2029 2030 1885 2028 2030 2030 1887 1885 2032 2030 2029 2029 2031 2032 1887 2030 2032 2032 2033 1887 1887 2033 1890 1890 1888 1887 2035 2033 2032 2032 2034 2035 1890 2033 2035 2035 2036 1890 1890 2036 1893 1893 1891 1890 2038 2036 2035 2035 2037 2038 1893 2036 2038 2038 2039 1893 1893 2039 1896 1896 1894 1893 2041 2039 2038 2038 2040 2041 1896 2039 2041 2041 1898 1896 2043 2041 2040 2040 2042 2043 1898 2041 2043 2043 1900 1898 2045 2043 2042 2042 2044 2045 1900 2043 2045 2045 1902 1900 2047 2045 2044 2044 2046 2047 1902 2045 2047 2047 1904 1902 2049 2047 2046 2046 2048 2049 1904 2047 2049 2049 1906 1904 2051 2049 2048 2048 2050 2051 1906 2049 2051 2051 1908 1906 2053 2051 2050 2050 2052 2053 1908 2051 2053 2053 1910 1908 2055 2053 2052 2052 2054 2055 1910 2053 2055 2055 1912 1910 2057 2055 2054 2054 2056 2057 1912 2055 2057 2057 1914 1912 2059 2057 2056 2056 2058 2059 1914 2057 2059 2059 1916 1914 2061 2059 2058 2058 2060 2061 1916 2059 2061 2061 1918 1916 2063 2061 2060 2060 2062 2063 1918 2061 2063 2063 1920 1918 2065 2063 2062 2062 2064 2065 1920 2063 2065 2065 1922 1920 2067 2065 2064 2064 2066 2067 1922 2065 2067 2067 1924 1922 2069 2067 2066 2066 2068 2069 1924 2067 2069 2069 1926 1924 2071 2069 2068 2068 2070 2071 1926 2069 2071 2071 1928 1926 2073 2071 2070 2070 2072 2073 1928 2071 2073 2073 1930 1928 2075 2073 2072 2072 2074 2075 1930 2073 2075 2075 2076 1930 1930 2076 1933 1933 1931 1930 2078 2076 2075 2075 2077 2078 1933 2076 2078 2078 1935 1933 2080 2078 2077 2077 2079 2080 1935 2078 2080 2080 1937 1935 1942 2080 2079 2079 2081 1942 1937 2080 1942 1942 1939 1937 2083 2081 2079 2079 2082 2083 1945 2081 2083 2083 2084 1945 1942 2081 1945 1945 1943 1942 2086 2084 2083 2083 2085 2086 1948 2084 2086 2086 2087 1948 1945 2084 1948 1948 1946 1945 2089 2087 2086 2086 2088 2089 2091 2087 2089 2089 2090 2091 1948 2087 2091 2091 1949 1948 2093 2091 2090 2090 2092 2093 1949 2091 2093 2093 1950 1949 2095 2093 2092 2092 2094 2095 1950 2093 2095 2095 1952 1950 2097 2095 2094 2094 2096 2097 1952 2095 2097 2097 1954 1952 2099 2097 2096 2096 2098 2099 1954 2097 2099 2099 1956 1954 2101 2099 2098 2098 2100 2101 1956 2099 2101 2101 1958 1956 2103 2101 2100 2100 2102 2103 1958 2101 2103 2103 1960 1958 2105 2103 2102 2102 2104 2105 1960 2103 2105 2105 1962 1960 2107 2105 2104 2104 2106 2107 1962 2105 2107 2107 1964 1962 2109 2107 2106 2106 2108 2109 1964 2107 2109 2109 1966 1964 2111 2109 2108 2108 2110 2111 1966 2109 2111 2111 1968 1966 2113 2111 2110 2110 2112 2113 1968 2111 2113 2113 1970 1968 2115 2113 2112 2112 2114 2115 1970 2113 2115 2115 1972 1970 2117 2115 2114 2114 2116 2117 1972 2115 2117 2117 1974 1972 2119 2117 2116 2116 2118 2119 1974 2117 2119 2119 1976 1974 2121 2119 2118 2118 2120 2121 1976 2119 2121 2121 1978 1976 2123 2121 2120 2120 2122 2123 1978 2121 2123 2123 2124 1978 1978 2124 1981 1981 1979 1978 2126 2124 2123 2123 2125 2126 1981 2124 2126 2126 2127 1981 1981 2127 1984 1984 1982 1981 2129 2127 2126 2126 2128 2129 1984 2127 2129 2129 2130 1984 1984 2130 1987 1987 1985 1984 2132 2130 2129 2129 2131 2132 1987 2130 2132 2132 2133 1987 1987 2133 1990 1990 1988 1987 2135 2133 2132 2132 2134 2135 1990 2133 2135 2135 2136 1990 1990 2136 1993 1993 1991 1990 2138 2136 2135 2135 2137 2138 1993 2136 2138 2138 2139 1993 1993 2139 1996 1996 1994 1993 2141 2139 2138 2138 2140 2141 1996 2139 2141 2141 2142 1996 1996 2142 1999 1999 1997 1996 2144 2142 2141 2141 2143 2144 1999 2142 2144 2144 2145 1999 2147 2145 2144 2144 2146 2147 2149 2145 2147 2147 2148 2149 1999 2145 2149 2149 2000 1999 2151 2149 2148 2148 2150 2151 2000 2149 2151 2151 2001 2000 2153 2151 2150 2150 2152 2153 2001 2151 2153 2153 2003 2001 2155 2153 2152 2152 2154 2155 2003 2153 2155 2155 2005 2003 2157 2155 2154 2154 2156 2157 2005 2155 2157 2157 2007 2005 2159 2157 2156 2156 2158 2159 2007 2157 2159 2159 2009 2007 2161 2159 2158 2158 2160 2161 2009 2159 2161 2161 2011 2009 2163 2161 2160 2160 2162 2163 2011 2161 2163 2163 2013 2011 2165 2163 2162 2162 2164 2165 2013 2163 2165 2165 2015 2013 2167 2165 2164 2164 2166 2167 2015 2165 2167 2167 2017 2015 2171 2168 2169 2169 2170 2171 2020 2168 2171 2171 2021 2020 2173 2171 2170 2170 2172 2173 2021 2171 2173 2173 2023 2021 2175 2173 2172 2172 2174 2175 2023 2173 2175 2175 2025 2023 2177 2175 2174 2174 2176 2177 2025 2175 2177 2177 2027 2025 2179 2177 2176 2176 2178 2179 2027 2177 2179 2179 2029 2027 2181 2179 2178 2178 2180 2181 2029 2179 2181 2181 2031 2029 2183 2181 2180 2180 2182 2183 2031 2181 2183 2183 2184 2031 2031 2184 2034 2034 2032 2031 2186 2184 2183 2183 2185 2186 2034 2184 2186 2186 2187 2034 2034 2187 2037 2037 2035 2034 2189 2187 2186 2186 2188 2189 2037 2187 2189 2189 2190 2037 2037 2190 2040 2040 2038 2037 2192 2190 2189 2189 2191 2192 2040 2190 2192 2192 2042 2040 2193 2192 2191 2191 330 2193 2042 2192 2193 2193 2044 2042 2194 2193 330 330 329 2194 2044 2193 2194 2194 2046 2044 2195 2194 329 329 328 2195 2046 2194 2195 2195 2048 2046 2197 2195 328 328 2196 2197 2048 2195 2197 2197 2050 2048 2199 2197 2196 2196 2198 2199 2050 2197 2199 2199 2052 2050 2201 2199 2198 2198 2200 2201 2052 2199 2201 2201 2054 2052 2203 2201 2200 2200 2202 2203 2054 2201 2203 2203 2056 2054 2205 2203 2202 2202 2204 2205 2056 2203 2205 2205 2058 2056 2207 2205 2204 2204 2206 2207 2058 2205 2207 2207 2060 2058 2209 2207 2206 2206 2208 2209 2060 2207 2209 2209 2062 2060 2211 2209 2208 2208 2210 2211 2062 2209 2211 2211 2064 2062 2213 2211 2210 2210 2212 2213 2064 2211 2213 2213 2066 2064 2215 2213 2212 2212 2214 2215 2066 2213 2215 2215 2068 2066 2217 2215 2214 2214 2216 2217 2068 2215 2217 2217 2070 2068 2219 2217 2216 2216 2218 2219 2070 2217 2219 2219 2072 2070 2221 2219 2218 2218 2220 2221 2072 2219 2221 2221 2074 2072 2223 2221 2220 2220 2222 2223 2074 2221 2223 2223 2224 2074 2074 2224 2077 2077 2075 2074 2082 2224 2223 2223 2225 2082 2077 2224 2082 2082 2079 2077 2226 2225 2223 2223 2222 2226 2085 2225 2226 2226 2227 2085 2082 2225 2085 2085 2083 2082 2229 2227 2226 2226 2228 2229 2088 2227 2229 2229 2230 2088 2085 2227 2088 2088 2086 2085 2232 2230 2229 2229 2231 2232 2234 2230 2232 2232 2233 2234 2088 2230 2234 2234 2089 2088 2236 2234 2233 2233 2235 2236 2089 2234 2236 2236 2090 2089 2238 2236 2235 2235 2237 2238 2090 2236 2238 2238 2092 2090 2240 2238 2237 2237 2239 2240 2092 2238 2240 2240 2094 2092 2242 2240 2239 2239 2241 2242 2094 2240 2242 2242 2096 2094 2244 2242 2241 2241 2243 2244 2096 2242 2244 2244 2098 2096 2246 2244 2243 2243 2245 2246 2098 2244 2246 2246 2100 2098 2248 2246 2245 2245 2247 2248 2100 2246 2248 2248 2102 2100 2250 2248 2247 2247 2249 2250 2102 2248 2250 2250 2104 2102 2252 2250 2249 2249 2251 2252 2104 2250 2252 2252 2106 2104 2254 2252 2251 2251 2253 2254 2106 2252 2254 2254 2108 2106 2256 2254 2253 2253 2255 2256 2108 2254 2256 2256 2110 2108 2258 2256 2255 2255 2257 2258 2110 2256 2258 2258 2112 2110 2260 2258 2257 2257 2259 2260 2112 2258 2260 2260 2114 2112 2262 2260 2259 2259 2261 2262 2114 2260 2262 2262 2116 2114 2264 2262 2261 2261 2263 2264 2116 2262 2264 2264 2118 2116 2266 2264 2263 2263 2265 2266 2118 2264 2266 2266 2120 2118 2268 2266 2265 2265 2267 2268 2120 2266 2268 2268 2122 2120 2270 2268 2267 2267 2269 2270 2122 2268 2270 2270 2271 2122 2122 2271 2125 2125 2123 2122 2273 2271 2270 2270 2272 2273 2125 2271 2273 2273 2274 2125 2125 2274 2128 2128 2126 2125 2276 2274 2273 2273 2275 2276 2128 2274 2276 2276 2277 2128 2128 2277 2131 2131 2129 2128 2279 2277 2276 2276 2278 2279 2131 2277 2279 2279 2280 2131 2131 2280 2134 2134 2132 2131 2282 2280 2279 2279 2281 2282 2134 2280 2282 2282 2283 2134 2134 2283 2137 2137 2135 2134 2285 2283 2282 2282 2284 2285 2137 2283 2285 2285 2286 2137 2137 2286 2140 2140 2138 2137 2288 2286 2285 2285 2287 2288 2140 2286 2288 2288 2289 2140 2140 2289 2143 2143 2141 2140 2291 2289 2288 2288 2290 2291 2143 2289 2291 2291 2292 2143 2143 2292 2146 2146 2144 2143 2294 2292 2291 2291 2293 2294 2146 2292 2294 2294 2295 2146 321 2295 2294 2294 2296 321 2297 2295 321 321 320 2297 2146 2295 2297 2297 2147 2146 2299 2297 320 320 2298 2299 2147 2297 2299 2299 2148 2147 2301 2299 2298 2298 2300 2301 2148 2299 2301 2301 2150 2148 2303 2301 2300 2300 2302 2303 2150 2301 2303 2303 2152 2150 2305 2303 2302 2302 2304 2305 2152 2303 2305 2305 2154 2152 2307 2305 2304 2304 2306 2307 2154 2305 2307 2307 2156 2154 2309 2307 2306 2306 2308 2309 2156 2307 2309 2309 2158 2156 2311 2309 2308 2308 2310 2311 2158 2309 2311 2311 2160 2158 2313 2311 2310 2310 2312 2313 2160 2311 2313 2313 2162 2160 2315 2313 2312 2312 2314 2315 2162 2313 2315 2315 2164 2162 2317 2315 2314 2314 2316 2317 2164 2315 2317 2317 2166 2164 2321 2318 2319 2319 2320 2321 2169 2318 2321 2321 2170 2169 2323 2321 2320 2320 2322 2323 2170 2321 2323 2323 2172 2170 2325 2323 2322 2322 2324 2325 2172 2323 2325 2325 2174 2172 2327 2325 2324 2324 2326 2327 2174 2325 2327 2327 2176 2174 2329 2327 2326 2326 2328 2329 2176 2327 2329 2329 2178 2176 2331 2329 2328 2328 2330 2331 2178 2329 2331 2331 2180 2178 341 2331 2330 2330 339 341 2180 2331 341 341 2182 2180 2333 2330 2328 2328 2332 2333 339 2330 2333 2333 340 339 2335 2333 2332 2332 2334 2335 340 2333 2335 2335 2336 340 2338 2336 2335 2335 2337 2338 316 2336 2338 2338 2339 316 340 2336 316 316 315 340 2341 2339 2338 2338 2340 2341 2343 2339 2341 2341 2342 2343 316 2339 2343 2343 317 316 2347 2344 2345 2345 2346 2347 311 2344 2347 2347 312 311 2349 2347 2346 2346 2348 2349 312 2347 2349 2349 2350 312 312 2350 2351 2351 313 312 2353 2350 2349 2349 2352 2353 2351 2350 2353 2353 2354 2351 2351 2354 2300 2300 2298 2351 2356 2354 2353 2353 2355 2356 2300 2354 2356 2356 2302 2300 2358 2356 2355 2355 2357 2358 2302 2356 2358 2358 2304 2302 2360 2358 2357 2357 2359 2360 2304 2358 2360 2360 2306 2304 2362 2360 2359 2359 2361 2362 2306 2360 2362 2362 2308 2306 2364 2362 2361 2361 2363 2364 2308 2362 2364 2364 2310 2308 2366 2364 2363 2363 2365 2366 2310 2364 2366 2366 2312 2310 2368 2366 2365 2365 2367 2368 2312 2366 2368 2368 2314 2312 2370 2368 2367 2367 2369 2370 2314 2368 2370 2370 2316 2314 2374 2371 2372 2372 2373 2374 2319 2371 2374 2374 2320 2319 2376 2374 2373 2373 2375 2376 2320 2374 2376 2376 2322 2320 2378 2376 2375 2375 2377 2378 2322 2376 2378 2378 2324 2322 2380 2378 2377 2377 2379 2380 2324 2378 2380 2380 2326 2324 2332 2380 2379 2379 2334 2332 2326 2380 2332 2332 2328 2326 2382 2379 2377 2377 2381 2382 2334 2379 2382 2382 2383 2334 2385 2383 2382 2382 2384 2385 2337 2383 2385 2385 2386 2337 2334 2383 2337 2337 2335 2334 2388 2386 2385 2385 2387 2388 2340 2386 2388 2388 2389 2340 2337 2386 2340 2340 2338 2337 2391 2389 2388 2388 2390 2391 2393 2389 2391 2391 2392 2393 2340 2389 2393 2393 2341 2340 2395 2393 2392 2392 2394 2395 2341 2393 2395 2395 2342 2341 2399 2396 2397 2397 2398 2399 2345 2396 2399 2399 2346 2345 2401 2399 2398 2398 2400 2401 2346 2399 2401 2401 2348 2346 2403 2401 2400 2400 2402 2403 2348 2401 2403 2403 2404 2348 2348 2404 2352 2352 2349 2348 2406 2404 2403 2403 2405 2406 2352 2404 2406 2406 2407 2352 2352 2407 2355 2355 2353 2352 2409 2407 2406 2406 2408 2409 2355 2407 2409 2409 2357 2355 2411 2409 2408 2408 2410 2411 2357 2409 2411 2411 2359 2357 2413 2411 2410 2410 2412 2413 2359 2411 2413 2413 2361 2359 2415 2413 2412 2412 2414 2415 2361 2413 2415 2415 2363 2361 2417 2415 2414 2414 2416 2417 2363 2415 2417 2417 2365 2363 2419 2417 2416 2416 2418 2419 2365 2417 2419 2419 2367 2365 2421 2419 2418 2418 2420 2421 2367 2419 2421 2421 2369 2367 2425 2422 2423 2423 2424 2425 2372 2422 2425 2425 2373 2372 2427 2425 2424 2424 2426 2427 2373 2425 2427 2427 2375 2373 2381 2427 2426 2426 2428 2381 2375 2427 2381 2381 2377 2375 2430 2428 2426 2426 2429 2430 2384 2428 2430 2430 2431 2384 2381 2428 2384 2384 2382 2381 2433 2431 2430 2430 2432 2433 2387 2431 2433 2433 2434 2387 2384 2431 2387 2387 2385 2384 2436 2434 2433 2433 2435 2436 2390 2434 2436 2436 2437 2390 2387 2434 2390 2390 2388 2387 2439 2437 2436 2436 2438 2439 2441 2437 2439 2439 2440 2441 2390 2437 2441 2441 2391 2390 2443 2441 2440 2440 2442 2443 2391 2441 2443 2443 2392 2391 2445 2443 2442 2442 2444 2445 2392 2443 2445 2445 2394 2392 2449 2446 2447 2447 2448 2449 2397 2446 2449 2449 2398 2397 2451 2449 2448 2448 2450 2451 2398 2449 2451 2451 2400 2398 2453 2451 2450 2450 2452 2453 2400 2451 2453 2453 2402 2400 2455 2453 2452 2452 2454 2455 2402 2453 2455 2455 2456 2402 2402 2456 2405 2405 2403 2402 2458 2456 2455 2455 2457 2458 2405 2456 2458 2458 2459 2405 2405 2459 2408 2408 2406 2405 2461 2459 2458 2458 2460 2461 2408 2459 2461 2461 2410 2408 2463 2461 2460 2460 2462 2463 2410 2461 2463 2463 2412 2410 2465 2463 2462 2462 2464 2465 2412 2463 2465 2465 2414 2412 2467 2465 2464 2464 2466 2467 2414 2465 2467 2467 2416 2414 2469 2467 2466 2466 2468 2469 2416 2467 2469 2469 2418 2416 2471 2469 2468 2468 2470 2471 2418 2469 2471 2471 2420 2418 2475 2472 2473 2473 2474 2475 2423 2472 2475 2475 2424 2423 2429 2475 2474 2474 2476 2429 2424 2475 2429 2429 2426 2424 2478 2476 2474 2474 2477 2478 2432 2476 2478 2478 2479 2432 2429 2476 2432 2432 2430 2429 2481 2479 2478 2478 2480 2481 2435 2479 2481 2481 2482 2435 2432 2479 2435 2435 2433 2432 2484 2482 2481 2481 2483 2484 2438 2482 2484 2484 2485 2438 2435 2482 2438 2438 2436 2435 2487 2485 2484 2484 2486 2487 2489 2485 2487 2487 2488 2489 2438 2485 2489 2489 2439 2438 2491 2489 2488 2488 2490 2491 2439 2489 2491 2491 2440 2439 2493 2491 2490 2490 2492 2493 2440 2491 2493 2493 2442 2440 2495 2493 2492 2492 2494 2495 2442 2493 2495 2495 2444 2442 2499 2496 2497 2497 2498 2499 2447 2496 2499 2499 2448 2447 2501 2499 2498 2498 2500 2501 2448 2499 2501 2501 2450 2448 2503 2501 2500 2500 2502 2503 2450 2501 2503 2503 2452 2450 2505 2503 2502 2502 2504 2505 2452 2503 2505 2505 2454 2452 2507 2505 2504 2504 2506 2507 2454 2505 2507 2507 2508 2454 2454 2508 2457 2457 2455 2454 2510 2508 2507 2507 2509 2510 2457 2508 2510 2510 2511 2457 2457 2511 2460 2460 2458 2457 2513 2511 2510 2510 2512 2513 2460 2511 2513 2513 2462 2460 2515 2513 2512 2512 2514 2515 2462 2513 2515 2515 2464 2462 2517 2515 2514 2514 2516 2517 2464 2515 2517 2517 2466 2464 2519 2517 2516 2516 2518 2519 2466 2517 2519 2519 2468 2466 2521 2519 2518 2518 2520 2521 2468 2519 2521 2521 2470 2468 2477 2522 2523 2523 2524 2477 2473 2522 2477 2477 2474 2473 2526 2524 2523 2523 2525 2526 2480 2524 2526 2526 2527 2480 2477 2524 2480 2480 2478 2477 2529 2527 2526 2526 2528 2529 2483 2527 2529 2529 2530 2483 2480 2527 2483 2483 2481 2480 2532 2530 2529 2529 2531 2532 2486 2530 2532 2532 2533 2486 2483 2530 2486 2486 2484 2483 244 2533 2532 2532 240 244 2535 2533 244 244 2534 2535 2486 2533 2535 2535 2487 2486 2537 2535 2534 2534 2536 2537 2487 2535 2537 2537 2488 2487 2539 2537 2536 2536 2538 2539 2488 2537 2539 2539 2490 2488 2541 2539 2538 2538 2540 2541 2490 2539 2541 2541 2492 2490 2543 2541 2540 2540 2542 2543 2492 2541 2543 2543 2494 2492 209 2544 2545 2545 204 209 2497 2544 209 209 2498 2497 2546 2542 2540 2540 202 2546 204 2545 2547 2547 205 204 2548 2546 202 202 201 2548 205 2547 2549 2549 2550 205 205 2550 2551 2551 206 205 2553 2550 2549 2549 2552 2553 2551 2550 2553 2553 2554 2551 2551 2554 2555 2555 2556 2551 2558 2554 2553 2553 2557 2558 2555 2554 2558 2558 2559 2555 2555 2559 2560 2560 2506 2555 2562 2559 2558 2558 2561 2562 2560 2559 2562 2562 2563 2560 2560 2563 2564 2564 2509 2560 2565 2563 2562 2562 252 2565 2564 2563 2565 2565 2566 2564 2564 2566 2514 2514 2512 2564 2568 2566 2565 2565 2567 2568 2514 2566 2568 2568 2516 2514 2570 2568 2567 2567 2569 2570 2516 2568 2570 2570 2518 2516 2572 2570 2569 2569 2571 2572 2518 2570 2572 2572 2520 2518 2573 2571 2569 2569 250 2573 2528 2574 2575 2575 2576 2528 2525 2574 2528 2528 2526 2525 2578 2576 2575 2575 2577 2578 2531 2576 2578 2578 241 2531 2528 2576 2531 2531 2529 2528 2580 2578 2577 2577 2579 2580 241 2578 2580 2580 242 241 2582 2580 2579 2579 2581 2582 242 2580 2582 2582 245 242 2584 2582 2581 2581 2583 2584 245 2582 2584 2584 2585 245 245 2585 2586 2586 243 245 199 2585 2584 2584 200 199 2586 2585 199 199 198 2586 243 2586 2534 2534 244 243 2534 2586 198 198 2536 2534 200 2584 2583 2583 2587 200 2552 2588 2557 2557 2553 2552 2557 2588 2589 2589 2590 2557 2557 2590 2561 2561 2558 2557 248 2590 2589 2589 2591 248 2561 2590 248 248 247 2561 248 2591 2592 2592 249 248 249 2592 2573 2573 250 249 250 2569 2567 2567 251 250 251 2567 2565 2565 252 251 2509 2564 2512 2512 2510 2509 252 2562 2561 2561 247 252 2506 2560 2509 2509 2507 2506 207 2556 2504 2504 2502 207 2551 2556 207 207 206 2551 2504 2556 2555 2555 2506 2504 200 2587 2548 2548 201 200 202 2540 2538 2538 197 202 197 2538 2536 2536 198 197 240 2532 2531 2531 241 240 207 2502 2500 2500 208 207 208 2500 2498 2498 209 208 313 2351 2298 2298 320 313 2296 2294 2293 2293 2593 2296 2595 2593 2293 2293 2594 2595 335 2596 2597 2597 2598 335 323 2596 335 335 318 323 2600 2598 2597 2597 2599 2600 2602 2598 2600 2600 2601 2602 335 2598 2602 2602 336 335 2604 2602 2601 2601 2603 2604 336 2602 2604 2604 337 336 337 2604 2605 2605 2606 337 2605 2604 2603 2603 2607 2605 2605 2607 332 332 2608 2605 2610 2607 2603 2603 2609 2610 332 2607 2610 2610 333 332 2612 2610 2609 2609 2611 2612 333 2610 2612 2612 334 333 2614 2612 2611 2611 2613 2614 334 2612 2614 2614 2615 334 2617 2615 2614 2614 2616 2617 2619 2615 2617 2617 2618 2619 334 2615 2619 2619 325 334 2621 2619 2618 2618 2620 2621 325 2619 2621 2621 326 325 2623 2621 2620 2620 2622 2623 326 2621 2623 2623 2624 326 326 2624 2625 2625 327 326 2627 2624 2623 2623 2626 2627 2625 2624 2627 2627 2628 2625 2625 2628 2198 2198 2196 2625 2630 2628 2627 2627 2629 2630 2198 2628 2630 2630 2200 2198 2632 2630 2629 2629 2631 2632 2200 2630 2632 2632 2202 2200 2634 2632 2631 2631 2633 2634 2202 2632 2634 2634 2204 2202 2636 2634 2633 2633 2635 2636 2204 2634 2636 2636 2206 2204 2638 2636 2635 2635 2637 2638 2206 2636 2638 2638 2208 2206 2640 2638 2637 2637 2639 2640 2208 2638 2640 2640 2210 2208 2642 2640 2639 2639 2641 2642 2210 2640 2642 2642 2212 2210 2644 2642 2641 2641 2643 2644 2212 2642 2644 2644 2214 2212 2646 2644 2643 2643 2645 2646 2214 2644 2646 2646 2216 2214 2648 2646 2645 2645 2647 2648 2216 2646 2648 2648 2218 2216 2650 2648 2647 2647 2649 2650 2218 2648 2650 2650 2220 2218 2652 2650 2649 2649 2651 2652 2220 2650 2652 2652 2222 2220 2228 2652 2651 2651 2653 2228 2222 2652 2228 2228 2226 2222 2655 2653 2651 2651 2654 2655 2231 2653 2655 2655 2656 2231 2228 2653 2231 2231 2229 2228 2658 2656 2655 2655 2657 2658 2660 2656 2658 2658 2659 2660 2231 2656 2660 2660 2232 2231 2662 2660 2659 2659 2661 2662 2232 2660 2662 2662 2233 2232 2664 2662 2661 2661 2663 2664 2233 2662 2664 2664 2235 2233 2666 2664 2663 2663 2665 2666 2235 2664 2666 2666 2237 2235 2668 2666 2665 2665 2667 2668 2237 2666 2668 2668 2239 2237 2670 2668 2667 2667 2669 2670 2239 2668 2670 2670 2241 2239 2672 2670 2669 2669 2671 2672 2241 2670 2672 2672 2243 2241 2674 2672 2671 2671 2673 2674 2243 2672 2674 2674 2245 2243 2676 2674 2673 2673 2675 2676 2245 2674 2676 2676 2247 2245 2678 2676 2675 2675 2677 2678 2247 2676 2678 2678 2249 2247 2680 2678 2677 2677 2679 2680 2249 2678 2680 2680 2251 2249 2682 2680 2679 2679 2681 2682 2251 2680 2682 2682 2253 2251 2684 2682 2681 2681 2683 2684 2253 2682 2684 2684 2255 2253 2686 2684 2683 2683 2685 2686 2255 2684 2686 2686 2257 2255 2688 2686 2685 2685 2687 2688 2257 2686 2688 2688 2259 2257 2690 2688 2687 2687 2689 2690 2259 2688 2690 2690 2261 2259 2692 2690 2689 2689 2691 2692 2261 2690 2692 2692 2263 2261 2694 2692 2691 2691 2693 2694 2263 2692 2694 2694 2265 2263 2696 2694 2693 2693 2695 2696 2265 2694 2696 2696 2267 2265 2698 2696 2695 2695 2697 2698 2267 2696 2698 2698 2269 2267 2700 2698 2697 2697 2699 2700 2269 2698 2700 2700 2701 2269 2269 2701 2272 2272 2270 2269 2703 2701 2700 2700 2702 2703 2272 2701 2703 2703 2704 2272 2272 2704 2275 2275 2273 2272 2706 2704 2703 2703 2705 2706 2275 2704 2706 2706 2707 2275 2275 2707 2278 2278 2276 2275 2709 2707 2706 2706 2708 2709 2278 2707 2709 2709 2710 2278 2278 2710 2281 2281 2279 2278 2712 2710 2709 2709 2711 2712 2281 2710 2712 2712 2713 2281 2281 2713 2284 2284 2282 2281 2715 2713 2712 2712 2714 2715 2284 2713 2715 2715 2716 2284 2284 2716 2287 2287 2285 2284 2718 2716 2715 2715 2717 2718 2287 2716 2718 2718 2719 2287 2287 2719 2290 2290 2288 2287 2721 2719 2718 2718 2720 2721 2290 2719 2721 2721 2594 2290 2723 2721 2720 2720 2722 2723 2594 2721 2723 2723 2595 2594 2725 2722 2720 2720 2724 2725 2729 2726 2727 2727 2728 2729 2599 2726 2729 2729 2600 2599 2731 2729 2728 2728 2730 2731 2600 2729 2731 2731 2601 2600 2609 2731 2730 2730 2611 2609 2601 2731 2609 2609 2603 2601 2733 2730 2728 2728 2732 2733 2611 2730 2733 2733 2613 2611 2735 2733 2732 2732 2734 2735 2613 2733 2735 2735 2736 2613 2738 2736 2735 2735 2737 2738 2616 2736 2738 2738 2739 2616 2613 2736 2616 2616 2614 2613 288 2739 2738 2738 293 288 2740 2739 288 288 287 2740 2616 2739 2740 2740 2617 2616 2742 2740 287 287 2741 2742 2617 2740 2742 2742 2618 2617 2744 2742 2741 2741 2743 2744 2618 2742 2744 2744 2620 2618 2746 2744 2743 2743 2745 2746 2620 2744 2746 2746 2622 2620 2748 2746 2745 2745 2747 2748 2622 2746 2748 2748 2749 2622 2622 2749 2626 2626 2623 2622 2751 2749 2748 2748 2750 2751 2626 2749 2751 2751 2752 2626 2626 2752 2629 2629 2627 2626 2754 2752 2751 2751 2753 2754 2629 2752 2754 2754 2631 2629 2756 2754 2753 2753 2755 2756 2631 2754 2756 2756 2633 2631 2758 2756 2755 2755 2757 2758 2633 2756 2758 2758 2635 2633 2760 2758 2757 2757 2759 2760 2635 2758 2760 2760 2637 2635 2762 2760 2759 2759 2761 2762 2637 2760 2762 2762 2639 2637 2764 2762 2761 2761 2763 2764 2639 2762 2764 2764 2641 2639 2766 2764 2763 2763 2765 2766 2641 2764 2766 2766 2643 2641 2768 2766 2765 2765 2767 2768 2643 2766 2768 2768 2645 2643 2770 2768 2767 2767 2769 2770 2645 2768 2770 2770 2647 2645 2772 2770 2769 2769 2771 2772 2647 2770 2772 2772 2649 2647 2654 2772 2771 2771 2773 2654 2649 2772 2654 2654 2651 2649 2775 2773 2771 2771 2774 2775 2657 2773 2775 2775 2776 2657 2654 2773 2657 2657 2655 2654 2778 2776 2775 2775 2777 2778 2780 2776 2778 2778 2779 2780 2657 2776 2780 2780 2658 2657 2782 2780 2779 2779 2781 2782 2658 2780 2782 2782 2659 2658 2784 2782 2781 2781 2783 2784 2659 2782 2784 2784 2661 2659 2786 2784 2783 2783 2785 2786 2661 2784 2786 2786 2663 2661 2788 2786 2785 2785 2787 2788 2663 2786 2788 2788 2665 2663 2790 2788 2787 2787 2789 2790 2665 2788 2790 2790 2667 2665 2792 2790 2789 2789 2791 2792 2667 2790 2792 2792 2669 2667 2794 2792 2791 2791 2793 2794 2669 2792 2794 2794 2671 2669 2796 2794 2793 2793 2795 2796 2671 2794 2796 2796 2673 2671 2798 2796 2795 2795 2797 2798 2673 2796 2798 2798 2675 2673 2800 2798 2797 2797 2799 2800 2675 2798 2800 2800 2677 2675 2802 2800 2799 2799 2801 2802 2677 2800 2802 2802 2679 2677 2804 2802 2801 2801 2803 2804 2679 2802 2804 2804 2681 2679 2806 2804 2803 2803 2805 2806 2681 2804 2806 2806 2683 2681 2808 2806 2805 2805 2807 2808 2683 2806 2808 2808 2685 2683 2810 2808 2807 2807 2809 2810 2685 2808 2810 2810 2687 2685 2812 2810 2809 2809 2811 2812 2687 2810 2812 2812 2689 2687 2814 2812 2811 2811 2813 2814 2689 2812 2814 2814 2691 2689 2816 2814 2813 2813 2815 2816 2691 2814 2816 2816 2693 2691 2818 2816 2815 2815 2817 2818 2693 2816 2818 2818 2695 2693 2820 2818 2817 2817 2819 2820 2695 2818 2820 2820 2697 2695 2822 2820 2819 2819 2821 2822 2697 2820 2822 2822 2699 2697 2824 2822 2821 2821 2823 2824 2699 2822 2824 2824 2825 2699 2699 2825 2702 2702 2700 2699 2827 2825 2824 2824 2826 2827 2702 2825 2827 2827 2828 2702 2702 2828 2705 2705 2703 2702 2830 2828 2827 2827 2829 2830 2705 2828 2830 2830 2831 2705 2705 2831 2708 2708 2706 2705 2833 2831 2830 2830 2832 2833 2708 2831 2833 2833 2834 2708 2708 2834 2711 2711 2709 2708 2836 2834 2833 2833 2835 2836 2711 2834 2836 2836 2837 2711 2711 2837 2714 2714 2712 2711 2839 2837 2836 2836 2838 2839 2714 2837 2839 2839 2840 2714 2714 2840 2717 2717 2715 2714 2842 2840 2839 2839 2841 2842 2717 2840 2842 2842 2724 2717 2844 2842 2841 2841 2843 2844 2724 2842 2844 2844 2725 2724 2732 2845 2846 2846 2734 2732 2727 2845 2732 2732 2728 2727 2848 2843 2841 2841 2847 2848 2734 2846 2849 2849 2850 2734 2852 2850 2849 2849 2851 2852 2737 2850 2852 2852 2853 2737 2734 2850 2737 2737 2735 2734 2855 2853 2852 2852 2854 2855 293 2853 2855 2855 291 293 2737 2853 293 293 2738 2737 2857 2855 2854 2854 2856 2857 291 2855 2857 2857 292 291 2859 2857 2856 2856 2858 2859 292 2857 2859 2859 2860 292 2862 2860 2859 2859 2861 2862 2864 2860 2862 2862 2863 2864 292 2860 2864 2864 289 292 2866 2864 2863 2863 2865 2866 289 2864 2866 2866 290 289 2868 2866 2865 2865 2867 2868 290 2866 2868 2868 2869 290 290 2869 2870 2870 284 290 2872 2869 2868 2868 2871 2872 2870 2869 2872 2872 2873 2870 2870 2873 2874 2874 2875 2870 169 2873 2872 2872 170 169 2874 2873 169 169 171 2874 2870 2875 285 285 284 2870 2877 2875 2874 2874 2876 2877 285 2875 2877 2877 2878 285 285 2878 2879 2879 286 285 2881 2878 2877 2877 2880 2881 2879 2878 2881 2881 2882 2879 2879 2882 2743 2743 2741 2879 2884 2882 2881 2881 2883 2884 2743 2882 2884 2884 2745 2743 2886 2884 2883 2883 2885 2886 2745 2884 2886 2886 2747 2745 258 2886 2885 2885 255 258 2747 2886 258 258 2887 2747 2747 2887 2750 2750 2748 2747 2888 2887 258 258 257 2888 2750 2887 2888 2888 2889 2750 2750 2889 2753 2753 2751 2750 2891 2889 2888 2888 2890 2891 2753 2889 2891 2891 2755 2753 2893 2891 2890 2890 2892 2893 2755 2891 2893 2893 2757 2755 2895 2893 2892 2892 2894 2895 2757 2893 2895 2895 2759 2757 2897 2895 2894 2894 2896 2897 2759 2895 2897 2897 2761 2759 2899 2897 2896 2896 2898 2899 2761 2897 2899 2899 2763 2761 2901 2899 2898 2898 2900 2901 2763 2899 2901 2901 2765 2763 2903 2901 2900 2900 2902 2903 2765 2901 2903 2903 2767 2765 2905 2903 2902 2902 2904 2905 2767 2903 2905 2905 2769 2767 2774 2905 2904 2904 2906 2774 2769 2905 2774 2774 2771 2769 2908 2906 2904 2904 2907 2908 2777 2906 2908 2908 2909 2777 2774 2906 2777 2777 2775 2774 2911 2909 2908 2908 2910 2911 2913 2909 2911 2911 2912 2913 2777 2909 2913 2913 2778 2777 2915 2913 2912 2912 2914 2915 2778 2913 2915 2915 2779 2778 2917 2915 2914 2914 2916 2917 2779 2915 2917 2917 2781 2779 2919 2917 2916 2916 2918 2919 2781 2917 2919 2919 2783 2781 2921 2919 2918 2918 2920 2921 2783 2919 2921 2921 2785 2783 2923 2921 2920 2920 2922 2923 2785 2921 2923 2923 2787 2785 2925 2923 2922 2922 2924 2925 2787 2923 2925 2925 2789 2787 2927 2925 2924 2924 2926 2927 2789 2925 2927 2927 2791 2789 2929 2927 2926 2926 2928 2929 2791 2927 2929 2929 2793 2791 2931 2929 2928 2928 2930 2931 2793 2929 2931 2931 2795 2793 2933 2931 2930 2930 2932 2933 2795 2931 2933 2933 2797 2795 2935 2933 2932 2932 2934 2935 2797 2933 2935 2935 2799 2797 2936 2935 2934 2934 309 2936 2799 2935 2936 2936 2801 2799 2937 2936 309 309 305 2937 2801 2936 2937 2937 2803 2801 2938 2937 305 305 304 2938 2803 2937 2938 2938 2805 2803 2940 2938 304 304 2939 2940 2805 2938 2940 2940 2807 2805 2942 2940 2939 2939 2941 2942 2807 2940 2942 2942 2809 2807 2944 2942 2941 2941 2943 2944 2809 2942 2944 2944 2811 2809 2946 2944 2943 2943 2945 2946 2811 2944 2946 2946 2813 2811 2948 2946 2945 2945 2947 2948 2813 2946 2948 2948 2815 2813 2950 2948 2947 2947 2949 2950 2815 2948 2950 2950 2817 2815 2952 2950 2949 2949 2951 2952 2817 2950 2952 2952 2819 2817 2953 2952 2951 2951 195 2953 2819 2952 2953 2953 2821 2819 2954 2953 195 195 188 2954 2821 2953 2954 2954 2823 2821 2955 2954 188 188 187 2955 2823 2954 2955 2955 2956 2823 2823 2956 2826 2826 2824 2823 2957 2956 2955 2955 181 2957 2826 2956 2957 2957 2958 2826 2826 2958 2829 2829 2827 2826 237 2958 2957 2957 238 237 2829 2958 237 237 236 2829 238 2957 181 181 175 238 181 2955 187 187 182 181 2960 2951 2949 2949 2959 2960 195 2951 2960 2960 193 195 212 2960 2959 2959 213 212 193 2960 212 212 194 193 2961 2959 2949 2949 2947 2961 213 2959 2961 2961 218 213 2962 2961 2947 2947 2945 2962 218 2961 2962 2962 2963 218 2965 2963 2962 2962 2964 2965 2967 2963 2965 2965 2966 2967 218 2963 2967 2967 219 218 2969 2967 2966 2966 2968 2969 219 2967 2969 2969 220 219 2971 2969 2968 2968 2970 2971 220 2969 2971 2971 2972 220 2974 2972 2971 2971 2973 2974 2976 2972 2974 2974 2975 2976 220 2972 2976 2976 214 220 2978 2976 2975 2975 2977 2978 214 2976 2978 2978 215 214 2982 2979 2980 2980 2981 2982 2984 2979 2982 2982 2983 2984 2984 2983 2985 2985 2986 2984 163 2983 2982 2982 164 163 2985 2983 163 163 162 2985 2987 2985 162 162 149 2987 2986 2985 2987 2987 2988 2986 2989 2987 149 149 146 2989 2988 2987 2989 2989 2990 2988 2992 2990 2989 2989 2991 2992 2996 2993 2994 2994 2995 2996 217 2993 2996 2996 211 217 194 2996 2995 2995 189 194 211 2996 194 194 212 211 2998 2995 2994 2994 2997 2998 189 2995 2998 2998 190 189 3000 2998 2997 2997 2999 3000 190 2998 3000 3000 3001 190 3003 3001 3000 3000 3002 3003 3005 3001 3003 3003 3004 3005 190 3001 3005 3005 191 190 3007 3005 3004 3004 3006 3007 191 3005 3007 3007 192 191 3009 3007 3006 3006 3008 3009 192 3007 3009 3009 3010 192 192 3010 183 183 186 192 3012 3010 3009 3009 3011 3012 183 3010 3012 3012 184 183 3016 3013 3014 3014 3015 3016 177 3013 3016 3016 178 177 3018 3016 3015 3015 3017 3018 178 3016 3018 3018 3019 178 178 3019 3020 3020 179 178 138 3019 3018 3018 139 138 3020 3019 138 138 141 3020 179 3020 128 128 127 179 128 3020 141 141 131 128 139 3018 3017 3017 3021 139 3023 3021 3017 3017 3022 3023 3025 3021 3023 3023 3024 3025 139 3021 3025 3025 133 139 3027 3025 3024 3024 3026 3027 133 3025 3027 3027 134 133 3029 3027 3026 3026 3028 3029 134 3027 3029 3029 3030 134 134 3030 3031 3031 135 134 3033 3030 3029 3029 3032 3033 3031 3030 3033 3033 3034 3031 3031 3034 3035 3035 3036 3031 148 3034 3033 3033 3037 148 3035 3034 148 148 147 3035 3038 3037 3033 3033 3032 3038 3040 3037 3038 3038 3039 3040 148 3037 3040 3040 144 148 3042 3040 3039 3039 3041 3042 144 3040 3042 3042 145 144 3044 3042 3041 3041 3043 3044 145 3042 3044 3044 2991 145 3046 3044 3043 3043 3045 3046 2991 3044 3046 3046 2992 2991 3048 3043 3041 3041 3047 3048 3045 3043 3048 3048 3049 3045 3051 3049 3048 3048 3050 3051 3002 3052 3053 3053 3054 3002 2999 3052 3002 3002 3000 2999 3056 3054 3053 3053 3055 3056 3058 3054 3056 3056 3057 3058 3002 3054 3058 3058 3003 3002 3060 3058 3057 3057 3059 3060 3003 3058 3060 3060 3004 3003 3062 3060 3059 3059 3061 3062 3004 3060 3062 3062 3006 3004 3064 3062 3061 3061 3063 3064 3006 3062 3064 3064 3008 3006 3066 3064 3063 3063 3065 3066 3008 3064 3066 3066 3067 3008 3008 3067 3011 3011 3009 3008 3071 3068 3069 3069 3070 3071 3014 3068 3071 3071 3015 3014 3022 3071 3070 3070 3072 3022 3015 3071 3022 3022 3017 3015 3074 3072 3070 3070 3073 3074 3076 3072 3074 3074 3075 3076 3022 3072 3076 3076 3023 3022 3078 3076 3075 3075 3077 3078 3023 3076 3078 3078 3024 3023 3080 3078 3077 3077 3079 3080 3024 3078 3080 3080 3026 3024 3082 3080 3079 3079 3081 3082 3026 3080 3082 3082 3028 3026 3084 3082 3081 3081 3083 3084 3028 3082 3084 3084 3085 3028 3028 3085 3032 3032 3029 3028 3087 3085 3084 3084 3086 3087 3032 3085 3087 3087 3038 3032 3089 3087 3086 3086 3088 3089 3038 3087 3089 3089 3039 3038 3047 3089 3088 3088 3090 3047 3039 3089 3047 3047 3041 3039 3092 3090 3088 3088 3091 3092 3050 3090 3092 3092 3093 3050 3047 3090 3050 3050 3048 3047 3095 3093 3092 3092 3094 3095 3097 3093 3095 3095 3096 3097 3050 3093 3097 3097 3051 3050 3099 3096 3095 3095 3098 3099 3103 3100 3101 3101 3102 3103 3055 3100 3103 3103 3056 3055 3105 3103 3102 3102 3104 3105 3056 3103 3105 3105 3057 3056 3107 3105 3104 3104 3106 3107 3057 3105 3107 3107 3059 3057 3109 3107 3106 3106 3108 3109 3059 3107 3109 3109 3061 3059 3111 3109 3108 3108 3110 3111 3061 3109 3111 3111 3063 3061 3113 3111 3110 3110 3112 3113 3063 3111 3113 3113 3065 3063 3117 3114 3115 3115 3116 3117 3118 3114 3117 3117 3073 3118 3120 3117 3116 3116 3119 3120 3073 3117 3120 3120 3074 3073 3122 3120 3119 3119 3121 3122 3074 3120 3122 3122 3075 3074 3124 3122 3121 3121 3123 3124 3075 3122 3124 3124 3077 3075 3126 3124 3123 3123 3125 3126 3077 3124 3126 3126 3079 3077 3128 3126 3125 3125 3127 3128 3079 3126 3128 3128 3081 3079 3130 3128 3127 3127 3129 3130 3081 3128 3130 3130 3083 3081 3132 3130 3129 3129 3131 3132 3083 3130 3132 3132 3133 3083 3083 3133 3086 3086 3084 3083 3091 3133 3132 3132 3134 3091 3086 3133 3091 3091 3088 3086 3135 3134 3132 3132 3131 3135 3094 3134 3135 3135 3136 3094 3091 3134 3094 3094 3092 3091 3138 3136 3135 3135 3137 3138 3098 3136 3138 3138 3139 3098 3094 3136 3098 3098 3095 3094 3141 3139 3138 3138 3140 3141 3143 3139 3141 3141 3142 3143 3098 3139 3143 3143 3099 3098 3147 3144 3145 3145 3146 3147 3101 3144 3147 3147 3102 3101 3149 3147 3146 3146 3148 3149 3102 3147 3149 3149 3104 3102 3151 3149 3148 3148 3150 3151 3104 3149 3151 3151 3106 3104 3153 3151 3150 3150 3152 3153 3106 3151 3153 3153 3108 3106 3155 3153 3152 3152 3154 3155 3108 3153 3155 3155 3110 3108 3157 3155 3154 3154 3156 3157 3110 3155 3157 3157 3112 3110 3161 3158 3159 3159 3160 3161 3115 3158 3161 3161 3116 3115 3163 3161 3160 3160 3162 3163 3116 3161 3163 3163 3119 3116 3165 3163 3162 3162 3164 3165 3119 3163 3165 3165 3121 3119 3167 3165 3164 3164 3166 3167 3121 3165 3167 3167 3123 3121 3169 3167 3166 3166 3168 3169 3123 3167 3169 3169 3125 3123 3171 3169 3168 3168 3170 3171 3125 3169 3171 3171 3127 3125 3173 3171 3170 3170 3172 3173 3127 3171 3173 3173 3129 3127 3175 3173 3172 3172 3174 3175 3129 3173 3175 3175 3131 3129 3137 3175 3174 3174 3176 3137 3131 3175 3137 3137 3135 3131 3178 3176 3174 3174 3177 3178 3140 3176 3178 3178 3179 3140 3137 3176 3140 3140 3138 3137 3181 3179 3178 3178 3180 3181 3183 3179 3181 3181 3182 3183 3140 3179 3183 3183 3141 3140 3185 3183 3182 3182 3184 3185 3141 3183 3185 3185 3142 3141 3189 3186 3187 3187 3188 3189 3145 3186 3189 3189 3146 3145 3191 3189 3188 3188 3190 3191 3146 3189 3191 3191 3148 3146 3193 3191 3190 3190 3192 3193 3148 3191 3193 3193 3150 3148 3195 3193 3192 3192 3194 3195 3150 3193 3195 3195 3152 3150 3197 3195 3194 3194 3196 3197 3152 3195 3197 3197 3154 3152 3199 3197 3196 3196 3198 3199 3154 3197 3199 3199 3156 3154 3203 3200 3201 3201 3202 3203 3159 3200 3203 3203 3160 3159 3205 3203 3202 3202 3204 3205 3160 3203 3205 3205 3162 3160 3207 3205 3204 3204 3206 3207 3162 3205 3207 3207 3164 3162 3209 3207 3206 3206 3208 3209 3164 3207 3209 3209 3166 3164 3211 3209 3208 3208 3210 3211 3166 3209 3211 3211 3168 3166 3213 3211 3210 3210 3212 3213 3168 3211 3213 3213 3170 3168 3215 3213 3212 3212 3214 3215 3170 3213 3215 3215 3172 3170 3177 3215 3214 3214 3216 3177 3172 3215 3177 3177 3174 3172 3218 3216 3214 3214 3217 3218 3180 3216 3218 3218 3219 3180 3177 3216 3180 3180 3178 3177 3221 3219 3218 3218 3220 3221 3223 3219 3221 3221 3222 3223 3180 3219 3223 3223 3181 3180 3225 3223 3222 3222 3224 3225 3181 3223 3225 3225 3182 3181 3227 3225 3224 3224 3226 3227 3182 3225 3227 3227 3184 3182 3231 3228 3229 3229 3230 3231 3187 3228 3231 3231 3188 3187 3233 3231 3230 3230 3232 3233 3188 3231 3233 3233 3190 3188 3235 3233 3232 3232 3234 3235 3190 3233 3235 3235 3192 3190 3237 3235 3234 3234 3236 3237 3192 3235 3237 3237 3194 3192 3239 3237 3236 3236 3238 3239 3194 3237 3239 3239 3196 3194 3241 3239 3238 3238 3240 3241 3196 3239 3241 3241 3198 3196 3245 3242 3243 3243 3244 3245 3201 3242 3245 3245 3202 3201 3247 3245 3244 3244 3246 3247 3202 3245 3247 3247 3204 3202 3249 3247 3246 3246 3248 3249 3204 3247 3249 3249 3206 3204 3251 3249 3248 3248 3250 3251 3206 3249 3251 3251 3208 3206 3253 3251 3250 3250 3252 3253 3208 3251 3253 3253 3210 3208 3255 3253 3252 3252 3254 3255 3210 3253 3255 3255 3212 3210 3217 3255 3254 3254 3256 3217 3212 3255 3217 3217 3214 3212 3258 3256 3254 3254 3257 3258 3220 3256 3258 3258 3259 3220 3217 3256 3220 3220 3218 3217 3261 3259 3258 3258 3260 3261 3263 3259 3261 3261 3262 3263 3220 3259 3263 3263 3221 3220 3265 3263 3262 3262 3264 3265 3221 3263 3265 3265 3222 3221 3267 3265 3264 3264 3266 3267 3222 3265 3267 3267 3224 3222 3269 3267 3266 3266 3268 3269 3224 3267 3269 3269 3226 3224 3273 3270 3271 3271 3272 3273 3229 3270 3273 3273 3230 3229 3275 3273 3272 3272 3274 3275 3230 3273 3275 3275 3232 3230 3277 3275 3274 3274 3276 3277 3232 3275 3277 3277 3234 3232 3279 3277 3276 3276 3278 3279 3234 3277 3279 3279 3236 3234 3281 3279 3278 3278 3280 3281 3236 3279 3281 3281 3238 3236 3283 3281 3280 3280 3282 3283 3238 3281 3283 3283 3240 3238 3287 3284 3285 3285 3286 3287 3243 3284 3287 3287 3244 3243 3289 3287 3286 3286 3288 3289 3244 3287 3289 3289 3246 3244 3291 3289 3288 3288 3290 3291 3246 3289 3291 3291 3248 3246 3293 3291 3290 3290 3292 3293 3248 3291 3293 3293 3250 3248 3295 3293 3292 3292 3294 3295 3250 3293 3295 3295 3252 3250 3257 3295 3294 3294 3296 3257 3252 3295 3257 3257 3254 3252 3298 3296 3294 3294 3297 3298 3260 3296 3298 3298 3299 3260 3257 3296 3260 3260 3258 3257 3301 3299 3298 3298 3300 3301 3303 3299 3301 3301 3302 3303 3260 3299 3303 3303 3261 3260 3305 3303 3302 3302 3304 3305 3261 3303 3305 3305 3262 3261 3307 3305 3304 3304 3306 3307 3262 3305 3307 3307 3264 3262 3309 3307 3306 3306 3308 3309 3264 3307 3309 3309 3266 3264 3311 3309 3308 3308 3310 3311 3266 3309 3311 3311 3268 3266 3315 3312 3313 3313 3314 3315 3271 3312 3315 3315 3272 3271 3317 3315 3314 3314 3316 3317 3272 3315 3317 3317 3274 3272 3319 3317 3316 3316 3318 3319 3274 3317 3319 3319 3276 3274 3321 3319 3318 3318 3320 3321 3276 3319 3321 3321 3278 3276 3323 3321 3320 3320 3322 3323 3278 3321 3323 3323 3280 3278 3325 3323 3322 3322 3324 3325 3280 3323 3325 3325 3282 3280 3329 3326 3327 3327 3328 3329 3285 3326 3329 3329 3286 3285 3331 3329 3328 3328 3330 3331 3286 3329 3331 3331 3288 3286 3333 3331 3330 3330 3332 3333 3288 3331 3333 3333 3290 3288 3335 3333 3332 3332 3334 3335 3290 3333 3335 3335 3292 3290 3297 3335 3334 3334 3336 3297 3292 3335 3297 3297 3294 3292 3338 3336 3334 3334 3337 3338 3300 3336 3338 3338 3339 3300 3297 3336 3300 3300 3298 3297 3341 3339 3338 3338 3340 3341 3343 3339 3341 3341 3342 3343 3300 3339 3343 3343 3301 3300 3345 3343 3342 3342 3344 3345 3301 3343 3345 3345 3302 3301 3347 3345 3344 3344 3346 3347 3302 3345 3347 3347 3304 3302 3349 3347 3346 3346 3348 3349 3304 3347 3349 3349 3306 3304 3351 3349 3348 3348 3350 3351 3306 3349 3351 3351 3308 3306 3353 3351 3350 3350 3352 3353 3308 3351 3353 3353 3310 3308 3357 3354 3355 3355 3356 3357 3313 3354 3357 3357 3314 3313 3359 3357 3356 3356 3358 3359 3314 3357 3359 3359 3316 3314 3361 3359 3358 3358 3360 3361 3316 3359 3361 3361 3318 3316 3363 3361 3360 3360 3362 3363 3318 3361 3363 3363 3320 3318 3365 3363 3362 3362 3364 3365 3320 3363 3365 3365 3322 3320 3367 3365 3364 3364 3366 3367 3322 3365 3367 3367 3324 3322 3371 3368 3369 3369 3370 3371 3327 3368 3371 3371 3328 3327 3373 3371 3370 3370 3372 3373 3328 3371 3373 3373 3330 3328 3375 3373 3372 3372 3374 3375 3330 3373 3375 3375 3332 3330 3337 3375 3374 3374 3376 3337 3332 3375 3337 3337 3334 3332 3378 3376 3374 3374 3377 3378 3340 3376 3378 3378 3379 3340 3337 3376 3340 3340 3338 3337 3381 3379 3378 3378 3380 3381 6 3379 3381 3381 1 6 3340 3379 6 6 3341 3340 3382 3381 3380 3380 12 3382 1 3381 3382 3382 2 1 3383 3382 12 12 11 3383 2 3382 3383 3383 3384 2 2 3384 3385 3385 3 2 3387 3384 3383 3383 3386 3387 3385 3384 3387 3387 3388 3385 3385 3388 3389 3389 3390 3385 23 3388 3387 3387 15 23 3389 3388 23 23 3391 3389 3389 3391 3350 3350 3348 3389 3392 3391 23 23 22 3392 3350 3391 3392 3392 3352 3350 3394 3393 21 21 20 3394 3355 3393 3394 3394 3356 3355 3396 3394 20 20 3395 3396 3356 3394 3396 3396 3358 3356 3398 3396 3395 3395 3397 3398 3358 3396 3398 3398 3360 3358 30 3398 3397 3397 28 30 3360 3398 30 30 3362 3360 3400 3397 3395 3395 3399 3400 28 3397 3400 3400 29 28 3404 3401 3402 3402 3403 3404 3406 3401 3404 3404 3405 3406 3406 3405 3407 3407 3408 3406 9 3405 3404 3404 10 9 3407 3405 9 9 3409 3407 3407 3409 3410 3410 3411 3407 3412 3409 9 9 8 3412 3410 3409 3412 3412 3377 3410 3380 3412 8 8 12 3380 3377 3412 3380 3380 3378 3377 3413 3411 3370 3370 3369 3413 3407 3411 3413 3413 3408 3407 3370 3411 3410 3410 3372 3370 3372 3410 3377 3377 3374 3372 10 3404 3403 3403 13 10 16 3403 3402 3402 17 16 13 3403 16 16 3386 13 19 3399 3395 3395 20 19 4 3390 3346 3346 3344 4 3385 3390 4 4 3 3385 3346 3390 3389 3389 3348 3346 15 3387 3386 3386 16 15 13 3386 3383 3383 11 13 26 3366 3364 3364 27 26 27 3364 3362 3362 30 27 4 3344 3342 3342 5 4 5 3342 3341 3341 6 5 3118 3073 3070 3070 3069 3118 136 3036 3414 3414 3415 136 3031 3036 136 136 135 3031 3414 3036 3035 3035 3416 3414 3414 3416 3417 3417 3418 3414 152 3416 3035 3035 147 152 3417 3416 152 152 223 3417 3420 3418 256 256 3419 3420 3414 3418 3420 3420 3415 3414 256 3418 3417 3417 254 256 3422 3420 3419 3419 3421 3422 3415 3420 3422 3422 3423 3415 3425 3423 3422 3422 3424 3425 137 3423 3425 3425 142 137 3415 3423 137 137 136 3415 3426 3425 3424 3424 2876 3426 142 3425 3426 3426 3427 142 168 3427 3426 3426 171 168 3428 3427 168 168 167 3428 142 3427 3428 3428 140 142 131 3428 167 167 129 131 140 3428 131 131 141 140 171 3426 2876 2876 2874 171 2876 3424 2880 2880 2877 2876 2880 3424 3422 3422 3421 2880 2880 3421 2883 2883 2881 2880 2883 3421 3419 3419 2885 2883 2885 3419 256 256 255 2885 254 3417 223 223 222 254 145 2991 2989 2989 146 145 164 2982 2981 2981 3429 164 3431 3429 2981 2981 3430 3431 3433 3429 3431 3431 3432 3433 164 3429 3433 3433 155 164 3435 3433 3432 3432 3434 3435 155 3433 3435 3435 156 155 3437 3435 3434 3434 3436 3437 156 3435 3437 3437 3438 156 156 3438 3439 3439 157 156 3441 3438 3437 3437 3440 3441 3439 3438 3441 3441 3442 3439 3439 3442 3443 3443 3444 3439 3446 3442 3441 3441 3445 3446 3443 3442 3446 3446 3447 3443 3443 3447 3448 3448 3449 3443 3451 3447 3446 3446 3450 3451 3448 3447 3451 3451 3452 3448 3448 3452 3453 3453 3454 3448 271 3452 3451 3451 263 271 3453 3452 271 271 3455 3453 3453 3455 3456 3456 3457 3453 299 3455 271 271 270 299 3456 3455 299 299 301 3456 3460 3457 3458 3458 3459 3460 3453 3457 3460 3460 3454 3453 3458 3457 3456 3456 3461 3458 3458 3461 2907 2907 3462 3458 2910 3461 3456 3456 301 2910 2907 3461 2910 2910 2908 2907 3463 3462 2902 2902 2900 3463 3458 3462 3463 3463 3459 3458 2902 3462 2907 2907 2904 2902 3464 3463 2900 2900 2898 3464 3459 3463 3464 3464 3465 3459 3467 3465 3464 3464 3466 3467 3469 3465 3467 3467 3468 3469 3459 3465 3469 3469 3460 3459 3471 3469 3468 3468 3470 3471 3460 3469 3471 3471 3454 3460 3449 3471 3470 3470 3472 3449 3454 3471 3449 3449 3448 3454 3474 3472 3470 3470 3473 3474 3444 3472 3474 3474 158 3444 3449 3472 3444 3444 3443 3449 3476 3474 3473 3473 3475 3476 158 3474 3476 3476 159 158 3478 3476 3475 3475 3477 3478 159 3476 3478 3478 160 159 225 3478 3477 3477 226 225 160 3478 225 225 153 160 226 3477 259 259 227 226 259 3477 3475 3475 3479 259 259 3479 3480 3480 260 259 3481 3479 3475 3475 3473 3481 3480 3479 3481 3481 3482 3480 3480 3482 3483 3483 3484 3480 3467 3482 3481 3481 3468 3467 3483 3482 3467 3467 3466 3483 261 3484 2892 2892 2890 261 3480 3484 261 261 260 3480 2892 3484 3483 3483 2894 2892 2894 3483 3466 3466 2896 2894 3468 3481 3473 3473 3470 3468 2896 3466 3464 3464 2898 2896 263 3451 3450 3450 264 263 3485 3450 3446 3446 3445 3485 264 3450 3485 3485 3486 264 3488 3486 3485 3485 3487 3488 3490 3486 3488 3488 3489 3490 264 3486 3490 3490 265 264 3492 3490 3489 3489 3491 3492 265 3490 3492 3492 266 265 3496 3493 3494 3494 3495 3496 3498 3493 3496 3496 3497 3498 3498 3497 275 275 274 3498 3500 3497 3496 3496 3499 3500 275 3497 3500 3500 3501 275 275 3501 306 306 276 275 3503 3501 3500 3500 3502 3503 306 3501 3503 3503 3504 306 306 3504 3505 3505 303 306 3507 3504 3503 3503 3506 3507 3505 3504 3507 3507 3508 3505 3505 3508 2941 2941 2939 3505 2964 3508 3507 3507 2965 2964 2941 3508 2964 2964 2943 2941 2965 3507 3506 3506 2966 2965 3509 3506 3503 3503 3502 3509 2966 3506 3509 3509 2968 2966 3511 3509 3502 3502 3510 3511 2968 3509 3511 3511 2970 2968 3513 3511 3510 3510 3512 3513 2970 3511 3513 3513 3514 2970 3516 3514 3513 3513 3515 3516 2973 3514 3516 3516 3517 2973 2970 3514 2973 2973 2971 2970 3519 3517 3516 3516 3518 3519 3521 3517 3519 3519 3520 3521 2973 3517 3521 3521 2974 2973 3523 3521 3520 3520 3522 3523 2974 3521 3523 3523 2975 2974 3525 3523 3522 3522 3524 3525 2975 3523 3525 3525 2977 2975 3430 3526 3527 3527 3528 3430 2980 3526 3430 3430 2981 2980 3530 3528 3527 3527 3529 3530 3532 3528 3530 3530 3531 3532 3430 3528 3532 3532 3431 3430 3534 3532 3531 3531 3533 3534 3431 3532 3534 3534 3432 3431 3536 3534 3533 3533 3535 3536 3432 3534 3536 3536 3434 3432 3538 3536 3535 3535 3537 3538 3434 3536 3538 3538 3436 3434 3540 3538 3537 3537 3539 3540 3436 3538 3540 3540 3541 3436 3436 3541 3440 3440 3437 3436 3543 3541 3540 3540 3542 3543 3440 3541 3543 3543 3544 3440 3440 3544 3445 3445 3441 3440 3487 3544 3543 3543 3545 3487 3445 3544 3487 3487 3485 3445 3546 3545 3543 3543 3542 3546 3548 3545 3546 3546 3547 3548 3487 3545 3548 3548 3488 3487 3550 3548 3547 3547 3549 3550 3488 3548 3550 3550 3489 3488 3552 3550 3549 3549 3551 3552 3489 3550 3552 3552 3491 3489 3556 3553 3554 3554 3555 3556 3494 3553 3556 3556 3495 3494 3558 3556 3555 3555 3557 3558 3495 3556 3558 3558 3559 3495 3495 3559 3499 3499 3496 3495 3512 3559 3558 3558 3560 3512 3499 3559 3512 3512 3510 3499 3561 3560 3558 3558 3557 3561 3515 3560 3561 3561 3562 3515 3512 3560 3515 3515 3513 3512 3564 3562 3561 3561 3563 3564 3518 3562 3564 3564 3565 3518 3515 3562 3518 3518 3516 3515 3567 3565 3564 3564 3566 3567 3569 3565 3567 3567 3568 3569 3518 3565 3569 3569 3519 3518 3571 3569 3568 3568 3570 3571 3519 3569 3571 3571 3520 3519 3573 3571 3570 3570 3572 3573 3520 3571 3573 3573 3522 3520 3575 3573 3572 3572 3574 3575 3522 3573 3575 3575 3524 3522 3577 3574 3572 3572 3576 3577 3581 3578 3579 3579 3580 3581 3529 3578 3581 3581 3530 3529 3583 3581 3580 3580 3582 3583 3530 3581 3583 3583 3531 3530 3585 3583 3582 3582 3584 3585 3531 3583 3585 3585 3533 3531 3587 3585 3584 3584 3586 3587 3533 3585 3587 3587 3535 3533 3589 3587 3586 3586 3588 3589 3535 3587 3589 3589 3537 3535 3591 3589 3588 3588 3590 3591 3537 3589 3591 3591 3539 3537 3593 3591 3590 3590 3592 3593 3539 3591 3593 3593 3594 3539 3539 3594 3542 3542 3540 3539 3596 3594 3593 3593 3595 3596 3542 3594 3596 3596 3546 3542 3598 3596 3595 3595 3597 3598 3546 3596 3598 3598 3547 3546 3600 3598 3597 3597 3599 3600 3547 3598 3600 3600 3549 3547 3602 3600 3599 3599 3601 3602 3549 3600 3602 3602 3551 3549 3606 3603 3604 3604 3605 3606 3554 3603 3606 3606 3555 3554 3608 3606 3605 3605 3607 3608 3555 3606 3608 3608 3557 3555 3563 3608 3607 3607 3609 3563 3557 3608 3563 3563 3561 3557 3611 3609 3607 3607 3610 3611 3566 3609 3611 3611 3612 3566 3563 3609 3566 3566 3564 3563 3614 3612 3611 3611 3613 3614 3616 3612 3614 3614 3615 3616 3566 3612 3616 3616 3567 3566 3618 3616 3615 3615 3617 3618 3567 3616 3618 3618 3568 3567 3620 3618 3617 3617 3619 3620 3568 3618 3620 3620 3570 3568 3576 3620 3619 3619 3621 3576 3570 3620 3576 3576 3572 3570 3623 3621 3619 3619 3622 3623 3625 3621 3623 3623 3624 3625 3576 3621 3625 3625 3577 3576 3629 3626 3627 3627 3628 3629 3579 3626 3629 3629 3580 3579 3631 3629 3628 3628 3630 3631 3580 3629 3631 3631 3582 3580 3633 3631 3630 3630 3632 3633 3582 3631 3633 3633 3584 3582 3635 3633 3632 3632 3634 3635 3584 3633 3635 3635 3586 3584 3637 3635 3634 3634 3636 3637 3586 3635 3637 3637 3588 3586 3639 3637 3636 3636 3638 3639 3588 3637 3639 3639 3590 3588 3641 3639 3638 3638 3640 3641 3590 3639 3641 3641 3592 3590 3643 3641 3640 3640 3642 3643 3592 3641 3643 3643 3644 3592 3592 3644 3595 3595 3593 3592 3646 3644 3643 3643 3645 3646 3595 3644 3646 3646 3597 3595 3648 3646 3645 3645 3647 3648 3597 3646 3648 3648 3599 3597 3650 3648 3647 3647 3649 3650 3599 3648 3650 3650 3601 3599 3654 3651 3652 3652 3653 3654 3604 3651 3654 3654 3605 3604 3610 3654 3653 3653 3655 3610 3605 3654 3610 3610 3607 3605 3657 3655 3653 3653 3656 3657 3613 3655 3657 3657 3658 3613 3610 3655 3613 3613 3611 3610 3660 3658 3657 3657 3659 3660 3662 3658 3660 3660 3661 3662 3613 3658 3662 3662 3614 3613 3664 3662 3661 3661 3663 3664 3614 3662 3664 3664 3615 3614 3666 3664 3663 3663 3665 3666 3615 3664 3666 3666 3617 3615 3622 3666 3665 3665 3667 3622 3617 3666 3622 3622 3619 3617 3669 3667 3665 3665 3668 3669 3671 3667 3669 3669 3670 3671 3622 3667 3671 3671 3623 3622 3673 3671 3670 3670 3672 3673 3623 3671 3673 3673 3624 3623 3677 3674 3675 3675 3676 3677 3627 3674 3677 3677 3628 3627 3679 3677 3676 3676 3678 3679 3628 3677 3679 3679 3630 3628 3681 3679 3678 3678 3680 3681 3630 3679 3681 3681 3632 3630 3683 3681 3680 3680 3682 3683 3632 3681 3683 3683 3634 3632 3685 3683 3682 3682 3684 3685 3634 3683 3685 3685 3636 3634 3687 3685 3684 3684 3686 3687 3636 3685 3687 3687 3638 3636 3689 3687 3686 3686 3688 3689 3638 3687 3689 3689 3640 3638 3691 3689 3688 3688 3690 3691 3640 3689 3691 3691 3642 3640 3693 3691 3690 3690 3692 3693 3642 3691 3693 3693 3694 3642 3642 3694 3645 3645 3643 3642 3696 3694 3693 3693 3695 3696 3645 3694 3696 3696 3647 3645 3698 3696 3695 3695 3697 3698 3647 3696 3698 3698 3649 3647 3656 3699 3700 3700 3701 3656 3652 3699 3656 3656 3653 3652 3703 3701 3700 3700 3702 3703 3659 3701 3703 3703 3704 3659 3656 3701 3659 3659 3657 3656 3706 3704 3703 3703 3705 3706 3708 3704 3706 3706 3707 3708 3659 3704 3708 3708 3660 3659 3710 3708 3707 3707 3709 3710 3660 3708 3710 3710 3661 3660 3712 3710 3709 3709 3711 3712 3661 3710 3712 3712 3663 3661 3668 3712 3711 3711 3713 3668 3663 3712 3668 3668 3665 3663 3715 3713 3711 3711 3714 3715 3717 3713 3715 3715 3716 3717 3668 3713 3717 3717 3669 3668 3719 3717 3716 3716 3718 3719 3669 3717 3719 3719 3670 3669 3721 3719 3718 3718 3720 3721 3670 3719 3721 3721 3672 3670 3725 3722 3723 3723 3724 3725 3675 3722 3725 3725 3676 3675 3727 3725 3724 3724 3726 3727 3676 3725 3727 3727 3678 3676 3729 3727 3726 3726 3728 3729 3678 3727 3729 3729 3680 3678 3731 3729 3728 3728 3730 3731 3680 3729 3731 3731 3682 3680 3733 3731 3730 3730 3732 3733 3682 3731 3733 3733 3684 3682 3735 3733 3732 3732 3734 3735 3684 3733 3735 3735 3686 3684 3737 3735 3734 3734 3736 3737 3686 3735 3737 3737 3688 3686 3739 3737 3736 3736 3738 3739 3688 3737 3739 3739 3690 3688 3741 3739 3738 3738 3740 3741 3690 3739 3741 3741 3692 3690 3743 3741 3740 3740 3742 3743 3692 3741 3743 3743 3744 3692 3692 3744 3695 3695 3693 3692 3746 3744 3743 3743 3745 3746 3695 3744 3746 3746 3697 3695 3747 3745 3743 3743 3742 3747 3705 3748 3749 3749 3750 3705 3702 3748 3705 3705 3703 3702 3752 3750 3749 3749 3751 3752 3754 3750 3752 3752 3753 3754 3705 3750 3754 3754 3706 3705 3756 3754 3753 3753 3755 3756 3706 3754 3756 3756 3707 3706 3758 3756 3755 3755 3757 3758 3707 3756 3758 3758 3709 3707 3714 3758 3757 3757 3759 3714 3709 3758 3714 3714 3711 3709 3761 3759 3757 3757 3760 3761 3763 3759 3761 3761 3762 3763 3714 3759 3763 3763 3715 3714 3765 3763 3762 3762 3764 3765 3715 3763 3765 3765 3716 3715 3767 3765 3764 3764 3766 3767 3716 3765 3767 3767 3718 3716 3769 3767 3766 3766 3768 3769 3718 3767 3769 3769 3720 3718 3773 3770 3771 3771 3772 3773 3723 3770 3773 3773 3724 3723 3775 3773 3772 3772 3774 3775 3724 3773 3775 3775 3726 3724 3777 3775 3774 3774 3776 3777 3726 3775 3777 3777 3728 3726 3779 3777 3776 3776 3778 3779 3728 3777 3779 3779 3730 3728 3781 3779 3778 3778 3780 3781 3730 3779 3781 3781 3732 3730 3783 3781 3780 3780 3782 3783 3732 3781 3783 3783 3734 3732 3785 3783 3782 3782 3784 3785 3734 3783 3785 3785 3736 3734 3787 3785 3784 3784 3786 3787 3736 3785 3787 3787 3738 3736 3789 3787 3786 3786 3788 3789 3738 3787 3789 3789 3740 3738 3791 3789 3788 3788 3790 3791 3740 3789 3791 3791 3742 3740 3793 3791 3790 3790 3792 3793 3742 3791 3793 3793 3747 3742 3795 3792 3790 3790 3794 3795 3799 3796 3797 3797 3798 3799 3751 3796 3799 3799 3752 3751 3801 3799 3798 3798 3800 3801 3752 3799 3801 3801 3753 3752 3803 3801 3800 3800 3802 3803 3753 3801 3803 3803 3755 3753 3760 3803 3802 3802 3804 3760 3755 3803 3760 3760 3757 3755 3806 3804 3802 3802 3805 3806 3808 3804 3806 3806 3807 3808 3760 3804 3808 3808 3761 3760 3810 3808 3807 3807 3809 3810 3761 3808 3810 3810 3762 3761 3812 3810 3809 3809 3811 3812 3762 3810 3812 3812 3764 3762 3814 3812 3811 3811 3813 3814 3764 3812 3814 3814 3766 3764 3816 3814 3813 3813 3815 3816 3766 3814 3816 3816 3768 3766 3820 3817 3818 3818 3819 3820 3771 3817 3820 3820 3772 3771 3822 3820 3819 3819 3821 3822 3772 3820 3822 3822 3774 3772 3824 3822 3821 3821 3823 3824 3774 3822 3824 3824 3776 3774 3826 3824 3823 3823 3825 3826 3776 3824 3826 3826 3778 3776 3828 3826 3825 3825 3827 3828 3778 3826 3828 3828 3780 3778 3830 3828 3827 3827 3829 3830 3780 3828 3830 3830 3782 3780 3832 3830 3829 3829 3831 3832 3782 3830 3832 3832 3784 3782 3834 3832 3831 3831 3833 3834 3784 3832 3834 3834 3786 3784 3836 3834 3833 3833 3835 3836 3786 3834 3836 3836 3788 3786 3794 3836 3835 3835 3837 3794 3788 3836 3794 3794 3790 3788 3839 3837 3835 3835 3838 3839 3841 3837 3839 3839 3840 3841 3794 3837 3841 3841 3795 3794 3845 3842 3843 3843 3844 3845 3797 3842 3845 3845 3798 3797 3847 3845 3844 3844 3846 3847 3798 3845 3847 3847 3800 3798 3805 3847 3846 3846 3848 3805 3800 3847 3805 3805 3802 3800 85 3848 3846 3846 86 85 3850 3848 85 85 3849 3850 3805 3848 3850 3850 3806 3805 3852 3850 3849 3849 3851 3852 3806 3850 3852 3852 3807 3806 3854 3852 3851 3851 3853 3854 3807 3852 3854 3854 3809 3807 3856 3854 3853 3853 3855 3856 3809 3854 3856 3856 3811 3809 3858 3856 3855 3855 3857 3858 3811 3856 3858 3858 3813 3811 3860 3858 3857 3857 3859 3860 3813 3858 3860 3860 3815 3813 3864 3861 3862 3862 3863 3864 3818 3861 3864 3864 3819 3818 3865 3864 3863 3863 47 3865 3819 3864 3865 3865 3821 3819 3866 3865 47 47 46 3866 3821 3865 3866 3866 3823 3821 3867 3866 46 46 51 3867 3823 3866 3867 3867 3825 3823 3869 3867 51 51 3868 3869 3825 3867 3869 3869 3827 3825 3871 3869 3868 3868 3870 3871 3827 3869 3871 3871 3829 3827 3873 3871 3870 3870 3872 3873 3829 3871 3873 3873 3831 3829 3875 3873 3872 3872 3874 3875 3831 3873 3875 3875 3833 3831 3838 3875 3874 3874 3876 3838 3833 3875 3838 3838 3835 3833 64 3876 3874 3874 65 64 3877 3876 64 64 63 3877 3838 3876 3877 3877 3839 3838 3879 3877 63 63 3878 3879 3839 3877 3879 3879 3840 3839 89 3880 3881 3881 87 89 3843 3880 89 89 3844 3843 3882 3878 63 63 62 3882 87 3881 3883 3883 88 87 3884 3882 62 62 61 3884 88 3883 3885 3885 3886 88 88 3886 3887 3887 84 88 3889 3886 3885 3885 3888 3889 3887 3886 3889 3889 3890 3887 3887 3890 3851 3851 3849 3887 3892 3890 3889 3889 3891 3892 3851 3890 3892 3892 3853 3851 58 3892 3891 3891 56 58 3853 3892 58 58 3855 3853 3893 3891 3889 3889 3888 3893 56 3891 3893 3893 57 56 3897 3894 3895 3895 3896 3897 3899 3894 3897 3897 3898 3899 3901 3898 3897 3897 3900 3901 3902 3898 3901 3901 49 3902 3899 3898 3902 3902 3903 3899 3904 3902 49 49 48 3904 3903 3902 3904 3904 3905 3903 3905 3904 3863 3863 3862 3905 3863 3904 48 48 47 3863 3907 3901 3900 3900 3906 3907 49 3901 3907 3907 50 49 50 3907 3868 3868 51 50 3868 3907 3906 3906 3870 3868 3909 3906 3900 3900 3908 3909 3870 3906 3909 3909 3872 3870 65 3909 3908 3908 60 65 3872 3909 65 65 3874 3872 60 3908 3896 3896 61 60 3896 3908 3900 3900 3897 3896 61 3896 3895 3895 3884 61 84 3887 3849 3849 85 84 54 3859 3857 3857 55 54 55 3857 3855 3855 58 55 86 3846 3844 3844 89 86 3499 3510 3502 3502 3500 3499 303 3505 2939 2939 304 303 3439 3444 158 158 157 3439 2943 2964 2962 2962 2945 2943 3911 2934 2932 2932 3910 3911 309 2934 3911 3911 307 309 3913 3911 3910 3910 3912 3913 307 3911 3913 3913 308 307 3915 3913 3912 3912 3914 3915 308 3913 3915 3915 3916 308 3918 3916 3915 3915 3917 3918 281 3916 3918 3918 3919 281 308 3916 281 281 278 308 3921 3919 3918 3918 3920 3921 3923 3919 3921 3921 3922 3923 281 3919 3923 3923 282 281 3927 3924 3925 3925 3926 3927 279 3924 3927 3927 280 279 3929 3927 3926 3926 3928 3929 280 3927 3929 3929 298 280 3931 3929 3928 3928 3930 3931 298 3929 3931 3931 295 298 3933 3931 3930 3930 3932 3933 295 3931 3933 3933 296 295 3935 3933 3932 3932 3934 3935 296 3933 3935 3935 3936 296 296 3936 3937 3937 297 296 3939 3936 3935 3935 3938 3939 3937 3936 3939 3939 3940 3937 3937 3940 3941 3941 3942 3937 3944 3940 3939 3939 3943 3944 3941 3940 3944 3944 3945 3941 3941 3945 2918 2918 2916 3941 3947 3945 3944 3944 3946 3947 2918 3945 3947 3947 2920 2918 3949 3947 3946 3946 3948 3949 2920 3947 3949 3949 2922 2920 3951 3949 3948 3948 3950 3951 2922 3949 3951 3951 2924 2922 3953 3951 3950 3950 3952 3953 2924 3951 3953 3953 2926 2924 3955 3953 3952 3952 3954 3955 2926 3953 3955 3955 2928 2926 3957 3955 3954 3954 3956 3957 2928 3955 3957 3957 2930 2928 3910 3957 3956 3956 3912 3910 2930 3957 3910 3910 2932 2930 3959 3956 3954 3954 3958 3959 3912 3956 3959 3959 3914 3912 3961 3959 3958 3958 3960 3961 3914 3959 3961 3961 3962 3914 3964 3962 3961 3961 3963 3964 3917 3962 3964 3964 3965 3917 3914 3962 3917 3917 3915 3914 3967 3965 3964 3964 3966 3967 3920 3965 3967 3967 3968 3920 3917 3965 3920 3920 3918 3917 3970 3968 3967 3967 3969 3970 3972 3968 3970 3970 3971 3972 3920 3968 3972 3972 3921 3920 3974 3972 3971 3971 3973 3974 3921 3972 3974 3974 3922 3921 3978 3975 3976 3976 3977 3978 3925 3975 3978 3978 3926 3925 3980 3978 3977 3977 3979 3980 3926 3978 3980 3980 3928 3926 3982 3980 3979 3979 3981 3982 3928 3980 3982 3982 3930 3928 3984 3982 3981 3981 3983 3984 3930 3982 3984 3984 3932 3930 3986 3984 3983 3983 3985 3986 3932 3984 3986 3986 3934 3932 3988 3986 3985 3985 3987 3988 3934 3986 3988 3988 3989 3934 3934 3989 3938 3938 3935 3934 3991 3989 3988 3988 3990 3991 3938 3989 3991 3991 3992 3938 3938 3992 3943 3943 3939 3938 3994 3992 3991 3991 3993 3994 3943 3992 3994 3994 3995 3943 3943 3995 3946 3946 3944 3943 3997 3995 3994 3994 3996 3997 3946 3995 3997 3997 3948 3946 3999 3997 3996 3996 3998 3999 3948 3997 3999 3999 3950 3948 4001 3999 3998 3998 4000 4001 3950 3999 4001 4001 3952 3950 3958 4001 4000 4000 3960 3958 3952 4001 3958 3958 3954 3952 4003 4000 3998 3998 4002 4003 3960 4000 4003 4003 4004 3960 4006 4004 4003 4003 4005 4006 3963 4004 4006 4006 4007 3963 3960 4004 3963 3963 3961 3960 4009 4007 4006 4006 4008 4009 3966 4007 4009 4009 4010 3966 3963 4007 3966 3966 3964 3963 4012 4010 4009 4009 4011 4012 3969 4010 4012 4012 4013 3969 3966 4010 3969 3969 3967 3966 4015 4013 4012 4012 4014 4015 4017 4013 4015 4015 4016 4017 3969 4013 4017 4017 3970 3969 4019 4017 4016 4016 4018 4019 3970 4017 4019 4019 3971 3970 4021 4019 4018 4018 4020 4021 3971 4019 4021 4021 3973 3971 4025 4022 4023 4023 4024 4025 3976 4022 4025 4025 3977 3976 4027 4025 4024 4024 4026 4027 3977 4025 4027 4027 3979 3977 4029 4027 4026 4026 4028 4029 3979 4027 4029 4029 3981 3979 4031 4029 4028 4028 4030 4031 3981 4029 4031 4031 3983 3981 4033 4031 4030 4030 4032 4033 3983 4031 4033 4033 3985 3983 4035 4033 4032 4032 4034 4035 3985 4033 4035 4035 3987 3985 4037 4035 4034 4034 4036 4037 3987 4035 4037 4037 4038 3987 3987 4038 3990 3990 3988 3987 4040 4038 4037 4037 4039 4040 3990 4038 4040 4040 4041 3990 3990 4041 3993 3993 3991 3990 4043 4041 4040 4040 4042 4043 3993 4041 4043 4043 4044 3993 3993 4044 3996 3996 3994 3993 4002 4044 4043 4043 4045 4002 3996 4044 4002 4002 3998 3996 4046 4045 4043 4043 4042 4046 4005 4045 4046 4046 4047 4005 4002 4045 4005 4005 4003 4002 4049 4047 4046 4046 4048 4049 4008 4047 4049 4049 4050 4008 4005 4047 4008 4008 4006 4005 4052 4050 4049 4049 4051 4052 4011 4050 4052 4052 4053 4011 4008 4050 4011 4011 4009 4008 4055 4053 4052 4052 4054 4055 4014 4053 4055 4055 4056 4014 4011 4053 4014 4014 4012 4011 4058 4056 4055 4055 4057 4058 4060 4056 4058 4058 4059 4060 4014 4056 4060 4060 4015 4014 4062 4060 4059 4059 4061 4062 4015 4060 4062 4062 4016 4015 4064 4062 4061 4061 4063 4064 4016 4062 4064 4064 4018 4016 4066 4064 4063 4063 4065 4066 4018 4064 4066 4066 4020 4018 4070 4067 4068 4068 4069 4070 4023 4067 4070 4070 4024 4023 4072 4070 4069 4069 4071 4072 4024 4070 4072 4072 4026 4024 4074 4072 4071 4071 4073 4074 4026 4072 4074 4074 4028 4026 4076 4074 4073 4073 4075 4076 4028 4074 4076 4076 4030 4028 4078 4076 4075 4075 4077 4078 4030 4076 4078 4078 4032 4030 4080 4078 4077 4077 4079 4080 4032 4078 4080 4080 4034 4032 4082 4080 4079 4079 4081 4082 4034 4080 4082 4082 4036 4034 4084 4082 4081 4081 4083 4084 4036 4082 4084 4084 4085 4036 4036 4085 4039 4039 4037 4036 4087 4085 4084 4084 4086 4087 4039 4085 4087 4087 4088 4039 4039 4088 4042 4042 4040 4039 4048 4088 4087 4087 4089 4048 4042 4088 4048 4048 4046 4042 4090 4089 4087 4087 4086 4090 4051 4089 4090 4090 4091 4051 4048 4089 4051 4051 4049 4048 4093 4091 4090 4090 4092 4093 4054 4091 4093 4093 4094 4054 4051 4091 4054 4054 4052 4051 4096 4094 4093 4093 4095 4096 4057 4094 4096 4096 4097 4057 4054 4094 4057 4057 4055 4054 4099 4097 4096 4096 4098 4099 4101 4097 4099 4099 4100 4101 4057 4097 4101 4101 4058 4057 4103 4101 4100 4100 4102 4103 4058 4101 4103 4103 4059 4058 4105 4103 4102 4102 4104 4105 4059 4103 4105 4105 4061 4059 4107 4105 4104 4104 4106 4107 4061 4105 4107 4107 4063 4061 4109 4107 4106 4106 4108 4109 4063 4107 4109 4109 4065 4063 4113 4110 4111 4111 4112 4113 4068 4110 4113 4113 4069 4068 4115 4113 4112 4112 4114 4115 4069 4113 4115 4115 4071 4069 4117 4115 4114 4114 4116 4117 4071 4115 4117 4117 4073 4071 4119 4117 4116 4116 4118 4119 4073 4117 4119 4119 4075 4073 4121 4119 4118 4118 4120 4121 4075 4119 4121 4121 4077 4075 4123 4121 4120 4120 4122 4123 4077 4121 4123 4123 4079 4077 4125 4123 4122 4122 4124 4125 4079 4123 4125 4125 4081 4079 4127 4125 4124 4124 4126 4127 4081 4125 4127 4127 4083 4081 4129 4127 4126 4126 4128 4129 4083 4127 4129 4129 4130 4083 4083 4130 4086 4086 4084 4083 4092 4130 4129 4129 4131 4092 4086 4130 4092 4092 4090 4086 4132 4131 4129 4129 4128 4132 4095 4131 4132 4132 4133 4095 4092 4131 4095 4095 4093 4092 4135 4133 4132 4132 4134 4135 4098 4133 4135 4135 4136 4098 4095 4133 4098 4098 4096 4095 4138 4136 4135 4135 4137 4138 4140 4136 4138 4138 4139 4140 4098 4136 4140 4140 4099 4098 4142 4140 4139 4139 4141 4142 4099 4140 4142 4142 4100 4099 4144 4142 4141 4141 4143 4144 4100 4142 4144 4144 4102 4100 4146 4144 4143 4143 4145 4146 4102 4144 4146 4146 4104 4102 4148 4146 4145 4145 4147 4148 4104 4146 4148 4148 4106 4104 4150 4148 4147 4147 4149 4150 4106 4148 4150 4150 4108 4106 4154 4151 4152 4152 4153 4154 4111 4151 4154 4154 4112 4111 4156 4154 4153 4153 4155 4156 4112 4154 4156 4156 4114 4112 4158 4156 4155 4155 4157 4158 4114 4156 4158 4158 4116 4114 4160 4158 4157 4157 4159 4160 4116 4158 4160 4160 4118 4116 4162 4160 4159 4159 4161 4162 4118 4160 4162 4162 4120 4118 4164 4162 4161 4161 4163 4164 4120 4162 4164 4164 4122 4120 4166 4164 4163 4163 4165 4166 4122 4164 4166 4166 4124 4122 4168 4166 4165 4165 4167 4168 4124 4166 4168 4168 4126 4124 4170 4168 4167 4167 4169 4170 4126 4168 4170 4170 4128 4126 4134 4170 4169 4169 4171 4134 4128 4170 4134 4134 4132 4128 4173 4171 4169 4169 4172 4173 4137 4171 4173 4173 4174 4137 4134 4171 4137 4137 4135 4134 4176 4174 4173 4173 4175 4176 4177 4174 4176 4176 120 4177 4137 4174 4177 4177 4138 4137 4178 4177 120 120 117 4178 4138 4177 4178 4178 4139 4138 4179 4178 117 117 116 4179 4139 4178 4179 4179 4141 4139 4181 4179 116 116 4180 4181 4141 4179 4181 4181 4143 4141 4183 4181 4180 4180 4182 4183 4143 4181 4183 4183 4145 4143 4184 4183 4182 4182 103 4184 4145 4183 4184 4184 4147 4145 4185 4184 103 103 102 4185 4147 4184 4185 4185 4149 4147 4187 4186 100 100 99 4187 4152 4186 4187 4187 4153 4152 4189 4187 99 99 4188 4189 4153 4187 4189 4189 4155 4153 4191 4189 4188 4188 4190 4191 4155 4189 4191 4191 4157 4155 4193 4191 4190 4190 4192 4193 4157 4191 4193 4193 4159 4157 112 4193 4192 4192 108 112 4159 4193 112 112 4161 4159 4195 4192 4190 4190 4194 4195 108 4192 4195 4195 109 108 4199 4196 4197 4197 4198 4199 109 4196 4199 4199 4200 109 109 4200 4201 4201 110 109 4202 4200 4199 4199 96 4202 4201 4200 4202 4202 4203 4201 4201 4203 4172 4172 4204 4201 4175 4203 4202 4202 4205 4175 4172 4203 4175 4175 4173 4172 95 4205 4202 4202 96 95 4206 4205 95 95 94 4206 4175 4205 4206 4206 4176 4175 118 4206 94 94 119 118 4176 4206 118 118 120 4176 113 4204 4167 4167 4165 113 4201 4204 113 113 110 4201 4167 4204 4172 4172 4169 4167 96 4199 4198 4198 91 96 4208 4198 4197 4197 4207 4208 91 4198 4208 4208 92 91 105 4208 4207 4207 106 105 92 4208 105 105 4209 92 4212 4209 4210 4210 4211 4212 92 4209 4212 4212 93 92 4210 4209 105 105 104 4210 119 4212 4211 4211 115 119 93 4212 119 119 94 93 115 4211 4180 4180 116 115 4180 4211 4210 4210 4182 4180 4182 4210 104 104 103 4182 98 4213 4188 4188 99 98 4188 4213 4194 4194 4190 4188 113 4165 4163 4163 111 113 111 4163 4161 4161 112 111 302 3942 2914 2914 2912 302 3937 3942 302 302 297 3937 2914 3942 3941 3941 2916 2914 302 2912 2911 2911 300 302 300 2911 2910 2910 301 300 261 2890 2888 2888 257 261 286 2879 2741 2741 287 286 170 2872 2871 2871 4214 170 4216 4214 2871 2871 4215 4216 130 4214 4216 4216 125 130 170 4214 130 130 166 170 4218 4216 4215 4215 4217 4218 125 4216 4218 4218 126 125 4220 4218 4217 4217 4219 4220 126 4218 4220 4220 4221 126 4223 4221 4220 4220 4222 4223 4225 4221 4223 4223 4224 4225 126 4221 4225 4225 122 126 4227 4225 4224 4224 4226 4227 122 4225 4227 4227 123 122 4229 4227 4226 4226 4228 4229 123 4227 4229 4229 4230 123 123 4230 4231 4231 124 123 4235 4232 4233 4233 4234 4235 4237 4232 4235 4235 4236 4237 4237 4236 174 174 173 4237 235 4236 4235 4235 4238 235 174 4236 235 235 234 174 4239 4238 4235 4235 4234 4239 4241 4238 4239 4239 4240 4241 235 4238 4241 4241 229 235 4243 4241 4240 4240 4242 4243 229 4241 4243 4243 230 229 4245 4243 4242 4242 4244 4245 230 4243 4245 4245 4246 230 230 4246 4247 4247 231 230 4249 4246 4245 4245 4248 4249 4247 4246 4249 4249 4250 4247 4247 4250 4251 4251 4252 4247 2858 4253 4254 4254 4255 2858 4256 4253 2858 2858 2856 4256 4258 4255 4254 4254 4257 4258 2861 4255 4258 4258 4259 2861 2858 4255 2861 2861 2859 2858 4261 4259 4258 4258 4260 4261 4263 4259 4261 4261 4262 4263 2861 4259 4263 4263 2862 2861 4265 4263 4262 4262 4264 4265 2862 4263 4265 4265 2863 2862 4267 4265 4264 4264 4266 4267 2863 4265 4267 4267 2865 2863 4269 4267 4266 4266 4268 4269 2865 4267 4269 4269 2867 2865 4217 4269 4268 4268 4219 4217 2867 4269 4217 4217 4215 2867 4271 4268 4266 4266 4270 4271 4219 4268 4271 4271 4272 4219 4274 4272 4271 4271 4273 4274 4222 4272 4274 4274 4275 4222 4219 4272 4222 4222 4220 4219 4277 4275 4274 4274 4276 4277 4279 4275 4277 4277 4278 4279 4222 4275 4279 4279 4223 4222 4281 4279 4278 4278 4280 4281 4223 4279 4281 4281 4224 4223 4283 4281 4280 4280 4282 4283 4224 4281 4283 4283 4226 4224 4285 4283 4282 4282 4284 4285 4226 4283 4285 4285 4228 4226 4289 4286 4287 4287 4288 4289 4291 4286 4289 4289 4290 4291 4291 4290 4234 4234 4233 4291 4293 4290 4289 4289 4292 4293 4234 4290 4293 4293 4239 4234 4295 4293 4292 4292 4294 4295 4239 4293 4295 4295 4240 4239 4297 4295 4294 4294 4296 4297 4240 4295 4297 4297 4242 4240 4299 4297 4296 4296 4298 4299 4242 4297 4299 4299 4244 4242 4301 4299 4298 4298 4300 4301 4244 4299 4301 4301 4302 4244 4244 4302 4248 4248 4245 4244 4260 4303 4304 4304 4305 4260 4257 4303 4260 4260 4258 4257 4307 4305 4304 4304 4306 4307 4309 4305 4307 4307 4308 4309 4260 4305 4309 4309 4261 4260 4311 4309 4308 4308 4310 4311 4261 4309 4311 4311 4262 4261 4313 4311 4310 4310 4312 4313 4262 4311 4313 4313 4264 4262 4270 4313 4312 4312 4314 4270 4264 4313 4270 4270 4266 4264 4316 4314 4312 4312 4315 4316 4273 4314 4316 4316 4317 4273 4270 4314 4273 4273 4271 4270 4319 4317 4316 4316 4318 4319 4276 4317 4319 4319 4320 4276 4273 4317 4276 4276 4274 4273 4322 4320 4319 4319 4321 4322 4324 4320 4322 4322 4323 4324 4276 4320 4324 4324 4277 4276 4326 4324 4323 4323 4325 4326 4277 4324 4326 4326 4278 4277 4328 4326 4325 4325 4327 4328 4278 4326 4328 4328 4280 4278 4330 4328 4327 4327 4329 4330 4280 4328 4330 4330 4282 4280 4332 4330 4329 4329 4331 4332 4282 4330 4332 4332 4284 4282 4336 4333 4334 4334 4335 4336 4287 4333 4336 4336 4288 4287 4338 4336 4335 4335 4337 4338 4288 4336 4338 4338 4339 4288 4288 4339 4292 4292 4289 4288 4341 4339 4338 4338 4340 4341 4292 4339 4341 4341 4294 4292 4343 4341 4340 4340 4342 4343 4294 4341 4343 4343 4296 4294 4345 4343 4342 4342 4344 4345 4296 4343 4345 4345 4298 4296 4347 4345 4344 4344 4346 4347 4298 4345 4347 4347 4300 4298 4351 4348 4349 4349 4350 4351 4306 4348 4351 4351 4307 4306 4353 4351 4350 4350 4352 4353 4307 4351 4353 4353 4308 4307 4355 4353 4352 4352 4354 4355 4308 4353 4355 4355 4310 4308 4315 4355 4354 4354 4356 4315 4310 4355 4315 4315 4312 4310 4358 4356 4354 4354 4357 4358 4318 4356 4358 4358 4359 4318 4315 4356 4318 4318 4316 4315 4361 4359 4358 4358 4360 4361 4321 4359 4361 4361 4362 4321 4318 4359 4321 4321 4319 4318 4364 4362 4361 4361 4363 4364 4366 4362 4364 4364 4365 4366 4321 4362 4366 4366 4322 4321 4368 4366 4365 4365 4367 4368 4322 4366 4368 4368 4323 4322 4370 4368 4367 4367 4369 4370 4323 4368 4370 4370 4325 4323 4372 4370 4369 4369 4371 4372 4325 4370 4372 4372 4327 4325 4374 4372 4371 4371 4373 4374 4327 4372 4374 4374 4329 4327 4376 4374 4373 4373 4375 4376 4329 4374 4376 4376 4331 4329 4380 4377 4378 4378 4379 4380 4334 4377 4380 4380 4335 4334 4382 4380 4379 4379 4381 4382 4335 4380 4382 4382 4337 4335 4384 4382 4381 4381 4383 4384 4337 4382 4384 4384 4385 4337 4337 4385 4340 4340 4338 4337 4387 4385 4384 4384 4386 4387 4340 4385 4387 4387 4342 4340 4389 4387 4386 4386 4388 4389 4342 4387 4389 4389 4344 4342 4391 4389 4388 4388 4390 4391 4344 4389 4391 4391 4346 4344 4395 4392 4393 4393 4394 4395 4349 4392 4395 4395 4350 4349 4397 4395 4394 4394 4396 4397 4350 4395 4397 4397 4352 4350 4357 4397 4396 4396 4398 4357 4352 4397 4357 4357 4354 4352 4400 4398 4396 4396 4399 4400 4360 4398 4400 4400 4401 4360 4357 4398 4360 4360 4358 4357 4403 4401 4400 4400 4402 4403 4363 4401 4403 4403 4404 4363 4360 4401 4363 4363 4361 4360 4406 4404 4403 4403 4405 4406 4408 4404 4406 4406 4407 4408 4363 4404 4408 4408 4364 4363 4410 4408 4407 4407 4409 4410 4364 4408 4410 4410 4365 4364 4412 4410 4409 4409 4411 4412 4365 4410 4412 4412 4367 4365 4414 4412 4411 4411 4413 4414 4367 4412 4414 4414 4369 4367 4416 4414 4413 4413 4415 4416 4369 4414 4416 4416 4371 4369 4418 4416 4415 4415 4417 4418 4371 4416 4418 4418 4373 4371 4420 4418 4417 4417 4419 4420 4373 4418 4420 4420 4375 4373 4424 4421 4422 4422 4423 4424 4378 4421 4424 4424 4379 4378 4426 4424 4423 4423 4425 4426 4379 4424 4426 4426 4381 4379 4428 4426 4425 4425 4427 4428 4381 4426 4428 4428 4383 4381 4430 4428 4427 4427 4429 4430 4383 4428 4430 4430 4431 4383 4383 4431 4386 4386 4384 4383 4433 4431 4430 4430 4432 4433 4386 4431 4433 4433 4388 4386 4435 4433 4432 4432 4434 4435 4388 4433 4435 4435 4390 4388 4439 4436 4437 4437 4438 4439 4393 4436 4439 4439 4394 4393 4399 4439 4438 4438 4440 4399 4394 4439 4399 4399 4396 4394 4442 4440 4438 4438 4441 4442 4402 4440 4442 4442 4443 4402 4399 4440 4402 4402 4400 4399 4445 4443 4442 4442 4444 4445 4405 4443 4445 4445 4446 4405 4402 4443 4405 4405 4403 4402 4448 4446 4445 4445 4447 4448 4450 4446 4448 4448 4449 4450 4405 4446 4450 4450 4406 4405 4452 4450 4449 4449 4451 4452 4406 4450 4452 4452 4407 4406 4454 4452 4451 4451 4453 4454 4407 4452 4454 4454 4409 4407 4456 4454 4453 4453 4455 4456 4409 4454 4456 4456 4411 4409 4458 4456 4455 4455 4457 4458 4411 4456 4458 4458 4413 4411 4460 4458 4457 4457 4459 4460 4413 4458 4460 4460 4415 4413 4462 4460 4459 4459 4461 4462 4415 4460 4462 4462 4417 4415 4464 4462 4461 4461 4463 4464 4417 4462 4464 4464 4419 4417 4468 4465 4466 4466 4467 4468 4422 4465 4468 4468 4423 4422 4470 4468 4467 4467 4469 4470 4423 4468 4470 4470 4425 4423 4472 4470 4469 4469 4471 4472 4425 4470 4472 4472 4427 4425 4474 4472 4471 4471 4473 4474 4427 4472 4474 4474 4429 4427 4476 4474 4473 4473 4475 4476 4429 4474 4476 4476 4477 4429 4429 4477 4432 4432 4430 4429 4479 4477 4476 4476 4478 4479 4432 4477 4479 4479 4434 4432 4441 4480 4481 4481 4482 4441 4437 4480 4441 4441 4438 4437 4484 4482 4481 4481 4483 4484 4444 4482 4484 4484 4485 4444 4441 4482 4444 4444 4442 4441 4487 4485 4484 4484 4486 4487 4447 4485 4487 4487 4488 4447 4444 4485 4447 4447 4445 4444 4490 4488 4487 4487 4489 4490 4492 4488 4490 4490 4491 4492 4447 4488 4492 4492 4448 4447 4494 4492 4491 4491 4493 4494 4448 4492 4494 4494 4449 4448 4496 4494 4493 4493 4495 4496 4449 4494 4496 4496 4451 4449 4498 4496 4495 4495 4497 4498 4451 4496 4498 4498 4453 4451 4500 4498 4497 4497 4499 4500 4453 4498 4500 4500 4455 4453 4502 4500 4499 4499 4501 4502 4455 4500 4502 4502 4457 4455 4504 4502 4501 4501 4503 4504 4457 4502 4504 4504 4459 4457 4506 4504 4503 4503 4505 4506 4459 4504 4506 4506 4461 4459 4508 4506 4505 4505 4507 4508 4461 4506 4508 4508 4463 4461 4512 4509 4510 4510 4511 4512 4466 4509 4512 4512 4467 4466 4514 4512 4511 4511 4513 4514 4467 4512 4514 4514 4469 4467 4516 4514 4513 4513 4515 4516 4469 4514 4516 4516 4471 4469 4518 4516 4515 4515 4517 4518 4471 4516 4518 4518 4473 4471 4520 4518 4517 4517 4519 4520 4473 4518 4520 4520 4475 4473 4522 4520 4519 4519 4521 4522 4475 4520 4522 4522 4523 4475 4486 4524 4525 4525 4526 4486 4483 4524 4486 4486 4484 4483 4528 4526 4525 4525 4527 4528 4489 4526 4528 4528 4529 4489 4486 4526 4489 4489 4487 4486 4531 4529 4528 4528 4530 4531 4533 4529 4531 4531 4532 4533 4489 4529 4533 4533 4490 4489 4535 4533 4532 4532 4534 4535 4490 4533 4535 4535 4491 4490 4537 4535 4534 4534 4536 4537 4491 4535 4537 4537 4493 4491 4539 4537 4536 4536 4538 4539 4493 4537 4539 4539 4495 4493 4541 4539 4538 4538 4540 4541 4495 4539 4541 4541 4497 4495 4543 4541 4540 4540 4542 4543 4497 4541 4543 4543 4499 4497 4545 4543 4542 4542 4544 4545 4499 4543 4545 4545 4501 4499 4547 4545 4544 4544 4546 4547 4501 4545 4547 4547 4503 4501 4549 4547 4546 4546 4548 4549 4503 4547 4549 4549 4505 4503 4551 4549 4548 4548 4550 4551 4505 4549 4551 4551 4507 4505 4555 4552 4553 4553 4554 4555 4510 4552 4555 4555 4511 4510 4557 4555 4554 4554 4556 4557 4511 4555 4557 4557 4513 4511 4559 4557 4556 4556 4558 4559 4513 4557 4559 4559 4515 4513 4561 4559 4558 4558 4560 4561 4515 4559 4561 4561 4517 4515 4563 4561 4560 4560 4562 4563 4517 4561 4563 4563 4519 4517 4565 4563 4562 4562 4564 4565 4519 4563 4565 4565 4521 4519 4567 4564 4562 4562 4566 4567 4530 4568 4569 4569 4570 4530 4527 4568 4530 4530 4528 4527 68 4570 4569 4569 69 68 4572 4570 68 68 4571 4572 4530 4570 4572 4572 4531 4530 4574 4572 4571 4571 4573 4574 4531 4572 4574 4574 4532 4531 35 4574 4573 4573 36 35 4532 4574 35 35 4534 4532 4576 4573 4571 4571 4575 4576 36 4573 4576 4576 37 36 4578 4576 4575 4575 4577 4578 37 4576 4578 4578 4579 37 37 4579 4580 4580 32 37 40 4579 4578 4578 41 40 4580 4579 40 40 4581 4580 4580 4581 4582 4582 4583 4580 4584 4581 40 40 39 4584 4582 4581 4584 4584 4585 4582 4582 4585 4544 4544 4542 4582 4587 4585 4584 4584 4586 4587 4544 4585 4587 4587 4546 4544 4589 4587 4586 4586 4588 4589 4546 4587 4589 4589 4548 4546 4591 4589 4588 4588 4590 4591 4548 4589 4591 4591 4550 4548 4592 4588 4586 4586 44 4592 4590 4588 4592 4592 4593 4590 4594 4592 44 44 43 4594 4593 4592 4594 4594 4595 4593 81 4596 4597 4597 77 81 4599 4595 4594 4594 4598 4599 4597 4596 4600 4600 4601 4597 4597 4601 4602 4602 4603 4597 74 4601 4600 4600 75 74 4602 4601 74 74 4566 4602 78 4603 4558 4558 4556 78 4597 4603 78 78 77 4597 4558 4603 4602 4602 4560 4558 4560 4602 4566 4566 4562 4560 70 4599 4598 4598 71 70 42 4598 4594 4594 43 42 71 4598 42 42 4577 71 44 4586 4584 4584 39 44 33 4583 4540 4540 4538 33 4580 4583 33 33 32 4580 4540 4583 4582 4582 4542 4540 41 4578 4577 4577 42 41 71 4577 4575 4575 67 71 67 4575 4571 4571 68 67 73 4567 4566 4566 74 73 78 4556 4554 4554 79 78 79 4554 4553 4553 82 79 33 4538 4536 4536 34 33 34 4536 4534 4534 35 34 4475 4523 4478 4478 4476 4475 232 4252 4604 4604 4605 232 4247 4252 232 232 231 4247 4604 4252 4251 4251 4606 4604 4604 4606 4607 4607 4608 4604 2854 4609 4256 4256 2856 2854 2851 4609 2854 2854 2852 2851 4610 4608 2847 2847 2838 4610 4604 4608 4610 4610 4605 4604 2847 4608 4607 4607 2848 2847 2835 4610 2838 2838 2836 2835 4605 4610 2835 2835 4611 4605 2832 4611 2835 2835 2833 2832 233 4611 2832 2832 236 233 4605 4611 233 233 232 4605 124 4231 180 180 127 124 2867 4215 2871 2871 2868 2867 2838 2847 2841 2841 2839 2838 236 2832 2830 2830 2829 236 2717 2724 2720 2720 2718 2717 327 2625 2196 2196 328 327 4613 2608 4612 4612 2188 4613 2605 2608 4613 4613 2606 2605 4612 2608 332 332 331 4612 2185 4613 2188 2188 2186 2185 2606 4613 2185 2185 4614 2606 2182 4614 2185 2185 2183 2182 338 4614 2182 2182 341 338 2606 4614 338 338 337 2606 2188 4612 2191 2191 2189 2188 2191 4612 331 331 330 2191 2290 2594 2293 2293 2291 2290 1547 1553 1550 1550 1548 1547 1427 1433 1430 1430 1428 1427 346 4615 1134 1134 1133 346 1246 4615 346 346 345 1246 1137 1254 1253 1253 1138 1137 1198 1204 1201 1201 1199 1198 346 1133 1132 1132 347 346 355 709 707 707 356 355 357 704 703 703 358 357 545 552 549 549 546 545 363 548 462 462 364 363 462 548 465 465 463 462 370 498 435 435 373 370 373 433 432 432 371 373 280 298 272 272 269 280 234 238 175 175 174 234 153 225 224 224 151 153 151 224 223 223 152 151 182 187 186 186 183 182 129 167 166 166 130 129 149 162 161 161 150 149 150 161 160 160 153 150 </p>
        </polylist>
      </mesh>
    </geometry>
  </library_geometries>
  <library_visual_scenes>
    <visual_scene id="root" name="root">
      <node id="Skin_Hand" name="Skin_Hand">
        <matrix>1 0 0 0 0 1 0 0 0 0 1 0 0 0 0 1</matrix>
        <instance_geometry url="#meshId0">
          <bind_material>
            <technique_common>
              <instance_material symbol="defaultMaterial" target="#Skin_Hand_001" />
            </technique_common>
          </bind_material>
        </instance_geometry>
      </node>
    </visual_scene>
  </library_visual_scenes>
  <scene>
    <instance_visual_scene url="#root" />
  </scene>
</COLLADA>
